09ac209c7edf99ed92bb1084486737efc1315af4	1286907630	1	American Ninja 5
1bcb1044047da1224ed96238085ac95e5148a571	40745243	1	华南小叶璇性感妹子和兔女郎装扮闺蜜一起玩，大白美乳舔弄无毛粉穴假屌抽插互玩
27ba51c0bf5644505ed9a556c4672eec593ab892	382485132	14	Korn_-_Eagle_ballroom_Milwaukee(1995-07-28)
4431efaccadd05dca6e20f58070e1fab14331417	10403247442	3	Inuyasha - Toki o Koeru Omoi
496a776b0a59ab3ebe96330ad72a528985d47142	587066700	1	Road Trip 1x01 (HDTV)
4eed95c091257ec00a93bd4cd6e8b51d3fe1288e	15807291	1	做小三的性感妹子春心荡漾等待情夫到来进屋就按倒缠绵热吻互舔还用手机拍叫声动作很有撸点
588f05b5c5f9149828723ecb66c77d6c537338e1	12021585	22	[Tairame] Keisukekunchi no Stalker Keisuke-kun's House Stalker (COMIC Anthurium 035 2016-03) [English] [Noraneko]
66251c3fa4c1d3bb8397b77a2282361f126f24bc	38483508	1	公子哥有钱就玩高级货色身材高挑体态匀称气质空姐兼职外围女前戏跳艳舞勾引口活厉害啪啪啪说你好棒好棒
7a66d24e4ec125c48c2d0afb51e03b863ef01f7d	44145418	1	【我和我的女友】跟外围女谈出感情了，俩人在酒店嬉戏打闹，舔穴舌吻玩得好欢乐
82bc6648c9561d0bfefce195ffaccd7b503c5c08	84202187	1	绿奴看着老婆被情人内射
8404fb64c5c5e494a73b0e59c1729d0acf09c564	576956416	1	На твоей стороне.s01-s02.(2019).WEBRip.by.Nicodem.Files-x
93bd18a3ddedcbbe7161c094b88987595cc9226b	33157931	1	纯情小学妹潘雅琪，居家自慰，胸还在发育，洗澡摸逼逼，拔胸毛，完整版50P10V!
a488c946466bf57ab4c49b4161cb6f456a68c415	94968270	1	【AI高清2K修复】小七小天探花再约性感骚气眼镜妹子啪啪，开档黑丝近距离拍摄抬腿侧入抱起来猛操
a4412c83d45d0104c927dde2dab0d68405eb9fe3	64278086	1	极品翘臀美少妇榨干你精液一副永远也满足不了的骚样儿圆润丰满的翘臀做到大鸡吧上摇呀摇叫床声更是一绝
a69c6cb124670546afac06f7f6fff75501b3133e	23159114	1	【专搞良家】老哥约了个少妇上门啪啪，口交搞硬沙发上大力猛操
bfd62272a49f8759791050d880852c2ee123a076	27785301	1	邀请素质单男一起来搞良家美妻，性感光亮丝袜，大大增加了性趣，单男很卖力，肏得漂亮人妻高潮不止！
c45c81d84b9a68b7f77f8ba09580275cabb86e51	37742526	1	艺校长相甜美的长发美眉住所豪放脱光衣服自拍 馒头小鲍鱼真够粉嫩的
d3797808589f3edd542dec837520abf09564f8bb	24332009	1	一坊新人风骚御姐主播妮子灬 一多自慰大秀 身材很惹火 自慰抠穴好湿
e00b9a687e586d0042a1f2476b5187d9e11a53ff	13942405	1	骚货女和男人自拍干逼视频，吸屌露脸淫荡骚气
e2257857ef73160bd9ec15186e81d1b72f92901d	37749879	1	棚户区出租屋站街女暗拍不知死活的粗鲁嫖哥和小胖妹玩69
