0310cdd64154bbbe0ea945e6927a7e06f33523cf	32364051	1	最新流出【SPA阴道按摩】三个白嫩闺蜜过来做全身按摩 兴起之时性战群芳 狂操众嫩鲍挨个操 无套内射
04a9574d73e6a613c6dd52c13fd9efa2bee4b6fa	790467005	1	“喜欢撅着吗 你别射里头就行”对白淫荡精彩独守空房的露脸丰满人妻去她家里操她这人妻真的很骚
05fb984ba615cba9b1ee80cc0b419dea1a559793	38996954	1	维拉高颜值美女玄子激情热舞系列18部合集 模特身材大尺度全开很是诱惑
098112873ceeaa0b0b910c2aff455b2529c3e482	26244674	1	时尚气质美女主播大胸小可爱 约了个纹身小哥哥直播肏逼 骚到淫水直喷
0b3cbd694ec8609a368e9ad56f74c6467a33ca42	77832260	1	超级极品高颜小母狗[涵菱]完美露脸22v福利视频
0c088d95298b59225ef29ad68ca6e1aa9c45175f	12403290	1	新加坡DBS Bank星展银行服务经理Jaimme Zheng Jiawen风流生活淫荡视频7V合集 极品美乳嫩鲍
0d5550d5cc6ad0e3a962cc49f444a45a9cd407ed	36749209	1	第一视角拍摄极品学生妹，黑丝旗袍制服诱惑，完美身材透着水嫩
0ee3a9ef1c71c0638cc0b9e21b0ba5d88bacad74	66917112	1	最爱的小女友来一次户外的激情，激情的深喉口交蜜桃臀暴力后入抽插，吸着蛋撸鸡巴射她嘴里吃掉
0e8d58a84162cd1468b97996826a704e283c06cd	793916263	4	Charmed.2018.S03E13.720p.WEB.H264-PLZPROPER[rarbg]
11fe1f4dd3eef29e59ec62ad9dc23db35d654a31	1313412283	1	摄影师KK哥自制简易炮架 爆插国模可儿 呻吟凄惨
1149cb815b130a70dfc1bf721e3eb24bad647dbd	6580916847	8	IP.Pirogova.S04.2021.WEB-DL.(1080p)
124ff248c76a22f9ec9e8052304602b5590ce96f	77982309	1	疯狂6P场面太刺激 身材非常不错的老婆性欲很强被5个单男轮着操 换装吊带黑丝接着操 前面裹鸡巴后入鸡巴操
16ad783fabef280e7eaaf8ecfe9596b6e0a562c1	37882258	1	【屌哥寻花】重金约操高颜值气质外围小姐姐 极品身材 长腿黑丝 叫床刺激淫荡
1897fe334a0ed78c1adc50311bf4c9950fa8ab95	112562404	1	个人云盘被盗清纯东北眼镜女孩儿不健康视图自拍流出人瘦奶大身材纤细打炮激情四射图87P+1V
19e368a6e70a59fbc942d4d6b234f6f402b5288d	740495048	1	网红脸短发妹子连体黑色网袜诱惑 到床上跳蛋道具JJ抽插自慰逼逼挺嫩诱人 很是诱惑不要错过
1a6f1eb3622b45ef305a02342803317f4071e7f4	32332513	1	坑爹的酒店桑拿会所女技师兼职女主播暗拍会所环境同事日常生活和自己给客人服务
1ba54f4c50803d3b98d22540b2646db5ddee9cf8	2074120182	1	【只管抓好枕头扶好墙】良家小少妇跟屌丝男友的私密生活，出租房里做爱自慰激情无限，美乳翘臀大长腿鲍鱼好漂亮
1eb02393ecd34e16f16eddd87584ab7fedae052c	31079559	1	最新台湾SWAG『吴梦梦』真实路人搭讪 成功率100% 包含隐藏未公开 内容
23944e160f34711caa3389ee62a2ce74186a49d3	2232620372	1	公子哥同老铁驱车迎接刚下航的黑丝性感美腿大奶气质空姐前凸后翘身材太棒了一个拍一个干国语对白1080P原版
2514c292a46cb280021098c03fff87b974add983	34512530	1	坐标长春路边小旅馆休息了几天的嫖妓牛人王胖子潜入按摩会所暗拍连草两个坐台小姐
2628e5e8275b4ce7de9907f6d17c0a97cd31462d	272268852	1	最新流出众筹秀人网女模周妍希浴缸洗浴三点全露被眼镜摄影师咸猪手1080P高清完整版
2710aa57cd0d78d811d93e6b04347a81d8de40ba	93174323	1	外站流出偷拍有点婴儿肥的漂亮大学生试穿内衣时被偷拍
2a8bf9e1094beb882c6d531b855907f4c89a2e10	88418066	1	新加坡SG模特Ivy大尺度私拍套图视频流出
2aaaec20aa1b7c2bdba69bf065843ea824a67244	32122886	1	精品自拍-女神级性感白虎海归女被情人狠狠爆操受不了躲在厕所又被拉出来干,男说：你是我的,除了我谁都不能操你!
2d974c4c3ed7a8d1fd8d1fd8a42edf1b87f856c3	1967800989	4	NubileFilms.21.05.22.Ariela.Donovan.Love.Me.Right.XXX.1080p.MP4-WRB[rarbg]
2eaf720908b144d3245d8bdc3bce3773a4d8ec70	26905850	1	抖音7.9W粉丝网红 玲玲7 一对一调教+大尺度福利合集！(34V)
2e63d666e381f121fa9088265231aed203a5aa8b	47267464	1	超刺激真实姐弟乱伦『姐夫不在家哦』偷拍姐夫和姐啪啪做爱 姐夫走后再干黑丝姐姐 没忍住竟无套后入内射了
2f5f03fb4385bec607f0367dbed02d923d8f4a7d	59887465	1	86年生青年路边店嫖82年说话温柔气质少妇姐姐只要你开心怎么弄都行小伙干的猛看表情不知是爽还是痛苦对白有趣
309b036460764080da025c9919db9fc8e6583236	19592358	1	纹身社会小青年出租房与艺校身材苗条乳房坚挺饱满女友啪啪啪女上位坐插太激情了完美露脸_
31339474082dc86904c3117d00792322fb17fbf9	25189861	18	Конофальский Борис
32529a2241ee1882fbaa37a9ef67e25110939f35	54885872	1	真实露脸~极品漂亮淫娃特别主动！疯狂啪啪啪
331a8de412cc49b7fbec81181cf2148b570eaf7e	53716945	1	高顔值校园青春女神下海直播,身材发育的真不错,胸不太大,笑起来很甜
37f678e5db4c162f293740c82c6bc8703129c0a1	344689521	1	专业炮房猥琐小青年与身材苗条美乳女友啪啪啪肏的很猛把小女友干的尖叫不止淫叫说老公好长太能叫了要哭了
3f5e2f6990a4275f23e8b533d03ea6fd3cfda545	24069737	1	清纯漂亮的连衣裙美女和公司帅气男同事酒店开房,别看男的瘦操起逼来真是猛,把美女干爽后她还主动要第二次!
401b36d7388137f6fcda6bc5532f44dec7c75038	66345419	1	最新科幻系国产AV剧情新作-美尻气象主播黎儿被潜入的透明人弄到欲火难耐 竟现场直播镜头前啪啪口爆
41d87d67e71fd1c492ffb66dfc270e6aa0e33b40	161974474	1	【精品高校系列】 唐山IT男周浩波和他对象
430652a1be7a6e0e51ebef13a4d897983ebe1f9f	435993340	1	老婆出差不在家 没控制住把大二小姨子给操了 D奶人浪逼紧操起来特别带劲 最后射在小姨子脸上颜射真刺激
4598c7dadebd92192bf15850592157c507481d34	30721788	1	风骚熟女真是寂寞坏了，全程露脸丝袜情趣大黑牛玩弄骚逼还给狼友打着电话撩骚，让大哥调教浪荡呻吟真刺激
4a004dd7de80366797b6df2f20a9b485cd69c71d	27409447562	5	[dixen18] Days gone
4cd97e601d93be35abcc4c4cec3499b1e6ebf8ce	24257390	1	情感主博李寻欢长相甜美大奶妹子返场性感黑裙，深喉口交上位骑坐翘起屁股后入抽插
4c5846fbfe4d6be0b95b6a12a03a3cd350bfd2d1	407027715	1	俊男靓女酒店开房做爱
4d73e11e19e983c0f0737da450aa54205e6286b9	82956626	1	91秦先生+小鲜肉（乌索普）最全34期全套（全网最全）合集
4eade023a0d71479bd4a5a7cd7837e08130afe6c	58097621	1	颜值不错粉逼嫩妹子双飞啪啪，口交特写嫩逼菊花塞肛塞上位骑乘抽插，操完一个再换另一个
51be867013cd64ac9b9daf2811dd1f422f6712fd	34852232	1	【荆轲丶探花】约战大胸熟女人妻偷拍，看这做爱默契程度貌似是偷情，
554457874a5220d1853b22c4a22ba8fbeee586ec	15455867	1	女性私处保健第15集-越来越胆大了，开始拍脸了，直接把整只手都插进了女顾客的下身
581496104035c0fa5eea2d2c3dd8419f2efc1722	54652313	1	韩国演艺圈卖淫偷拍悲惨事件《第五部》超漂亮的美女-高清无水印原版
5875c184207d39270504ba16e6510b9b36ccd8e0	29028212	1	【金三角行动】光头哥约操大奶上门妹子，汗流浃背干得妹子呻吟不断啪啪作响
59c7686f0a55faffa348684dc6bf18a89c20c49c	58883405	1	【91沈先生】金导AV大制作，什么国行桃谷里绘香？野外商城WC啪啪户外车震调教，老金现在有钱开四个轮子了
5be1d2baa46ef036c0752ecf0d503aad1a5cd18e	495107289	1	【雀儿漫天飞】探花约了个绿衣大奶妹子，深夜吃完夜宵来一炮喊快点，口交扣逼猛操呻吟非常诱人
5c28f6222ff930fbe735957eb5db43a68fa21e00	35106691	1	极品探花约了个颜值不错黑衣甜美妹子啪啪，沙发操口交舔弄近距离特写抽插后入猛操
5e50b2f581db585c4c43ced572c122db7096f739	2026723798	5	Cada respiro que das (2021) [BluRay Rip][AC3 5.1 Castellano][www.maxitorrent.com]
5eae67718c3e8bda4a43844affe5d19f3875f090	329852849	4	Robin McAuley - Standing on the Edge2021
5f150aff2dfca15b7428e20361a1ecb478464a5a	49142496	1	杨导撩妹 颜值不错美女 激情啪啪
5fbcac431f6ee788ba9604313f4e1226fd42c1c1	148740802	80	Linda Kiss - Contessa e l'Orfanella -XXL Rip
6034ac37114be310c73832dc1cbab88f469477c3	22319359	1	【季总全国探花】漂亮小姐姐温柔如水，教小伙如何脱丝袜，大胸翘臀共度销魂一夜
61ef4a125708ebddf411334b9f00ceaf25d6c2ed	16739348	1	眼镜男喜欢舔脚挑逗一番直接扒掉美女白领内裤露出大白屁股强势插入快速抽送凄惨动人呻吟声随啪啪声齐响小伙真猛
636150ce4b8a2fc0504e71ab36bde3624716eda0	28935033	1	某大学超人气爆乳拉拉队长和帅哥激情啪啪戴着眼镜样子很淫骚
65a5c29f1e89abc9b311409c5ec6c8f6b4135144	377682227	1	服装店买衣服借机偷拍气质不错的漂亮丁字裤少妇领班,一看就是内骚型的
69a169705b2431b72f5f32335630ca7f92891663	25102980	1	91沈先生探花长腿少妇穿上皮裤诱惑，舔弄插嘴抬腿侧入猛操搞完按摩
6c86f8a263d33554bee50dfe045ea84312285596	33603873	1	平胸美女被同事迷奸暴力抽插胶带贴眼,颜射,第一三视角
6ea1aec7f2219d221fd701eb536ee74c820619ab	27051694	1	新人娑娑0404凌晨和自己的胖胖女友拉拉直播秀 舌吻抠穴 很是诱人
70c867531f9de4c4ac3066e146095460f2b30a17	44965200	1	【网爆门事件】绝对真实-性欲极强的一对情侣自拍流出-高清原版无水印（三）
7207fd38625b3ae4550cba80b9f4075a5cd22eab	35223005	1	国产神剧变态夫妻人贩新买来的漂亮少妇，各种调教玩弄，对白精彩，估计下一步就会被卖到农村了，太悲惨了
7495a6f343bc99e88f4074035a72a7e8a5603693	53009732	1	狐妖妲己黑丝情趣高跟双插道具大秀，无毛骚逼很是性感，道具换了好几种抽插不断
747d61bb96d75f07693c11a8a755d132d34eebb8	897148640	1	最淫养生之道-私密保健会所【女子养生SPA】技师超神服务全身推油按摩保健 舒爽啪啪 专注玩操美少妇 高清收藏合集
753f7f8f396e202f26b95b66a79708482163228c	4688981343	4	Além.das.Montanhas.2021.1080p.BluRay.DUAL.5.1.COMANDO.TO
76355bb4d4e3a19f99cf7095ebd8f6fce6958c48	42571209	1	无敌的身材波霸翘臀尤物网红糖妹酷爱玩菊花开肛之后用吸在镜子上的假屌自插呻吟太刺激
7784133eef9a43af607d085fef1bd558d276f41a	261015811	1	清纯短发气质萌妹紫薇,青趣半透明睡衣,想要老公的大J8艹我
779bd078eb4e0a4c3fa3fdc76ea89ebd5284ee27	5232065	22	(C63) [Suna Zaiku (Suna)] Sarah Sex (Virtua Fighter)
777d10cf0ade64dfe9bdd18e0f73698b012d6f9e	29506937	1	麻豆传媒映画华语AV剧情新作-性感美女荷官被调教 情慾烧身求哥哥的肉棒插入 高清720P原版首发
7730c941fed74b04524d08cbc6d8a72a0e7d0da0	338833094	2	爆乳女神『娜美妖姬』会员版新作-爆乳旗袍制服诱惑漂亮粉穴口活淫语假JJ插入
79c2e16d48821c3e31e0da4e2349b1f22ef91d48	519713470	4	[Skymoon-Raws] Boku no Hero Academia S05 - 09 [ViuTV][WEB-DL][1080p][AVC AAC][MP4+ASS]
7aa6789aa6a2612f9bc801b05a8f1ee433ec0d02	137361064	1	最新众筹秀人网首席色影师『宇航员』出品-极品商务嫩模『江琳』啪啪互动流出 无套内射 黑丝粉穴 高清720P版
7e9eeb66670faf7710616555027871bddb4bde68	287194009	1	RKPrime.21.05.22.Alice.Bong.Cosplay.Alice.Needs.A.Dick.XXX.480p.MP4-XXX
815c3cb059ec7f215c6c518eeacc7038c0a1b628	260046910	10	TVBOXNOW 詹姆士出走料理
8724af1e280e2b7e234e466296b8564950fbaaac	46618751	1	高颜值长发妹子漏奶漏逼诱惑 床上自摸掰开逼逼毛毛非常浓密看着非常诱人
87bdf6d9b34fe33b6fbcd458702238a326df25cd	50415699	1	【极品女神系列】性感爆乳女神刘钰儿口舔香蕉超诱惑口活展示 性感舞骚弄姿抖音诱惑视频合集 高清720P版
8a1bea954bf1a5975bb3454129dd62538699b5b9	35033095	1	约草艺校极品身材小仙女琳琳 被操到喊痛发脾气
8dacf498acadc9ab07405267a5e054eef98aacd0	35198002	1	午夜寻花今晚约了个性感长发妹子，沙发脱光光调情一番舌吻扣逼，再到床上近距离拍摄猛操
8e84309e5fee76545cca5ab844b0859f0a8be581	45605434	1	猥琐眼镜KK哥和高挑国模依依私拍，拍完例牌潜规则给KK哥吹箫爽一下
90f0b8bf1c7b6dab674b2816ab729c474f7c7096	4214773601	3	HUSR-236
952d6a3f9c241f98fd3c682b9e7fb393643b0d65	44014765	1	洋土豪米糕性欲旺盛在夜总会撩妹直接约了两名美眉宾馆玩3P这俩妞很带劲非常激情火辣主动
9e9cf6aeeea01f96ec9c7592c5e209bba2efe159	43010782	1	开档灰丝骚浪女友饥渴求操 穿高跟挑逗诱惑我 没来得及戴套直接插无毛粉穴 一顿抽插猛操内射花心好爽 高清源码录制
9f8a834b4ec921539104fb6b5d37613bec1c238e	568710578	1	最新推特网红美少女『工口糯米姬』户外露出被痴汉尾行卫生间强操后入啪啪 漂亮粉穴插出白浆真刺激 高清1080P原版
a0d3359ffcc71981c33ae32ba5533ceb8b22191a	35882068	1	国模何梵漂亮性爱视频精彩国语对白
a02198c6df4d902360d2868f1ae40fed38fb1157	20358561792	4	Microsoft Windows 10.0.18363.1556, Version 1909 (Updated May 2021) - Оригинальные образы от Microsoft MSDN [En]
a3c8868b418eb54d975aa4ee43fcb697ab46cbef	34051862	1	丝袜高跟女仆坏坏的前女友大秀直播，露脸高颜值大黑牛自慰骚逼呻吟，享受雪糕自慰阴蒂好凉，呻吟可射
a75cccc47bb8cc38885393422e95b118222e1bcc	74232471	1	91沈先生性感黑衣妹子聊聊天第二炮，口交上位骑乘抽插自己动
a76169be2ed25fc9840fdb3c769864b9acc57ee0	58866454	1	推特投稿福利整理 网络反差婊系列
abec644dff7511e8e3839258b77f3bd0cfd47b93	35744222	1	最新推特极品身材【许愿女孩】电弧姬大尺度私拍流出 美乳嫩穴 玉指扒开极品粉穴静待进入佳茎 极度诱惑 高清720P版
ad8b5874a1f45cc9b267c74b21ba082ba4fefad3	27705659	1	超嫩可爱迷妹被大鸡巴男友破处 被草到一直大哭喊疼 处女膜一破流了好多血
b0985c885b4ab2cfae7733631a985f0cd5472782	27408113914	4	Days.Gone.RePack.by.Chovka
b0e3db54b72f27aeda27123327dc9d5b177d78c0	561988779	1	眉眼妖孽美女『风情小姨子』屌丝姐夫和骚浪小姨子清晨啪啪做爱 晨炮威猛刚进干的无毛嫩逼的小姨子浪叫不止
b357c15414727d52557bc8c4aaf82f9d16e9454a	25613021	1	小嫂子真会享受脱光了趴在床上让大哥给拔罐，背上屁股上都脑，小哥掰开骚逼直接骑在身上插入爆草，不要错过
b712f9e0ca934b6b695caa40df2b59a53fcdee69	40904819	1	右眼角有美人痣的美女穿着很薄情趣黑纱 非常诱惑
b75b301b50e3779b7edbdd7cbe824de9d4539d9d	76797039	1	土豪摄影师花了大价钱约两位高质量漂亮国模酒店百合式拍摄让她俩互慰互舔各种花样玩出高潮对白精彩
bbdb16b090176280b11c0b869b0bec610044f99b	511004803	2	IHaveAWife.21.03.03.Syren.De.Mer.XXX.1080p.HEVC.x265.PRT
be1cbd1415f2e93ba82a9092f178d527d0498184	31365228	1	一坊极品主播粉穴翘臀灬拉克丝 凌晨继续露脸罕见大秀 颜值气质身材俱佳 木耳也很漂亮
c1b216b23d7f2d6021452148a1c77b11defd0067	326485542	1	小帅哥长沙路边小按摩店真实偷拍找小姐大保健听对白帅哥对小姐服务不大满意
c55e3deef42d749b2b36834629e6b7a483663bc8	542898528	1	91金龙鱼（骑士哥）之95后嫩妹口暴无码露脸720P完整版
c55bf50220a527eb455a51c13e712edd937a31f7	82168105	1	情侣自拍啪啪视频被渣男分手后流出 极品大奶小女友
ce08ca829f3f0d66570e5b0010f452f20a13adda	251710327	2	Rim4K.E05.Nikki.Hill.XXX.720p.WEB.x264-GalaXXXy[XvX]
d2cb8cb6075d434757d411809ca6c376bf9684a6	64691075	1	能让你有冲动感的视角，后入啪啪看表情
d28d60181b9788bc69a2aba5d45ec15af25f65fe	26403496	1	骨感纹身美女直播啪啪口爆
d38e4163475e49175b16fecd5ac00987766af102	71132154	1	颜值不错的貂蝉妹妹露脸情趣女仆，火辣热舞诱惑，奶子很大屁股很俏，床上撅着屁股发骚，粉嫩骚逼自慰呻吟可射
d38bb1bedfc5e80dd93ecb5b443d5d79879cb7eb	27296722	3	iTubeGo YouTube Downloader 4.2.6 incl patch [CrackingPatching]
d696720760164f14abf5f7cf27995a1f156e6617	4504100864	38	Bloody Mary
d7e4f351ec78e2cbba35b728bc4ab2a7955a66c4	45224009	1	91坏哥哥大战良家炮友，黑丝情趣露脸多姿势激情，小伙太卖力搞得自己汗流浃背，骚妇细心擦拭貌似内射720P高清
d8dd3ae25fceaa88ce97f45aa30902731008191e	61792399	1	大庆叫了一个骚货外援小姐，吃鸡的技术还不错，主要是小姐姐长得好看！
d835a5b7bd34f7d9dd31d03194a21388e81b9df4	43658439	1	网红哆啦福利视频过生日KTV厕所啪啪啪扣逼舔JB洗手盆上操不要错过
ddf576e1bf8f546fd22e2df9d910f706dda361da	35488139	1	虎牙熊猫TV红牌大胸主播美娜酱baby下海21小时大合集VIP会员收藏福利
df3a9a7fd39e8ee48882d2fabac0671097f4e62a	51114048	1	去旅游约上漂亮大奶妹子吃饭迷倒酒店爆操内射 这屁眼貌似经常被爆菊 操时有反应会呻吟
e0762d80e388e1275bb3fe578202941255b3268b	1588077282	3	Law.and.Order.SVU.S22E14.Post-Graduate.Psycopath.720p.AMZN.WEBRip.DDP5.1.x264-NTb[rarbg]
e031b8ef2e0a6bd5083cdf6e9fa7c46edcb43fe9	57697595	1	【人间水蜜桃】2男3女群P啪啪，一前一后骑乘抽擦大黑牛震动搞完再自慰，很是诱惑喜欢不要错过
e2fe69c97c98f8343809e86eecba5559a82aacc2	95201874	1	美丝会学院派女模特无内户外天台私拍貌似一年不少赚也挺不容易还擦伤了与摄影师有交流国语对白1080P原版超清
e31e7d9046e0765229527f367677b10dc196d4c3	1943909375	1	MDTM-567
e498831f1a7e6c3e1958451ad71a141958cc7196	3722625223	3	Bering.Sea.Gold.S13E04.Ship.of.Fools.720p.AMZN.WEBRip.DDP2.0.x264-NTb[rarbg]
e5661e75a7ae34dd20643d0f03b0cd2397ba2a60	1125103920	1	91操哥最新操遍欧洲系列-乌克兰首都机场偶遇外表清纯内心淫骚国人妹子1080P高清
e5b41d40122793e59fa316f0dfd28b020b5b9ca2	28046112316	19	Kumo desu ga, Nani ka - AniLibria.TV [WEBRip 1080p]
e6fca0c630475137b447e17e433aef00e5938823	30867630	1	精品推荐-喜欢丝袜的猥琐男把公司清纯漂亮的小白领灌醉啪啪后又给她换不同丝袜玩弄,没想到毛毛那么旺盛!
e72f170e0ca833b934de7833e2221f864c109598	36933153	1	最新极品爆乳女神隔壁小姐姐新年首作慵懒白衬衣下の尤物酮体 贴身短裤好勒逼 高清私拍34P 高清720P版
eac15bb51541e43eec2578720d6821d5baaf2b0f	56956975	1	自驾游到休息区老婆给丁丁舒服了一发 大白天在车里好刺激
eade2abff292b28b51f17d43072c34a1c01bc2fb	405025553	1	“全是小白水太过瘾了”约啪大神赵邦贺拉个年轻苗条美女到郊外啪啪啪车震对白精彩
ebcd7e351a312035754b677585f0c74f117c703a	31831530	1	沾粘粘清纯苗条牙套萌妹跳蛋自慰，撩起衬衣露性感屁股跳蛋塞入拉扯出白浆
eb92c65bbaa952927484045406ce4072cfad14cf	44196133	1	“你是我的女人你只属于我”对白淫荡刺激霸道男把喝多迷煳的漂亮女友扒光随便肏边干边拍很能操体位玩遍了1080P原版
ede05d805182d77f9b21c695703ad1b1dbb68c3a	354833902	1	PrettyDirtyTeens.21.05.21.Melany.Mendes.Chef.Special.For.Her.18th.Birthday.XXX.720p.MP4-XXX
efbbba25a45e3254c08f8e982b6c9527c688a8c1	605881026	1	气质性感的白富美小姐姐酒店高级套房色诱年轻服务员,解开裤子就吃鸡巴爽的让你无法反抗,在沙发上扒光衣服干!
f125dc780a6d2f949aa36a418a2afe1d039d7dec	67320620	1	【百度云泄密系列】【重磅超级福利】良家自拍视频版（第二季）（一十一套）
f463044262ac9c27d009c57f06240966b567bb94	25818109524	7	eFootball PES 2021
f432577e4571397638f6b6c48041cb2c8b55bbc2	28817238	1	身材苗条的长发妹子 床上全裸手指抠逼自慰 口含道具 道具插逼呻吟 叫声淫荡 厕所洗逼逼
f47b32212958d8d46832e09b93a9dbbdb74e63cb	34561043	1	探花开哥新人眼镜男约了个黑衣大奶少妇啪啪，揉搓奶子口交站立后入骑坐大力猛操
f52829e2760e97f23991dfcf48bd2a1b2afafadf	61368112	1	国内顶级精品小鸟酱极品女仆女上位大屌男，这射出的精液真浓看来忍了好久了
f770cfc4051ff9dea473d5deed8da42e7468cb40	63818896	1	南京江宁漂亮小骚货，吃鸡技术口活了得，边呻吟边含的湿哒哒，无套扶稳插进小骚逼！
f83954c8a98d83818bff354ede3a34ce8ba4bd9e	22952822	1	【重磅推荐】调教圈母狗『所有者bai』性奴调教 鞭打狗绳 爆菊扩肛啪啪 喝尿
f9728afa11f8543394e5529a055c2de8b713e85e	39983482	1	【王哥约炮专家】两男两女有创意，色情麻将脱衣服，少妇输的裸体了轮番啪啪干几炮，刺激淫荡别出心裁
fa92004e77aeedfe5d3c1df43ff60db08f122733	275549365	1	剧情演绎-趁大哥不在家给他戴绿帽子 在骚货大嫂和大哥通电话时与大嫂啪啪还内射她
fb5a33b7a05e0767815e3d6f9075b70dfd4e3aed	36203585	1	【门事件】-黄垂玲16分钟完整版
fc0f88a3d0ff6889931342631aaeaefe9b1422ce	72084829	1	PR社尤物女神の我是你可爱的小猫大尺度诱惑福利60套打包合集
fff02239a9fa0664d38a4cc8073b303a37e6dfaf	110964374	1	推特网红Qinweiyingjie（捷哥）大尺度全露唯美摄影 甜甜的女孩
ff8f7cea5d713bc8bc536cc2f9024d452b14d9da	37685694	1	弄醒情趣丝袜健身炮友猛干，最后女上位骑射
