019bbb72e0d717805dd519174e95452e1476ffa1	39605914	1	喷血！女神极品和富二代酒店情趣草B。女神的诱惑让人受不了
061c0d260bb7803b55476a6983f7619444b50a46	985659392	66	Печать луны
15b27e79b745ce13b65555c85e2bc2a5dbb4b7d1	37902450	1	非常有韵味美熟女双人啪啪秀 开裆肉丝69互舔口交按摩器自慰后入抽插内射
2774fb8bc760023a1f234861be2036e2a222bf35	17294543	1	像个娃娃玩偶的超级清纯大眼的泰国女生 还是学生，长得太纯了不像真人，和排骨大鸡吧男友XO，颜值吊打各路网红
44d6366d1ea2bfbbaefdc75653135949888686ea	127377488	1	分享风骚女人的性爱日常和集 男女通吃真假JJ来者不拒 3P爆操 假JJ插小穴自己的骚穴被真JJ爆 黑丝白丝非常诱惑
81f4c0e523f423d6d29f699b9afc5ac5df321f7f	22854768354	220	INE - CCNA (200-301)
82cb6b27efd1f53bce17e223029f492684abc788	16842620	5	Office 2019 KMS Activator Ultimate 1.2
ae34c8e592badaf7be9b37de61cc102a284f94ba	1330649779	7	Big Bad Wolves 2013 WEBRip XviD AC3-SuperNova
b084a03f8c45336ddee5fadf6b43c668798a4a40	38537626	1	T先生作品，学生妹子逃课出来。逼嫩水多
b11efa5d45a53d3d2ed1503516a23d58f65ba3cd	1501280372	1	Jaanu (2021) Hindi Dubbed Movie 720p HDRip AAC.mp4
b3ac8be9d72eadf1e8a1a39b84b7dba44be47ef2	48852609	6	R_Beny--We_Grow_In_A_Gleam-(LE076)-SINGLE-WEB-2021-BABAS
ba576a43f1f4244d09b05f457e80682aebcc6773	1467736605	4	Der untergang
be6efc6bfa8a5a98ee60fa0d7d2b499f65d6bf15	28028047	1	丰满身材骚气少妇演绎勾引外卖小哥3P啪啪 开裆丝袜高跟鞋上位骑乘边口交
c1fc16679ad9f7b2ca2b2e67d4958d86705c26dc	587884331	1	苗条骚气眼镜妹子双人啪啪秀第三部 口交上位骑乘后入多种姿势啪啪 呻吟诱惑
cb88c250b99d5841d108654e337b274953577369	94745704	1	大学生女友微微根本离不开我的鸡巴，不仅每天要我操，还喜欢睡在我的鸡巴上.高清无水印完整版
d52053b149860e59cc5d111b3920437e808cb119	261881918	10	TVBOXNOW 愛回家之開心速遞
d8febfa8195fad917b3753fbec26c97434179176	1101362898	9	619-2
e7f8a22bc885e1003216991b1832e26a51abfc34	20234649	1	壮哥2800元网约长相甜美性感的短裙美女酒店啪啪,美女有点害羞不是很配合,被壮哥强行按照想法爆插,国语!
ebdba6522b94b4a0c5eec3aea60b7220d1315499	317603462	47	Prunus Girl
fdd32c00402bd04bb0660e0f98826ce417a35f89	1727117036	6	AldoGiovanniEGiacomoAnplagghedVersIntegrale1SerataByPakko
