128460dd43bb4df66d2d7c202ffbc34e2fa96d80	2341684513	207	OM28309
15c6bf44b90be66f6fa630abd2878af8dbc0623a	17859669	5	Topaz Gigapixel AI - v5 0 2 (x64) + Reg
1eeee2575b6ddee1bf1d6c8cc3171bdfca7fc429	17859669	5	Verdun PLAZA
1ea8c9bb4944ad2824bc88b4bec0c783a7d2c0ea	270351748	27	【Weagogo】[中文][milky](無修正) 毫无价值夫人卷 2 完結編
223f0f24e5b195def7241ea771bc37161f3e5f99	17859669	5	Destroy all humans 1.1a
23a395e9fdfb3013e54b63dd2dd7ae663a951db9	17859669	5	Terminator Resistance - PLAZA
254d573a7568798c46950e31e4dbf30cf8578d41	46770334	9	TWICE
265ae1e529b5de7adb11c368cf99406b7b2964f9	17859669	5	Two Point Hospital.Off.the.Grid-CODEX
30644d6ce08f219063a8c07c03153cc5c4c1b3d7	1658723179	4	Fanny.Lye.Deliverd.2019.EXTENDED.BRRip.XviD.MP3-XVID
327557439fee9bdd11bbed9f6a0ab801dafc24fd	242639487	41	MP3-daily-2021-April-01-Euro-House
35354ff17d3867717da6b8fd42bfc463cddb6b93	17859669	5	TechSmith Camtasia Studio 9.0.4 Build 1948 + Serials
366c72dd3cce5e0c63b192504f5ad245749a9bf5	1835411	10	Petroula Kostidou by paok4kyriakos
3905c352b5f264da672e62637b9cdffd6cc0f262	17859669	5	Raft v1.01
3ad66f1bc96224df709aa7cc9b783bbd44a69153	17859669	5	Acronis True Image 2020 Final+Patch+BootCD
43de431ca37451f40270e5ce2f115dfb0a4d3beb	17859669	5	Adobe After Effects 2020 - v17 1 0 72 (x64) Patched
46bc623ba0ca01035418dd61673aede4d142cefa	852617268	11	[X-Angels]Lad creams brunette's face
48244664544c77b1af363c12a1bf5cc44e1e7c4e	17859669	5	Rebel Galaxy Outlaw (v1.18b, MULTi5) [FitGirl Repack]
4ac4331981cb08881620758c67eb5957c62f6fe5	382871189	21	姉妹丼
4ed88d79cedf7e54335cbb89ca8da85fb289024a	17859669	5	Pro Evolution Soccer 2011-RELOADED
5181362a3c993d68ac04cded1adf05b3d91f69a3	17859669	5	Atomix Virtual DJ.Pro.v7.4.Cracked-EAT
538a1d4d30c8412da6d1a5648d74bffbfdff863d	17859669	5	EaseUS Data Recovery Wizard Technician v13.3 + Keygen
57a31ee2a59cc83d50734b7933c905fa4af3ee36	17859669	5	Serious Sam 4 Deluxe Edition [v 1 03 + DLC] RePack
634c4f16cc42f3847f9647f8ed044af52a7acc60	43443055	121	灣搭 西洋專輯[04.04]b
68f826740bf25b7555626e96081cd5ea90eb5e19	17859669	5	IVONA 2 Voice - Jacek v1.6.3
6aab34f0f34cd10c6e2fbbb68ecb0048690a34ed	251685682	109	101 Fifties Songs
70e2f241b472772bdb93ff577413bf429c388144	17859669	5	Sid Meiers Civilization.V-SKIDROW-[tracker.BTARENA.org].iso
76608c8d06a4463d490100eea0ed666a773926ac	17859669	5	Cuphead v1 2-CODEX
76b3da78bd030b2aaedc3322121c4bc3df6c6de2	17859669	5	Tropico 2 Pirate Cove [ENG] + Crack&Patch
77a0122a51b76c1fb87697d4bae100d18003ac42	17859669	5	Devil May Cry 4 Special Edition
79398245e1da30597a2630b4769f9a13c6e64582	17859669	5	Assassins Creed 3.v1.01.CRACK.ONLY-THETA
81c5ab5be8caae8fd83528c3bd42390aa08a4145	1019011366	9	[X-Angels]Travel the world right in bed
86c8adb004f4d2fd7706ce5758bf49b2d1a9dd2d	15781719264	7	Mudr
86b3f91693ed5840ae51b07290af4b870c3a38cf	17859669	5	Vray 2.0 Final for 3dsMax 2011 x64
8c3f9cc3cdd0d94537b59a249084850e06a35e76	17859669	5	Luminar v4.1.0.5191 Final + Crack - [haxNode]
8eabd314ba7ef967018a54de18fa933d65994da5	7820167088	1	哥吉拉大战金刚Godzilla.vs.Kong.2021.1080p.plosul.HMAX.WEB-DL.DDP5.1.x264.mkv
947222c77fa9d473f6b07193eb970c66e905556a	381038050	1	【限制制作Q1098251782】不扣纽扣的女孩-清晰.rmvb
97a8f19904c462556aff46548cf950109648a306	17859669	5	Hades -CODEX
9d983d0cab1a30bc6ba3ffe3008bd9bef41bcdaf	3674604	1	Серия «Квартирник у Маргулиса. Книга по мотивам рейтинговой программы на центральном ТВ»
a3d790fc9aa490e20172f9f0cbc74eccf979a558	467865641	5	Crime.Beat.S02E14.WEBRip.x264-ION10
a3d69a3383d505e1ac2fa5ab4d2671db14c3505a	17859669	5	Stellaris Necroids Species Pack-GOG
a76ccb40994e77593301bbda319c2e8b9540ed82	314391940	31	【Weagogo】【国产情景剧】國際交換生的粗體驗1 巨乳学妹无情挑逗 无套爆操
a720bcaee3f9aa3303a9deab36585fdfdbaba3a7	17859669	5	Dll Files Fixer 3 0 81 2643 Fixed Crack
a86b1772706546505a89c87c13fb5649402e54c7	325158515	2	ATKGirlfriends.21.04.04.Compilation.XXX.720p.WEB.x264-GalaXXXy[XvX]
b3be2f5511a4c4e50b2b7c47d39dd5800562c4e5	33335408	48	[Minakami Sakura] Himitsu no Kankei | Our Secret Relationship ch. 1-2 [English] {desudesu + Flammz}
b611f4a6fa76cf4b44e8b4ac349224ba40a10184	17859669	5	Ashampoo Movie Studio Pro 3.0.1 + patch - Crackingpatching
b8b7aa2ee031b11bf0e3d758e8f5a11bbee09147	410812416	1	Sherlock Holmes Season 4 - ep 6 [torrents.ru]
b814f4b128cc6723980b879a9db5c1b64b932ffb	17859669	5	MS Office 2013 Pro Plus SP1 VL x64 MULTi-22 JULY 2020
be5d66518bc729f632adbf40363e1d9a07446a2c	140732361	14	Юрий Суздальский - Волчья помощь (2003)
c0f6b33ff8dab94e6c0fa1c14426cf8fc3668d50	17859669	5	Aiseesoft FoneLab - 10 2 28 incl Patch
c15c1239ca893ef3a816ca279a2e80c182f2e27b	17859669	5	Total Video Convert v3.50 + Serial Number [Andy0004]
c1012dec56346dfa9d82f997a17e206b63e123ae	17859669	5	The Sims 4 - RELOADED
c2d1145d995440128de9f20a9e15255d56a852b2	1272720066	1	【AI高清2K修复】【探花队长小虎】魔都外围，近景沙发啪啪，AV视角看鲍鱼，后入娇喘不断刺激劲爆
c553c98d5f0105999f5abc14d87dc9a6ab8e1955	2892386413	4	CPSKY-004 ISO
c51ea5899257ea59e5f333cf797c5b3f40cdfceb	17859669	5	Neighbours Back from Hell HD Remaster
c9fb872801215b6a26b4c77e402a0343ad342d0e	1181997925	3	Anilos.14.07.07.Tammie.Lee.What.A.Way.To.Unwind.XXX.1080p.MP4-KTR[rarbg]
c9225e0cceb89ead3ad2bf683d9a096e83194335	2121299220	1	高颜值大眼女神【花音】和高富帅男友KTV唱歌 骚舞 回家啪啪
d8b4082f05a4139f223bec4c6f4e7a0c6a6ed441	536289194	15	[TheAV][中文字幕][ADN-270]【中文字幕】ADN270请原谅我湿了以后的再会向井蓝--更多视频访问[theav.cc]
dec469855a38eb1fa85d2d655794f9c812aa5f15	17859669	5	Diablo 2 LOD Expansion [PC] [EN] [ONLINE]
dee82ad62852a4fa464bb0df7d6d05220f4ea131	17859669	5	Microsoft Flight Simulator - Standard Edition v1.0+DLC
e31dc7b5959f7b8f7a2e690463c8e901323b1c6a	17859669	5	NCH Mixpad Masters Edition v4.31 Beta + Crack - [SH]
e79b6ef321ad80a93bb42bc2a4b5f17f268bb6ab	17859669	5	Bootstrap Studio - 5 3 1 Patched
ea5a35c437e379b9b4f35fb758ddc83e1a7ab351	5303357672	30	Game of Thrones Season 5 - (freedownloadterminal.com)
ed11ab534a3a7eb30a71a1812d15271d31257f27	1055269505	8	[X-Angels]Naked artist becomes a sex picture
f14fae03c6402b562cd9742690885922b5be7c53	17859669	5	WinRAR v5.91 Beta 1 + Keygen - [haxNode]
f2bdb8ddc4e938c5991c30acde6316d0285d3225	17859669	5	Propellerhead Reason 5 Serial Number [theLEAK]
f492fec0637124e3bb92545684fb6501daa922d0	436378253	2	Desus.And.Mero.2018.02.13.DJ.Premiere.720p.WEB.x264-TBS[N1C]
f8e880c155ae392f08bbbb04dea897adde39ec93	261963140	27	【Weagogo】[中文][milky](無修正) 毫无价值夫人卷 1
ff9a8893144b17e8ad00ea6ae6025b214edf1a1b	1269412064	1	[www.Loli-Kaman.com] PEAC-008
