01493e7f4837b0484397eb873413dae806f2d43b	155757479	3	手机直播少妇主播男厕所脱衣全裸漏逼漏奶秀很是刺激喜欢的不要错过
0166df23a11907ebab272b846f77f33d729fea51	334757950	10	TVBOXNOW 大步走_480P
01d56d547bf7c861a0e88c708cd0f522cc6a1561	1206083318	1	MEYD-201
01f2d602678bb6204ad76f2c40e520322d94bc66	45768245376	137	乳香世家 1121
01ccc9aa0156ca75227b54834b61828beb4bf0d5	1004674985	4	FrolicMe.21.03.07.Emylia.Argan.Last.Time.XXX.1080p.MP4-WRB[rarbg]
01dba932e7ed298de87d133d7318831cce8893ed	139994891	6	아스트로 (ASTRO) - Rise Up [EP] [FLAC]
029bfd971be6cf73e36e2c8b5737c572e5cfa72a	740095941	5	[thz.la]PPG196_s01_1080
02eda715df3a588fdfd37a8ded9929efb576825b	10364464972	6	Harrow.S03.720p.Kerob
03e414960b026a65923558c6eb8950357d9da403	133038402	5	[110903] [NANACAN] 妹調教日記～こんなツンデレが俺の妹なわけない!～
033ce46773e4ba06ee3e96ddc11396344c2e5e85	1120727851	28	020120-001-carib-1080p
03e7f19ccf7b396efc8fa59b4d69fab5fa22daab	33615393	3	Survied – Below The Crashdepth, Geoscape
038ff3f78e4bc5f2ec97a89cbab5bd57837cd8ad	1463861070	2	M jak Miłość (2019) [E1574-75] [576p] [WEB-DL] [x-264] [PL] [H-1]
04177815965f0035cd07b4cf042f61f2a67496f9	1215125155	34	MXGS320 AVI
05c5aec5a932db47980f748acb8294233ff99f01	1006848242	29	Within Temptation - Hydra (Limited Deluxe Box Set) (3 CD) 2014 FLAC
05fec48e7c47e21e42c6def365eb728be709bc09	2003868811	10	11776_by_waikeung
0503615b5be5bcf354dc4bd4df0c94fa5b56301e	349373162	1	[Happy! Happy! Subs] Devil Survivor 2 The Animation 02.mkv
057874722a9cf6d60a255c68675218963aedf1a0	2122099211	7	Gachinco-gachig189-HD
055b6c21f30dc12eadd63441aa9fbf00edee5aac	1909040915	3	라디오스타.E709.210224.720p
06e00a7363ae1074b426df831622dece9a3eb425	410986101	5	astrotenore_gmail
079a32d733ad3166298e2af9b69cd2712dc6219c	7299614162	9	145 Sydney hd
083ca14e54c513582011413e9d20be8bac02181c	1388959044	1	めちゃ2イケてるッ!ナイナイ&中居の日本一周 祝・コンビ結成25周年の旅 20150110.mp4
08055c4b81e0761ff8eee2dd02d29069ed5a2559	361791650	4	BangBrosClips.Alex.Grey.Fuck.Session.in.Parents.Bedroom
08eb72bd2cb8bc2bd464a807b516bd25454ef8a0	126336140	13	姐姐填饱我肚子，我填饱姐姐的下面-柚子猫无套内射中国国产麻豆，高颜值，露脸，女神，空姐，秘书，网红，模特，探花，美女，约炮，口爆，范冰冰，口爆，迪丽热巴，黑丝，郑爽，丝袜，主播，直播，china，国产，学生，中文，热门精选
08b63b54107eeed8f2e50cbe5f666b16192f29a8	13967103288	8	911.S04.720p.TVShows
08239d9b10ea3862d4d2e5b4bdb17c8f67a5a0e4	1162371767	1	[BAO] (10096) Scandal in the Vatican 2 - The Swiss Guard - Introducing Joel Birkin as Brother Massimo Morning Devotions (with Joel Birkin) Part 1(816p).mp4
09e77f1748e7330d7cb904686fbe469362c76d1b	193877631	21	2004, 2007
09968f6c0ab8ebfe0da5d4be60956a5573e7ac29	4236918583	2	The House of Magic (2013) เหมียวน้อยพิทักษ์บ้านมายากล
0906054b5b144745f8f28ddbd4208f0dabef2bb0	488254151	4	MMBP20130525
09d77e228439044597099db1d3abd29ebae51eb7	268226442	1	[120215][HCG] [H.P.D.] MONSTER SLAVER ～異種交配多汁淫乱奴隷～, まだ題名のないファンタジー#3 (2CG)
0a1d8a6c8fc782382f9357e0763309ca2ed51080	1641443397	6	0314010
0a708506ec7baa3b7bae192ea2a8aeb5503257d1	512198646	5	3.5-45
0aef79062c0e841ef8d8f7d4c5cc14f18bf711e7	5374007405	33	疯魔舞@www.SexInSex.net@EBOD-703
0b93732b72605fd1aa30b1487bc5f3edfd6ad896	624484024	5	[thz.la]SPE123_s04_1080
0b9af78edaea3e667961e030f5fa867e44dbbad9	1386904438	1	Due fratelli (2004 ITA ENG)[DGF]
0c99b9d3e9afd8f296844d39614389135431ab16	95733158	12	The HawtThorns-2019-Morning Sun
0c3773a4cbe05e14d1d61fb87006b925815d7e43	4680845312	19	[Eurocreme] Eurocreme's Johny Hunter -DVD5
0c0fd7ed5b333071863fcf9b2f5c79345f149694	837829398	9	www.torrenting.com - The.Art.of.Racing.in.the.Rain.2019.BDRip.x264-DRONES
0c014f1c8e6a922da7adaaa34496295fbb7984dc	62683831778	13	Marvels.Jessica.Jones.S01.COMPLETE.1080p.NF.WEBRip.DD5.1.x264-SNEAkY
0d9ec7c515b88c890d583779c35e939821935c23	1173794893	3	관찰카메라 24.E177.210217.720p
0da38485d0ecc8fee9f2d3f436a70aa842650b50	62288647918	44	ORBX MSFS
0e3b3310564767d63deca936ac49691b638c8b7f	1221282075	44	NRS-023-MP4
0e117c40363622652fdc2de6f189fecdde75c2d5	158829903872	14	archiveteam_geocitiesjp_20181111195319
0f2276a02354bb2aef3b7285bdcbdee81939fa50	3688005885	3	Rillington Place - Miniserie Completa (2017)
0f036138da1dca247d8638c5710c9a9430ed6468	2398816354	8	希望之国.Land.of.Hope.2012.720p.BluRay.x264-WiKi.264
0f7ecae127ba62e098b8c425ab10b728a3bdeb86	724111360	1	쇼! 음악중심.E202.100306.HDTV-디투스.avi
0fcd1cbda21a449ee7709fcf09c593ed45ecfbf5	1714870787	139	Herman's Hermits - Into Something Good (The Mickie Most Years 1964-1972) [WEB-flac]
1028c4aeb61b58fa8dbfbf10788dbeb4d8d4f820	1231100990	1	EKDV-473
109cb579cddcb7ac5d0190d5b5bc7f2c77695536	26516953	1	快樂長門人-簡易膝關節拉筋運動-2012-8-4.rmvb
10b3c796216df83d3f05f4baf66dcf0d4011ca48	179652984	3	《川岛莞式探花》中年油腻大叔酒店嫖妓偷拍大奶子卖淫女完事后忙着给朋友打电话
100a275f9d919b7c6aaa75dc3bad19a4670ff8e2	145600232	16	Yellow Jacketz - The Yjz (2019)
10fb939b27e723b46f4674a63cb57838210ceae2	7378276478	5	Kaede Matsushima
11ddc8a15362443d16d6b913fcee812e886e3965	217896361	6	[18Eighteen-PornMegaLoad]Blaire Ivory - Her Parents Wouldn't Approve
11cfc2c14c930d84422a4886838cc5b89540cecf	296949854	1	Teen Student Girls Tiny Teen Private E1.MP4
12290f3f8bd04448eeb516a3d13af094796fe577	859793082	4	怪物.Monster.2021.1080P.WEB-DL.H264.AAC.115WiKi
12acd662232261153cde68f8318d05aa5eb65878	131401628	14	Gaston_Arevalo--Rollin_Ballads-(OKTAFCD006)-WEB-2013-BABAS
12cfe72ba04ebe1ba9328d45b031c5e1a09d45a5	3498221916	4	ADN.024.Rin.Ogawa.JAV.CENSORED.XXX.MKV
13499469a09a368a36cb1d2bc61cf39299b3c71d	203770232	3	老板私人公寓约炮大学生援交妹奶大美腿性感开叉泳装沙发上肏到桌子上大声淫叫说爽对白清晰双机位
137ef68548cba133c6da8b045443689a2da69f98	1109286042	25	12.EvilAngel-Sophia_Grace_&_Mark_Wood-Anal_Younguns_4_Scene_2_肛交粉嫩少女4片段2
13c4c3fde217e89b499f85fb0dc222297b4200cf	644139403	3	FuckinVan.19.07.16.Hanna.Montada.REMASTERED.XXX.720p.HEVC.x265.PRT
14af47636fd73049a36bdc69150ab413e3bb8b1e	1520657	1	afanasev_adeptyi_stuzhi_6_dolgaya_doroga_domoy
142abb6f637649a7b9b5a84d93c8dc2b1da73d6f	1625050175	136	AVGL115MP4
14a398645a5ec1ef6faff451072830baed70cbb4	1628424773	3	A.Boy.Called.Dad.2009.1080p.WEBRip.x264-RARBG
15a95250e667a89ff84694b7f0479fc6693c7e19	996160218	47	ST000369mp4
1560c8893ea24909624eaabeebb6e261412d9132	118022661	19	Rihanna - Music Of The Sun [2005][CD+Vid+Covers]
16a5c202a4d5e88f841c656d9874da9c1a20c092	721927520	1	120804.TTS.Twinkle + Baby Step.2012 DREAM CONCERT TBS ver.HD.1080i-rei.ts
17da303d4306ec4116115a5d38ff8861605107ba	1480622233	112	[www.byte.to].K.20.Die.Legende.der.schwarzen.Maske.German.2008.AC3.DVDRip.XviD-iMPERiUM
18141af2c628883986224e0f346c27d147c2453f	10652195110	8	SW-537
18ea59f631732a8b6961e263f61e398fbf7a24c2	178604408	3	偷情嫂子绑起来玩弄带上口球极尽风骚揉着奶子草着逼口交大鸡巴淫乱的呻吟刺激
195ce878f493b4293e26becb917673cc7e254a6f	20394698598	17	The.Big.Bang.Theory.S03.720p.BluRay.DD5.1.x264-CtrlHD
1aa55b007800879fcd9f40b296ccb05d04870f56	193161612	1	!!##[20101222](18禁アニメ) 愛妻日記.avi
1a314f2b95f0144174f2f3dc751f7b154902f3f1	2177381230	9	[AniMaunt] Yakusoku no Neverland
1bbb24204b7e32e473249ddcc6bfbc9cb3147159	257247608	3	家教给眼镜学妹补习功课趁机把她压在床上一顿啪啪
1cd5ba5f8fd35c2c5cab5471c0986062258a043f	2613811356	4	[psk.la]HEYZO-1719-FHD
1c4a773e50ebb21ff751e76417da35654e3f5a52	712833221	125	dnb2002-08-24.matrix.lund.29007.sbeok.flac16
1d7dfa6c84062192b5244f522e63c8d0442b5d1b	1412429689	1	AssholeFever - Kaisa Nord - Pleasant Homecoming (20.02.2021)
1d25b6fce5b125a6ab4f2a9ab23e1a02be746cee	506066472	2	Kontakt Portable 6.5.2
1e72f372b55d413acd9618388b35c3e411613239	301683662	6	HGC_3859
21c3e4619642c81308d016bbe52fc5eb4b71bd09	1507189502	7	olo@SIS001@ysn-357
21d3b673063d512a3d9ed1d917516e180146dd43	1001228968	1	110514.KBS.평창동계올림픽.유치기원.국민대합창.소녀시대.Hoot.Gee.1080i.HDTV.Mpeg2.by.Yoon-A.ts
2149c87a1a3695e4f1f7f76a1d2da49207167b93	242137886	1	CzechAmateurs.15.03.17.Amateurs.101.720p.x265.mkv
2147f834e06436e881116d09bca89e6220d57bba	7286540848	1	[KBS Joy] 제2회 가온차트 K-POP 어워드.1부+2부.130213.HDQAM.H264.1080i.ts
218c6624766bc339c75b07a7952e843da62b1dea	1147690700	1	GloryholeHustlers.11.04.23.Shelbys.2nd.Visit.XXX.720p.WMV-KTR.PORNOH.INFO.wmv
22ac78f54b572f12a92b754012190f19c03f315b	23210141265	1	Air Force One (1997)(CZ-ENG)1080pHD]
22ba9ad3bd74a0d76558fba76c7c14e472b40dd3	149940	1	Riverdale S05 - Downloader.dmg
2230c93441b60f2cca3f11da1dccf95f8f7f29e4	167021552	27	网红美乳萝莉原味小白兔超嫩粉木耳自慰白浆
23528d2ed2f65eddef4f076276f70b0fa524c2e9	5280192512	7	Shameless.S11. WEBDLRip.TVShows
238c4f8ff89416115abe5880bf096c45892146fb	3486035076	5	那才是我的世界.Keys.to.the.Heart.2017.1080p.FHDRip.H264.AAC.CHS-BTBT4K
249441f5e03bb1b5211cc633f300013e6b1e2503	355541798	9	Beethoven - Piano Concerto No. 1 & Gershwin Piano Concerto - Cherkassky
2421275f9a4380584c379ef4580ac3e880eb32b4	351234980	11	Елена Ваенга - 2021 - #ре#ля
24081ac8c9c829002f58d7e2c68e76c786e400ee	9229384286	1	Romanii.Au.Talent.S11E08.1080i.HDTV.h264-iREAL
24093f8356a882cd243cd89157fb2c3b8c9f59ff	920126882	13	Catwalk Poison Vol.14 (Asuka) (ASUKA)
252d64fa55da412b2723380f9263c8312dadbc0b	3203226982	2	Germany_Bundesliga_2020_2021_25_day_Augsburg_Borussia_Moenchengladbach_720_dfkthbq1968
25fc2b84d1732a7798c2f90f8b16cd48ead19343	3255632964	4	Langrisser.I.and.II.Incl.Update.v1.01.PS4-CUSA16120
25292113e944fa0f7f2af9f59848d1d24685c946	239421816	3	良家人妻最有女人味一头柔顺光泽黑长发嘴巴会吞云吐雾灵活被口得好爽啊大鸡巴插进嘴里射了好多!
266978d79a5a6e14539417f78b8e4da2ce7a174c	168161894	6	Search.Party.S01E01.720p.HEVC.x265-MeGusta
264c6cffd5b3f080ebdc762895cdc979d223015a	1747665513	37	ElectroSluts.15.09.09.Lorelei.Lee.And.Barbary.Rose.XXX.720p.MP4-KTR
268e03c84d9a78b26fc8c9f46009472ece016e82	165903976	1	If Mama Make A Sandwich Will You Fuck And Feed Her Your Cum - Pornhub.com.avi
2647be1e921100285d1c5903cc243c8efbf33fc0	251658466	7	www.Torrenting.com - Private.Eyes.S02E08.720p.HEVC.x265-MeGusta
270b5c7ebe9dd9ea9cc1ef5a79400e3062ac763c	2625828681	1	HND-273
27a40acd65efd539cd540b0bc09a552359c07d70	782476259	19	Billy Cobham 2019-10-01.mk5.perks.flac16.torrent
2758014ef218567891ce341f188b524065b8ae9e	747198244	1	Killergram.15.09.12.Hanna.Montada.Hot.Latina.Creampie.720p.XXX.1080p
28b42becdb4394c91c030861bf262c0f4080a899	2464233376	6	Little Nightmares by xatab
284f69a67db8d62c91595df9def7fb7f6981cb9c	473910553	4	ATKGalleria.15.12.14.Anna.De.Ville.Toys.XXX.1080p.MP4.KTR
292c296ee2be9e38a83391e2ca7019187b4d1584	148980973	1	video
29e523b4cacdd9d7b0b1d9f600858c6150a8a090	240716671	19	【xyz8441094】【sex8.cc】超美白熟女潮噴
291aef1af9ca08a9d71a5ae737c68c85d76cb1a5	16550	4	refs
2a9f46d8fadcaa15065ea93ed75c0d6e350d992f	2865968213	26	Get.Her.Ass.Fucked.2_-_邪恶天使强档新片-猛幹她屁眼_2_720P
2a25ca5f32efb37c571dd6e1d73c0cf46e27cc84	115109448	9	[Collaboration Works]バカな妹を利口にするのは俺の××だけな件について ミルク大好き！！ 御津井 芭華編
2a6311720241165673d2a425449c13301258b4be	612505890	2	RKPrime - Emerald Ocean (Dive Into Emerald Ocean) NEW 05 April 2020
2a94a0507e36b8eb02e624de51993dfece02adfe	735794190	3	Sub Down (1997) Napisy PL
2b51d95a55e8dd8578bbe6e4cc8d0d04a9ccba05	553119231	3	Teen.Mom.Young.and.Pregnant.S01E04.WEB.x264-TBS[rarbg]
2b174c3f95e800d24c6179873c1aa28133d3de56	265636216	3	极品高质量外围妹子特写蹲着口交到床上舔弄开操
2ba30c1385770c1956bf5246f6b701fcedcc916a	7165345	18	(CR37) [Sarurururu (Doru Riheko)] Kyouka Suigetsu (Shinrabansho Choco)
2baa46ab8f80d18b593f0bb66795d07b905f93f0	176507256	3	【AI画质修复】黄先生代班经典一战花3000块约外围大胸情趣装干了两炮年度喜剧大作剧情跌宕起伏(1)
2c98d2ea7ffc6969eb32b01b0a38522162902aa7	707042009	54	MP3-daily-2021-February-20-Hardcore
2ec8b73e63c058fbb0bd2be51bd6d023129e7502	8234569711	30	Copacabana (2010) Retail
2eeb6b09353a9f5ad87a9cc8f285dcccc84b7b1d	2330595901	1	絶対零度～特殊犯罪潜入捜査～ #10「上戸彩、桐谷健太」[1920x1080p H.264 AAC].mkv
2e2c41c294c139c09e6cc04f714480a46ef2f278	13118606	6	Project_Core_-_Betrayal_(2k21_Refix)-(RSR051)-SINGLE-WEB-2021-SRG
2f145ee7fe85ec75d7f70c631720de1807081944	37530329	164	[Anthology] S Collection Vol.1 -Sadistic Bondage Love-
2fc67d52280e3a1bae7abc5e014c8fe9e2c71e9d	40264434	50	0128 無碼VIP9920
30ac368fa98dc75a79ee7c934252716b7b220750	575342236	6	After.The.Reality.2016.BDRip.x264-GETiT[EtMovies]
30289bf1d1290f1f04ae6d28b647954bb2ba348d	145599166	21	Hidden Intent
3199f88e3069d6a41ce77a8fe1eea14ab6f5cc75	6716210035	15	The.Simpsons.S32.720p.Octopus
32d0714412ea20fb6ff8c8b81d97b13c57274911	81822605	5	LinkinParkInTheEndremixByVoltaicLabFeat.COOP3RDRUMM3R
328a261cdcade5c0d6113b8c47e288e53e8fe427	850519771	4	Seth.Meyers.2021.01.07.Bill.Hader.720p.HDTV.x264-60FPS[rarbg]
323e54b65503143237e2cf4777034f40f94f692d	1414529211	13	小屋論壇SMD-25-AVI
32feea2da99955ec5183218ceff3f544e264ed37	1356433240	9	Downloads
327f73c091495d597717af2969bde0d852da3c53	775857042	1	KarupsPC.Melisa.Black.Solo.2.XxX.mp4
3393b9361ac449c86a290ee8ae153dcb8e20f7ab	1746358769	7	Desi Boyz 2011 Hindi 1080p Brrip x264 Ratzz
332f56ac2fce7aa5268211cbacc92056b1e04bef	84080721	3	AllOver30.21.03.15.Jess.Harrington.Ladies.With.Toys.XXX.SD.MP4-KLEENEX
34322dee88c3df604670efcc8c8f204780efe905	2974002967	1	The Sand Pebbles (1966) Dual-Audio
34442b644316e511c90b6be30d9a4674d3c82128	610794270	6	梦幻天堂·龙网(lwgod.com).行尸走肉.第五季.第05集
34755afb6172ce299ca76e32c70898fd9cdfadc4	16919790	5	frenchnavalmight1939
35f9661a2a52a895b5bffa4cb81d922935d3631c	7557212	6	[nicollubin] Piotr Kościelny - Wybrany (2020) [ebook PL] [epub mobi pdf]
35cab4a139c2e72ecf163ffa20f45eaba07d8f7b	22322775	131	reddit_user dickkhickey
359782bbec3eb5fa85cad4384a803a309d9e76fe	2004877434	9	本小姐乃白鸟丽子.Shiratori.Reiko.The.Movie.2016.BD720P.X264.AAC.Japanese.CHS.Mp4Ba
3626691c280db8c80af6413d79fc68d8cb44ad47	250353138	7	olo@SIS001@Cum 4K - Leah Lee（深喉.美鮑.美乳）
38351f872ddfc15bea3d2f0f1e94be84e43deb55	495016978	5	[3D hentai 230] Birth story Umimonogatari
389d12e7aee518eac1f43e2f00475afd64f232a2	1506198215	1	DigitalPlayground.16.03.14.Cadence.Lux.Promo.Pounding.XXX.1080p.MP4-KTR
3892011945e91fa9ba1307983bdbdd15600daab4	178604408	3	颜值不错御姐主播叶子小姐姐和闺蜜户外勾搭男人激情4P啪啪大秀
3827cc3a647cf0900829101041c6d62c54c095d4	3328774153	9	(アジア天国)(0477)アニコス大好き素人娘にコスプレ着させていたずらし放題_激カワ萌えキュンロリ_みなみ
38256372fc13d0c806485fa641b925d677520ce4	1967128829	33	w35
396f0332f1c756dff654724ddbe02b6c0e3ecc2a	12624780094	19	SEAL.Team.2019.S03.SD
39f4f7c69fd1f967fbefb7fca8abe28bf4093eee	651665886	7	亂花@第一會所@(Calen)(SRXV-402)Welcome_マックス_ソープ！！_小川あさ美
3a4ad442c9400ea63878d80785574332a8ac2f03	68494345	9	HGC@2169-國產人妻穿著黑絲情趣套裝在家裏偷情 大奶子性感风骚 被大肚男狂操完后帮忙口活
3a36e189155314ddd8fc087222d881fdf8453662	2262512928	9	SKI0ETH271
3a5f2e2e527c763fd78de027223e55e3c3c83686	133756662	19	Меррит Абрахам - Доктор Лоуэлл - 01 -Гори, ведьма, гори! - Дмитрий Сидаш
3a06019ecc4007ca1a1f86e3e22a07005a4155d4	223693176	3	路边小会所找个制服女技师全套服务热身再去老地方找练瑜伽的极品少妇老板娘啪啪
3beddfaf7f7162058539e3eeada5b9d6f539f63c	10390193664	22	SunbayCity_v2021.02
3dcd7b654caf46ac2d7f99d0bd60287f7563db73	1478857804	4	Star-Crossed!! (2020-2021) (Digital) (danke-Empire)
3d44276eccf94e74cadbf8c47c16b78e0acc11ce	411578751	1	WINK슈박.mkv
3ebcc522dc6b4a32db6ffd6599d120ca18657485	1355049586	4	Tokyo-Hot-k1258-HD
3f7671bc784fec076c56a9803f032c771dfbce45	141279594	10	SexArt - Julia Rain - 性爱的愉悦 (唯美,美腿)
3f99103b5a9435556e0c79a79efc3d7318e269cb	4774392340	2	Vijay The Master Zee5 1080p WEB-DL H264 Hindi AAC2.0
3f309c9925aa6e3c5ecab736479c7dc93c3049f0	1396687372	54	MISM133
405d463636b842f4a95fbd1cb0ce3c3f7094ba9d	1362935340	3	A.Million.Little.Things.S03E02.Writings.on.the.Wall.720p.AMZN.WEBRip.DDP5.1.x264-NTb[rarbg]
40ab7073a8dac18eb296954e419a23a65c6323f6	1052358186	6	NCIS S09E18 720p HDTV Nl subs DutchReleaseTeam
4184e67081502cef00299a5b21f972fa8f406506	1593468561	8	tnt0331@第一会所@愛玩少女 アナル人形8 上原亜衣
42f2cae422f394a26e0372464ebe432191e284b3	921404192	5	DareDorm - Pajama Party
425f0022e1eaaa26597394bb3afb5356c3b8b1e2	331302955	3	BangBros18.19.11.12.Aria.Haze.XXX.720p.HEVC.x265.PRT
424156fdbdbda4c896e4576a8857f3b5b41df4eb	391506828	3	10 MikesApartment - Arteya (Wet Maid) NEW 28 October 2015
43b80f92f444c6b4664c0bdcf5956c6c0d054a71	402341434	6	HGC_4010
435a2a8700d96d1b9a25be384ff2190e27f8faa0	231580317	1	Markus Schulz - Global DJ Broadcast (2012-05-31)
440834e994f7175e91148396a089850e139ee946	3008587981	116	heyzo_1914-mp4
444bb50f0f94a3d7702f25d4ca730428b42dcccc	48506100	169	[Midoh Tsukasa] Setsubun GIRLS
452d71d0c549856b15a7622bd54a6b3d1bffe912	335989937	175	2021-03-15漫畫10
453be273290742f666c4058aec97e0f9517034a3	408154594	4	Kenan.S01E03.720p.WEB.H264-CAKES[rarbg]
4686b495c35a847bd19c23cacfdd3250a3c53170	22286827335	11	Gold.Rush.White.Water.S04
47420d181c3ac0603ed31f724652097e4a1f2964	1384962	25	Maria ga Miteru - Maria-sama's Showing it 2
4716c482bcff603c0a7a64b1c06695332101b9df	291504190	10	TVBOXNOW 六點半新聞報導
485de52cc8b4397d0d676e0ad3ba9e57fb7e9cb3	868849885	1	1672 Bella Rose
490076c850b097e5a3b83ed481a51786c855c008	603683	1	Danielle Steel - De ring van de hartstocht, NL Ebook(epub)
492b4760e7eeec535a2eb04e36b2dfdc66258282	1656551093	3	Robotech_s01
4aa9a7f82111b28d7893c9f2b2ca3befb6a9a3dd	25486440	35	VideoHive - TikTok Promo 29964982
4bf8f1faa8e0467ff439388f3a276c4c7e5b0f06	5332209	25	【二次エロ】今日のお気に入り画像！No.2020年07月16日【25枚】
4b1c214ce934385f4777f6c7130a6b2aa600cb45	11205407870	9	Geordie.Shore.S10.720p.AMZN.WEBRip.DDP2.0.x264-SLAG[rartv]
4bd25678905ec55eb2e3bee762fd0bda65cf6347	225790328	3	苗条身材马尾辫少妇炮击自慰大秀性感黑丝椅子上炮击快速抽插
4c8a15a6dff9c192e14ce4cd641fadd7079ab1e2	1267521024	1	FST038.avi
4cfe946b823297ee074752a95b28b978628687e6	3335731876	6	Legacies.s03.WEBRip.XviD.Rus.BaibaKo.tv
4d220e89006639c662920668ae7ac64754fbd398	7751930214	32	151004 한류 드림콘서트
4dbe1e14ac7aae93e5ff92034593927ffbaae5a7	74597397347	14	The.Walking.Dead.s08.HD1080p.WEBRip.Rus.Eng.BaibaKo.tv
4ee33cd7965226ad1f94021fc3fb4c58e64d6719	740715220	3	Crazy.on.the.Outside.2010.LIMITED.BDRip.XviD-ESPiSE
4e75d4878b82213776b77ffb0ebb624971d53d3c	158681464	3	91粉粉之纯情学生制服主动上位骑乘，白白的屁股细细的腰，身材让人情不自禁[1080p]
4e062213354af4556a4874c9bc6ac7b9b4f69346	60350621	8	Mia Ariannaa - I'm A Good Girl..... Do You Believe Me_ (2021)
4fdde7eea2666c129df911648adcd07d2822fb85	8805941377	3	ConAir.1997.BluRay.1080p.x264.DD5.1.ISO-CMCT
4ffe1f49c6c135dc757802e7a97ac501366365bd	260393336	3	曾经的tumblr大神享受齐人之福多人人的偶像一龙二凤过着没羞没臊的性福生活
4fbffdfed5f4c132af64b4ad9249ea13e22010ee	4746775641	18	072916_644
50ce1784ecb05a537906390b8a4eb58a7b612d72	177154185	12	Torrenting.com - ALSScan 21 03 13 Minxx Marii New Toy XXX XviD-iPT Team
523e83223e268985f2ab4463f49da5e1516c5287	188669457	145	Shalil
521512ba065f86e4a98b704871ab51dce9adbb93	870851519	12	Charles Mingus - Mingus Mingus Mingus Mingus Mingus - 1963-2020 (24-96)
52c85823916d5f5943d9fb15ddb9943c49e8a0ee	4514300343	11	荣耀乒乓.Ping.Pong.2021.1080P.WEB-DL.H264.AAC.115WiKi
52b7c9e0c51bac10efaabc840cdb77583fa588fa	1522996466	2	The_Fall
53e8540e7987553b61ffeac5128719d5c04eb74a	692180149	56	Этвуд М. - Орикс и Коростель.(чит.Петров К.)
5434b5c56c4a41183c9675cf24e75dfce6d7ec74	258296184	3	酒店偷拍新人小哥约炮网红脸外围女聊天热身有点谈女朋友的感觉
54a37be55037b17efdd03d365a73601169fe8299	50334248	3	[99俱乐部-99w.info]狂操制服美女
5548be90f5c7ae9cceb7ee7f30cc64954c1ec92c	13447464	20	[Yokoyama Lynch] Haha, Maid Kissa de Hataraku Mother, You're Working at a Maid Cafe (Hahanama) [English] [Amoskandy]
55e6fa89974133275ea6752d07492c30c437a85c	2940867671	4	Paycheck.2003 [MULTi] [m1080p] [nitroFT]
55ac844127710f06f69710c35a6faaa8941d1eb8	521607388	1	Jimena Lago.avi
55e4c23f8dca007ec73217cef84bdc7742dbb2fc	1674666480	1	h4610_ori1553_hd2.wmv
56191326f49b981720a16f31e2bb942a097dc33f	619975729	42	For.All.Mankind.S02E04.WEB-DL.x264-ION10
569bf70755e365fd0c79b290a8ae6cbbc0fef866	246761848	3	唯美风小师妹开房浴室台前跪地上含屌一进一出深喉还在吃鸡学习初期有待慢慢调教!
56fb9eb400078c8224022c55ca641be3fd379682	14034276435	60	尼基塔[第一季 全22集]@18p2p
5782ae478227c62c6a57f4fb241535ecf7b9002e	2202246799	3	Nomadland.2020.1080p.CZ.SUB.WEBRip.x264-RARBG
5914f4f1a3a909df89362d160068b307ba7a593f	797922760	1	21
595fb2425f2b9c807ba5a9b4292baa91df024193	186455273	9	Bamvisions Asian Slut Audition For Lexi Mansfield XXX P2P
5addbd4cba8c9a3cc8c36f6f319d6e7c6eb2f533	212976197	10	PP福利[www.ppfuli.com]舞女
5b426e1831e609241b1f5f5e0f12a8b75076ee1a	28537135	52	50 Most Amazing Collection of Computer Desktop Wallpapers - 4897 [ECLiPSE]
5b7a3404c30ed4349d704f4f2b21492e27286468	1746918196	14	IENE-489.上原亞衣.朝から晩まで中出しセックス 15 上原亜衣
5ba6b2c6fb92a25fb288665d45cc5acd8eec0182	1723722937	2	Kryuk.2021.WEB-DL.(1080p).Getty
5c1fcfdb597099ba7071928a400410a7edc7fb1d	75236371167	39	DCS.World.v2.5.5.41371.Stable.+.All.Modules.+.Bonus.Modules-FitGirl.Repack
5d7f529c4f3786bdfee965aeef9b74be71509c93	1562914274	2	Calmos.1976.DVDRip.x264.zPZ.[CG]
5d5108bd009b22fabc98ba76ff07209840c806d1	2166480014	1	Обстоятельства места и времени
5d7b637e9ea7600d1b9bb43083616589707b42d9	167217376	126	9STP775
5e1added9f42e66d552dcca50696ea04f796e235	626459014	6	www.torrenting.com - Dragons Den S17E04 1080p HEVC x265-MeGusta
5f8cade4a4c5405e7ceb8abf7f6a6927f7693a6d	476546861	1	CastingCouch-X Mia Malkova
5f684286106ebf929a1f016f8ca29ad6458130b2	616893298	53	10musume-081214_01
5fe79b9549a8094231d874a134aa8147d766d0fd	231266441	4	Lights.Out.With.David.Spade.2020.02.05.Jo.Koy.WEB.x264-TRUMP[rarbg]
602aa3259c492c1820680b7e763cbd65420e244b	172773116	2	Nubiles.21.03.06.Mipa.Like.To.Play.XXX.720p.HEVC.x265.PRT
60b3a308c42bb2269724730daa2216c387341b7d	375554696	65	V.A. - The Very Best Of Euphoric Dance Breakdown 2009
6008e89ffc92205e3c77230031f0754a4ed1138d	2981484539	3	HD_sprd-1372
60a7211f34c1a98bde53dfc82979341b6ca9d9c1	275073400	3	极品双女自慰炮友啪啪跳蛋塞入翘起屁股后入骑坐
60aff080b96165ab9df365383622214cda8343ed	3213029941	9	olo@SIS001@0317-精品合集-10
61c127d58028c4db056eb8b2ff4bf01256ba8032	3722834	45	0314灣搭拉咩拉有碼合輯
617c5b2a74f4aad3b73ad7d191f9b586a9908a4c	5314774387	2	mifd-030
615c34b957c3b4bae8d29cd644f1b1414c3338ad	21577409397	20	Russian Schoolgirls Anal Lessons 1,2,3,4
6297a1b61d0f99ccd87c141f27f8e981e9ee9410	755040001	4	DAND-002[sdy4.net]
62cb25a942a278f482a6612a450523c23750fd24	174246093	1	TRUM-018 想加入男多女少小村落的都市美人妻 次子的妻子 逢泽真里亚
6280564cd419f440772ae874cc1cf77a7d8a3893	448299553	19	1991 Рождественские встречи (2 LP)
626187277bd53da52f5cc0e871cb6fc9ec2edad7	5430144506	7	Hile.S01.1080p.Ultradox
62b82c10de1df0fcd09e7fb1c54c7c902aa795ea	36909875	69	reddit_user ImPresidentCharley
6267f688471a49af1a7483322e0b02ead3dd68f1	563839051	6	9
6532c9587951292f74f80331afd931c920f5020d	217401720	3	福利网红脸丰满身材妹子小视频集情趣内衣口交啪啪牛奶湿身
66e7ab6968f1ddb0af391f372bcba113034f0878	92456196	2	The Reality of Child Trafficking Rings - Sargon of Akkad [1080p]
675ae5d4431039648979386319c7bc152241467a	6539577425	2	OFJE-110
67a9ab93676e38ed6ef625f7dd68f18f8851b3ea	8041047452	4	Poyas.Oriona.2020.HDTV.1080i
685d12b395cb54b2e28cc7b4215d1ce667d3aa8c	25468006	7	Hitta-Arising-(HC005)-WEB-2021-BF
6aa6a434b5dd24589371379d5923fa28d729ae0c	3165345287	4	The.Secrets.She.Keeps.S01E06.1080p.WEB.H264-WHOSNEXT[rarbg]
6a745d867bd6233467c85a66915006564f0c2c14	225066988	1	（精品成人福利 uuc75.com） 28 甜美女神和炮友啪啪自拍撸点很高，女神匀称又丰满的身材技术也到位，全身都还很粉嫩，手感很紧致，女神吃鸡的样子非常美C
6ad4f0a1f9a654953befdf895c71e0902ed282ff	2051203677	4	Very.Good.Girls.2013.720p.BluRay.x264-x0r[N1C]
6b5b7179c49c1a82907f8394eb774bfb09b6f71e	37367240065	8	Remnant From the Ashes
6b03a4271cd725cac2a112fdeb39dcf64a22d886	1657854589	6	我是大神仙.Da.Shen.Xian.2020.S01.WEB-DL.1080P.H264.AAC.115WiKi
6d2331442c02b195d62253534e349fac942ba430	435777595	1	Sunday扮野王09-扮野王終極鬥法-2014-10-12.rmvb
6def43d5fe6ae5ea869ae259c7f5b7d985c17840	4118437005	3	Coming 2 America [WEB-DL-720p] (www.kinokopilka.pro)
6df85b52b69c60c811fa05bbc0121c65dc6bef6a	2822814265	2	Top.Gear.S30E01.1080p.HDTV.H264-ORGANiC
6df5107859a823df41de4fc0680a8eca32c5dbdc	215304568	3	高颜值长相甜美亚籍妹子性感黑色网袜张开腿跳蛋震动道具JJ爆菊非常诱人
6eb0c7e41b3003f129981ff6c8c66e1393515968	388507274	91	Бхагавад Гита
6f31ae9a1e6f3a0a38b6dcd1a85a3130c7944e25	306117590	1	My Boy - Hot Korean Movie 2014 ~ tRaNc3™.mp4
6f61a44862ba6ab07007e46a7f53b3b445a64274	1656106549	28	390JAC-084
6f7ce0c2cc0f823ab14417f9d50f1462708c4bd6	346652404	9	[Big tits at work]How To Suckseed In Business-06-09-19 480p
6fbaba68efdfaa1c0e204c9555a14e7a47f7bef6	1724239582	4	Playing.Cupid.2021.1080p.WEBRip.x264-RARBG
707c5f3c47900508ed40d660b390946c7665ee70	14864119201	6	Tribes.of.Europa.S01.WEB-DLRip.1080p.3xRus.Eng.EniaHD
702c43f13171c790971aa73458a2bb8dc02347d5	592887729	11	1379_sd
71082286568d903f21f75a15b4def7a322b32b49	1260126084	4	Grand Theft Auto XXX Parody
71b7c5fa259bd64884b29613671fefcfeb3da6e5	509604059	3	夜色
71397a3eedd9e51c623d7503fa63a35e4d4e05e8	2136473849	11	NikeのＢ@第一会所@mysistershotfriend - vivianna mulino
7209eff66d4e5786c69f38870bfbdf371b2458e1	826317158	4	Seth.Meyers.2021.01.12.Carey.Mulligan.720p.HDTV.x264-60FPS[rarbg]
73d10a2abd33c36bef1b590ca6ce5363c159fbed	2061679222	4	Zootropola.(2016).1080p.crtani.filmovi.hrvatski.sink.[remastered]
74348811d11a4b8cd371d96046a49edac5b1dbda	5477926417	2	Обломки. Сериал. 2021. EniaHD (WEB-DL 1080p)
748c956346d1628761b2f6473aadffe3a0d328e2	197478776	3	人肉下水道堵了你给我通通对白搞笑淫荡农村稻田旁美女引诱信佛的算命大师找个没人地方啪啪啪
77766d40758681dca0f962d7d3875b123a296c6f	1926308424	43	ElectroSluts.15.08.06.Bella.Rossi.And.Holly.Heart.XXX.720p.MP4-KTR
773ea2c8752e4ae98a9075826ff6db26f90c25c4	1825682022	4	Maplesoft Maple 2021.0 x64
777284fd8bb23c5464d1c59a79342339906670fa	5833433088	10	The Good Doctor. s04 . 2020. WEBDLRip.TVShows
7894c01f557c260e6d0a6dcf2039148c38fe6e0f	1114754457	20	Самаров Г. - Адъютант императрицы
786dd62fdabc218db88ff61dbbbcd2ca210efc6c	748562897	6	Who.s.the.Boss.S02
78319d16e6eefbb2e84dfec6fa0f72529827bd7e	560673577	8	Anthony Lynn - Kob008 [1998]
789157ea50a7a3cbe0a208d0e073e83db623ecc1	751908378	7	HaroldLloyd09
799ebc952630f068bee93b6c10b1a224b5a56629	433792208	1	40
795b8d3512367092748978c9c0dd3c1df0c0597e	489468726	14	Holy Similaun - Ansatz (2021) [24-44,1]
79a0528aa4ecd9b3bb14496492eaaff7e8d2b1c8	378506545	27	Tekniq - Shazbut! (2004) FLAC
7a575578a54d3080b634995bf654f7c5565de968	671064580	1	Linda.Sweet.4On1.Gang.Bangs.11.DogHouseDigital.anal.gangbang.mp4
7a85b6de086d82de80294f5131f3c46b48ec8ce5	827084800	1	Marvel.Studios.Assembled.S01.400p.Ultradox
7b6db5835e4d7839eb1e944f4bcb449e858705a8	53823583	41	Серия - «Детский мир»
7b10a6f509d593f942365e7b864a2653e49aded7	107383995	6	Black_Gale_-_The_World_Without_a_Past
7b8f18b686f0f559a66ffc193dfc627d38b508e6	191940998	18	Lucretia - Discography
7b477791ff989b44617a40491786e6bf112bfef7	725351719	2	Student Of The Year 2012.720p.BluRay.x264-NYDIC [PublicHD]
7c682f8aa5358850b33ea129e3af9515f8089f17	239676185	7	olo@SIS001@259luxu-968
7cf09113dbb4fda860e7976b5245284a3cd5d7bd	2359834069	1	GVG-573
7cc18c14a8d1cb530ef3298b2dc43483ee7951c5	282555237	6	olo@SIS001@[160902][QueenBee]放課後Initiation VOL.2［荒井啓］
7cf4d3bfeff9f19258fa3b88ecf3e62bfd32e3d1	1801467299	3	놀라운 토요일 도레미 마켓.E151.210313.720p
7da4dd6519507a85854098090b74ddf6492c9b0b	3949461516	5	HD-nhdtb-047
7d018afc976852ee0143b9e0d5f77f981de1fb5f	7327574138	4	Мышь [Студия Колобок & XDUB DORAMA]
7da2ba28f824f11234658e584e44e5ab1299ded1	29551933	58	Russian Amateur Photos - Janna (58 Photos Set)
7e3b6dee13ab6247cf971934de6bbd4903378a6b	488641445	2	DISCIPLINE零(ゼロ) Ep.01-02 [EngSubs]
7efa030fcf2516da05be7caa8d3d8be4f693366e	1014228624	25	292my-294-H
7e377b762c254927e83df8c98be0d55e77b3c9b0	757121219	239	PhotoDromm
7f5f7a1947a2d1880c5323584b4c2474de5beb89	56687189	1	(成年コミック) [香月りお] 世間知らずな清楚系JK監禁薬物洗脳でドM玩具になる.zip
7fc930f28790632702cc6c917fa877b2b6514ca4	3223285858	2	리스타트.RE-START.2021.1080p.BluRay.H264.AAC.한글자막
80e53bd8e3342d9a3d8db75658cfdd35a3e35064	1463416832	9	Up Skirts
80fe5c5268942abbbc4d43c0c2164a5f9df6f1b5	504739386	2	夜游神8855@草榴社区@國產豐滿應召女的歡淫 (國語發音)
815511e7924b86a3acbcdab0bed9573e7a832e30	802192038	15	Steve Miller Band 1992-06-20 RFK Stadium Washington,DC AKG 460 Terry Sullivan Master.flac24
8217011c681ade52bdee3eee3b9dded715acf8d4	1076806723	3	쇼 챔피언 비하인드.E194.210309.720p
82fa862fd12aff80e22bfe6d221b8fca2dfb3aef	726852686	4	暴风眼.Storm.Eye.2021.1080P.WEB-DL.H264.AAC.115WiKi
83b0eb09311f4cc475f0a52fb8a3fb8a26a52f93	503030184	1	（精品成人福利 uuc75.com） 05 《老表酒店会所探花》威猛小哥手机选秀挑妹子颜值还可以的会所小姐打桩式暴力插
834fcb59e712876867907bc27308e43a8ca2e2a0	294651939	19	神州号@www.sexinsex.net@漂亮女警
84e1c2f2b1e58ada4ca2b1b90cd1b68f9bf1c727	11915517	31	[Busou Megami (Kannaduki Kanna)] A&M BK~アイアンメイデン~ (Injuu Seisen Twin Angels)
846a8f247dcba42274bf84d350c0f41342748741	1436989440	1	Transylvania. 6.5000.1985.DivX.DVDRip.avi
847de851792e8f5763dc7335df4473ec59e6e274	1021378621	15	女友的大奶子在上面碰撞 超级正点，身材太好了，特别后入式！ 骚货小情人跪在椅子上对着镜子被后入 咬着嘴唇喊舒服
84a35040c735d3a28d683a98c5d58e6c86091ecf	10311477174	111	Frontlines_Fuel_Of_War-Razor1911
858a810e5177f4950ce51d392e2233f9c8834e2c	787573136	7	SPZ-545 帥哥按摩師的下流指法 老公隱藏偷窺…
8609ee0022e301fa3365adb0d4e332ffb0bec428	153548012	1	My.Girlfriends.Busty.Friend.Alexis.Grace.XXX.seXyXpiXels.mp4
86755cda37b33b4a382855bc61e87fdd1b1dc8c9	66064639	1	[じゃみんぐ] 夏艶発情期 第01-03話.zip
87a5269e41358ae2ae88744fb4a1509e92b9e018	1614807391	13	吴天@第一会所@RoundAndBrown - Ashley Aleigh
8774e91e3357662c969a987d38b6278b6135206c	1572681728	7	tambov2005
87c0aef2f955100da0acf20fe0154763717899c4	1264928492	64	TERA016C
8762a7771f612293478f2e44e8e358f1980a9bc5	1017970473	119	dnb2002-07-24.flac16
89a25d2dca480aa72d046648dc940636dddd9473	259344760	3	宾馆上帝视角偸拍有点像姐弟恋的热恋情侣开房啪啪眼镜小伙J8很坚挺皮肤光滑白嫩骚女友边看A片边被干还给毒龙
89e3d28472a03ac963543acec29f61c6d984a4aa	118777838	1	ファンタジーエロスアンソロジー PLUM FE Vol.8.zip
8a4360c713b1d6a7f07831cefdef434a64a79b6f	165751651	28	VA-Deep_House_Alliance-(7640272023302)-WEB-2021-KNOWN
8aa4e1fbcbd3576bf40e81605d02a1e151432485	160778616	3	极品紧致粉穴口挑逗J8硬邦邦后妈的极品粉穴就是不让我插进去下次再让操深喉口交裹射口爆
8aeb4459a6d4716bf525814e461238f5dace85d2	200476107	7	Stormworks Build and Rescue
8aad53268d19c2b5eb0729b8ff8b2ae572cae5d8	261441912	3	金牌女主播璃儿露脸每天人气爆棚,肤白貌美旗袍黑丝诱惑,一多自慰大秀,淫语呻吟浪叫,这身材操着肯定爽第二弹
8bf2c474d9b285e4fec3d07ade6ff12b7398ba10	673014064	1	www.ds24.xyz 新人xh98hx系列之沙发玩舰娘海蓝制服装美少女
8b464a8ec5e87786ce689680233fb317fece5e47	31670426	1	mm-romance-dreamers05-american_christmas-adriana_herrera
8b5e3ff8be40804e60eb2a64142157769257b35f	1396268185	4	Arbitrage.2012.720p.BluRay.H264.AAC-RARBG
8c32e3e0dbc5b8be20bb6b8219a338419c727507	5344608337	19	夺宝奇兵1-4.1981-2008.4.97
8c6e6607386d849685e608ad4c5bb419715eb9c7	1197308636	1	KTRA-023
8ca9c8063becd81c0f5d24aaa1c16f37d6a145d2	322835788	8	天然素人 041916_01 不想露臉的19歲正妹！ 加賀亞衣[無碼中文字幕]
8d931891ce6b818e2064b03a0648ec263fb05739	294756827	1	Van Helsing vs. the Mummy of Amun-Ra (2017) GetComics.INFO.cbr
8d4449422321a7474a09a75d7a07da63bbb1109f	279801537	3	SexArt - Lexi Bloom & Rilee Marks - Six
8d1d7157e9ff27cbffe0d69e0811b2d4fca823a9	317450901	7	olo@SIS001@RK Prime - Whitney Wright（美乳.深喉.美鮑）
8dbd649de594715fa2cd6f505029f099cad0d4c4	271221451	2	PureCFNM.20.02.14.Abigail.Angel.Alice.Judge.And.Cindy.Sun.Plenty.To.Go.Around.XXX.1080p.HEVC.x265.PRT
8d9cdc57fc704db5cf9a5679a6e393518f450ef5	1022099761	9	W275
8e19f3f90c40f87934451f9e0385ac95a3cbb356	84991190	11	The 40 Acre Mule-2019-Goodnight & Good Luck
8e2e6bd197a87406871914446564a390b9e01177	1637385412	10	juy-032
8f24e0ecafda930fd38d9002ec71bc281dc4721e	714641431	2	[SEKAI PROJECT] Shingeki no Kyojin 2
8fe7e0201241034f8fcd5c20b2c3715b7e82ef43	241518968	3	短发文艺大学生妹,纯洁婚纱清趣内衣,和男友视频的同时展示自己小嫩茓紫薇
8f7cbb09046b9ecf50207d3d5b730ce2435f0dd8	45703151	43	the_first_epistle_general_of_peter_ss_librivox
905914b70a839cf983a2b0d2ef3b414242d2f532	264587640	3	深喉咙口交口爆吞精特别收录排尿秀不喜者慎入
9125fa1a31efb580e795ab15700fca5565284638	352639130	3	MilfHunter - Kacey Jordan, Cory Chase (Dick For Two) NEW 02 May 2016
91217fac6cba6dfb13d57c1f6d2a0bcd501272d8	598495296	4	Dragon.Rider.2021.720p.WEB-DL.x265.HEVC-HDETG.com
93b4a2b3484d60a8b9d54bcc2dbfe918106cf0fd	533744857	5	3.15-36
94bf34a2422ebb82a171ec2d7e1e4e214e4c7401	638632828	17	BABY Fuck
94da5785591f8127b070fb2917611a5ef8497268	211222263	26	BoomBox (Rock and Roll, Vintage Psychedelic and House)
955d7c55e964e35a9e405c89064901039eb9bb31	14068975693	177	咱们裸熊.第3季 2017
951d72d849193106bd94bfbdab03b3e46cb15335	265636216	3	91C仔(内裤哥)-珠海高级会所选秀双飞姐妹花高清无水印完整版[1080p]
9570c80f9bfe5e209b4547314ba7da7270da75ec	734040331	2	Club.Paradise.1986.DVDRip.XviD-RETRO
951d7e8e1a9c2a5d6e7d928ff943500abce0bbf2	55417484	5	jewish-kabbalah-zohar-1-25b-exterminate-all-non-jews
96ff26e92fbe4b7963803fd7f4bee9e02519648c	1114645879	31	hjd2048.com_180808模特援交土豪时看见鸡鸡说别吓我怎么那么大-6
9654f502633e6f120f0426df269ffe02226ebeb1	92066029	8	Guenta K. - 2010 - Masters Of The Twilight (Zentimental Records [0205579 A45])
96e7451b253177ca2e2d4f40073cc4fbad051efb	11630240052	2	Snooker WC2013 day 13
977f0b03cd997b7b9a492e6a66df27475ef97c53	989456874	1	TBL-005.avi
9781f25d35ded2a4653e4a38b2444b11735d32a6	402365256	2	DPFanatics.21.03.07.Liza.Shay.Late.For.Meeting.XXX.720p.HEVC.x265.PRT
97cd9ab726cc429452650d6b0ebd747a0cf398f9	645257851	1	Notfallenangel_2021-02-14
98178b4a7c9f550e701e312823b51638c9cc7bac	1011990151	13	G0314016
99fb68e055b9193021a4f714d941d5e25e9a7637	3411552672	189	rbclient-1.1.36.582
9af06b3a65ea019ff4c16c0eb249ad19535bb810	202176858	1	Sweet Smokin Hotties Charlotte Stokely
9ac02816cbfc15ac6a2ba2cc8964870021618c35	1229020258	5	HDV-084-AVI@Touch99
9a47d234249e0af5743ebe32e0fdfccc96c0ecfa	528894857	3	ストリンジェンド～エンジェルたちのプライベートレッスン～[MY BLOW JOBER ACT.02]
9c2dca2cfb22abbaee5ed82f1c54bf5ccf45e774	420515622	30	14.IKnowThatGirl - Kayla Paris - One Night With Ms Paris
9e5c62d1ae7b26025d4a04024b4e8a41eb4e868b	166021496	3	年轻小帅哥吃宵夜被两个性感情趣内衣漂亮小少妇灌醉带去开房撸硬鸡巴强搞
9e400c7b10632095afb1ae14d190d980f59497f8	303122	2	92185706cd1e
9fa739ea6540a30450ea57e2ecfdd49cf040de67	477973393	30	29.Tushy - Ella Nova - His Sex Slave
9f6af93c51afb803d387139dc2e96cf1aa466fb2	170746766	3	Emsisoft Internet Security 9.0.0.5066 Final+Trial resetter~~
a08e89253eb4bbcb6ba625b124ac3bdcf8e87936	447272534	1	ts6625 - Kelly Shore & Tristan.wmv
a011b4cfea053d52cee787238238a46986798173	4469425744	6	Tokyo-Hot n0421-HD
a0a8d1cae372574d04816beac004dacb038a1b9e	4071014	30	0113歐美fhd15支
a0e4c781c2f291fcf6e1b088219b1e0e0b313bdb	1479355939	20	102110_952 by arsenal-fan
a166b99899a1a2abac9e0768bbad69763614ab06	224741752	3	极品爆乳网红【桃气橘子】12月新作户外露出捆绑速插粉穴肆意浪叫高潮喷水
a1fba4ca65b07b03332828e6cf5150b8b4e0ab58	5098392476	1	Hackers.(1995).[1080p].BluRay.DD5.1.x265
a19b4c1a63285a3cc0390114e17325812c1de7c5	796963023	2	DareDorm - Ordering-Strippers
a16c1d570ed2a9c22e064903db2b994bb75f2dff	158681464	3	上海健身美女【咸蛋小姐】这身材练的真好翘得翘肉的肉艹起来舒服极了
a25c9f50b703e34cecd9c6e2cbc3d5a003c4585c	52974244722	13	Geordie.Shore.S17.1080p.AMZN.WEBRip.DDP2.0.x264-SLAG[rartv]
a3414ea84cd4bf6b3cacd51d650d7886381d3405	483039782	15	蜗牛影视很是风骚玩的开自慰工具一大堆随便换着用自慰插穴很淫荡高清电影任意看
a36c33f066c2549a673eff5a03592e88eb4d6916	337953400	7	ying982@wu.ha.free.fr@Madame
a4ef156db77474985b46fabdf1edf360d0d4291e	636243204	5	The.Battle.of.Russia.1943.Part2.BRRip.XviD.MP3-XVID
a5f6b3f8778dc914d76fcbcc86f1f31b4f382535	2968448771	1	CherryPimps.17.10.16.Darcie.Dolce.And.Kissa.Sins.Getting.Her.Wish.With.Kissa.XXX.1080p.MP4-KTR
a5c9e02fd42d8a4fefe3e88c4ea8258e22ca7aec	667774866	2	Джи Вилкс (Big Black Boots) live @ Kors Bar, 27-03-2011
a75617d9091fcc580cf44db490c4baaa50354015	1641144001	3	[DMC.RIP] [Алуника Добровольская] Коды новой женственности
a703de256e53b2bda8d16dc4afccc14c76a87d4a	189090168	3	全国探花约了个白衣骚气少妇按头口交上位骑乘呻吟娇喘连连
a7842906fe1bef2ae79f55e147924a4175e28e58	200570250	1	[NubileFilms] Jassie Gold (Natural Beauty) HD 720p [.mp4]
a7d085bea959ecc8b43156ebe0ec7d90d3c75a73	13009919	4	y-2mate.com-the-prodigy-smack-my-bitch-up-official-uncut-version-videoflv-79iqe-itl-4-se-360p
a7526174889774034c905e70d13b600dc8287ed8	1331451761	10	Under.Siege.1992.720p.BluRay.H264.AAC-RARBG
a8cf5de6e7b29cca83c637c149d634f72c2dbb6f	15571967	45	[Freehand Tamashii (DT Hone)] Shin Local Pako Mama Club New Local Mama Sex Club [English] [CopyOf]
a9b8d40df8fa8a6119554ff3a7fa6e113e88dd2d	312651483	10	James Brogden - 2021 - The Hollow Tree (Horror)
a9922cce6d990ac8127d1ab994ce116be0203347	861069531	3	미스 몬테크리스토.E16.210308.720p
a972e8c39ec3a6accddbd3786f4996cd2e589277	365885525	6	Bud Powell - How High the Moon (1992)
a99b7e55e1f7e3f63d6a8db0de13969a91ccbfa6	301465928	11	Devil Inside Pt 4 Naughty Teacher Julia Ann Seduces Student AdultKing
aa6a77d0a785ad12b80c18afc393f5d6aae6340d	738544319	3	Savages 2012 UNRATED WEBRIP XVID AbSurdiTy
aa8561cf9a8680b010786d057edd2b2e3497e567	732805120	1	[KTV] 해외 특선다큐.100621.세계를 움직이는 달러, 과거와 현재 그리고 미래.CATV.XviD.multi-lemonia.avi
aa447498427ebcb7b8be5b8fa1007c981b4053e0	257949758	10	TVBOXNOW 娛樂頭條 E-news Headline
ab7d19960f17ef0cb9d8399bf73b8118a99ac412	1130059188	5	[thz.la]SPE116_s03_1080
ab39722480ca84c00ca7e4960235929f83345f1d	36247201475	72	Windows 7 SP1 with Update [7601.24566] AIO (x86-x64) by adguard (v21.03.12)
ab1271941610889862dcb5e1f66171885c85e82d	7863072768	16	Колония-The.Colony.(2013).DVD9.3D-2D
ab8c7bed4d2f4c1e52efb209481bad35b5efbe96	1526909064	3	4주년 특집 살림하는 남자들 시즌2.E194.210313.720p
acca65cae3a196b8841f5453aa66e1b50f70c7b0	828561858	22	jufe00086
ac629781f194b9e2369e81a556d0424c31457fe9	10688597208	6	Pennyworth.S02.720p.Kerob
adf19e0411118edafa31adff8df5469eb3e5060b	3995152534	25	Canvas2 七彩的素描
ad281c8e37cee2348c5fde2d5950bc91617844ff	73693209	16	Willie Nelson - Moment of Forever [Country R@P][mp3 192-320]h33t][schon55]
afcffd31c8e6d362c2f65492521f796522a50e92	266684792	3	小宝寻花约了个高颜值白衣黑色短裙妹子69姿势翘起屁股口交
af30d5111384d712b187dae18a96aee38d552dad	991025	1	Edwin de Vries - Dokter Deen, NL Ebook(epub)
b1ef1db54157eb4a38b324b4e4c746d77cd01e29	172040460	1	ShootOurself E06 Melisa Black 720p HEVC x265 piemonster.mkv
b17f19518a0a1979cbd8aa17bd29556892bd207d	991277655	1	Tunna.Bla.Linjen.S01E09.SWEDiSH.720p.WEB.h264-NORUSH
b2072d4ea389325d1986209335b7b88b15687658	4073208597	44	9PING_ENGLISH_DVD_1
b2c20fe32894f1b7b8a7545b2cdb1f93fd8705bd	43138388849	865	The.Longest.Ride.2015.1080p.Blu-ray.AVC.DTS-HD.MA7.1-Thor@HDSky
b2dc7df7240b4adcd3b5606332481efe0385b0fa	2643191029	1	Marvel.Studios.Assembled.s01.HD720p.WEBRip.Rus.BaibaKo.tv
b3cdc0fa5a39262ee0c34fed5bf36b37e1244656	4665648093	3	Painted.Skin.DirCut.2008.BDRip.720p.x264.DTS-CHD
b5c8b9a59504cea9d48d24e631a98329d118dc00	6528356155	20	야마다 1-10
b5ec8f8e2a41d9f40cb11ad40ef964a36f97825f	1806371354	6	warc_www_datasecretslox_com_20210113
b6250334b20a1ee01407be003d45568bb3e80605	4429740534	2	WRC 2021
b6d2c49db9c4b4caae7a3fe441500d60e0df1b4a	3266217671	3	Desperado (1995) [720p] [BRRip] [XviD] [AC3] [Lektor PL]
b6ba5ae2a04e5ef5b9cdd552b679b732771ce79e	2677141639	2	House.Party.Tonights.the.Night.2013.720p.HMAX.WEBRip.DD5.1.x264-NOGRP
b66a364bcc557d79f0e26709de1e738ddbddc8b6	1468505671	3	Последний поезд (www.kinokopilka.tv)
b62983abc227bc01b0307a18d1847de01ce4f0c9	242403870	4	Futani
b627cd255e31f7b9c7ebf2a51570508d26b617d4	228835803	6	【奥特电影】【outdy.com】[功夫熊猫之卷轴的秘密][HD720P.MP4][2016欧美喜剧动作短片][中英字幕]
b65cc20a9e43f39c34f095cbb2442c45c553e3db	907252584	10	会社の為ならお客様
b60c4d936d8b0f99bef608e7851a582f8e813ce9	2118062803	22	King's Raid Ishi o Tsugu Mono-tachi RUS
b78af295bf6ac64fb66c9e2f8e6e44415ae63231	1248617410	3	Pussy Shaved And Ass Fucked 2
b7fe91cefbf13a3b5f2695a7e8837514ad46f065	623840263	6	dz5919
b77a66019ea3def900c03951d4cd228b936f51b9	134802290	6	HGC_3871
b77e9e239fbe1d70d6ddd328e72f979a747e5ffe	783885570	2	[Penthouse] Dana De Armond - (Rump Roast 6) [720p]
b80c6090148cfaabd6740473e90fca569a6c3c1e	3139233527	1	Screenrecorder-22-47-30-751.mp4
b858ab89b7e299222d46399c94933a047a4fcc46	190967851	8	丶尒田，@httpm.haodizhi4.info@松岛枫
b93f2c0a6995c1dfa91a45521e4a6607bbbbebdc	1111143471	1	Tunna.Bla.Linjen.S01E08.SWEDiSH.720p.WEB.h264-NORUSH
ba97fecf23ae95ac3e0ea3b965c71b2c16631273	716177653	19	nicolas1655@第一会所@白嫩长腿丝袜大眼厚唇美女
ba0d27b636e0d98c2ed2353c4b5b5920136de796	89727021	19	THE STYLISTICS
bab6f8d163c7d12182ed7a3737f5e9005ef0c49b	211402869	14	【红葡萄老司机必备】日着打电话的学生妹子对白清晰淫荡
ba0b5541c5eab77a9c34458f8bcc40b4eb31cbbc	644263154	4	Harry.Potter.And.The.Chamber.Of.Secrets.600MB.BRRip.x264-RippeR
bba27f9b86f21fe01b0ae2be35c36384ed95b42d	209013112	3	〖淫乱至极〗疯狂4P玩的一塌糊涂两粉穴美女和两纹身小伙乱操美臀排排翘出屌挨个操太疯狂
bc675cad45b58bcfa2d74e01f53077855bb493b2	2086296344	12	IENF-128_2K-C
bd87cf09773c1459d98f80c7d191812ed6851585	560776579	18	galactic1997-11-06
bdffa6af8ef8ee376c23dc054941086f638b69aa	471597258	13	【南方电影网www.77woo.com】触摸.Touch.2012.DVD-RMV
bdda98a8e5cbb0342233eab3f1c62a8fa19b13ed	41124975	41	Denise Milani - Red Dream
be71d93e084bdcbccf2338f1b486c86283c69805	1391235991	6	Robocock.XXX.DVDRip.x264-UPPERCUT
bf692e869bafa5742481871c842fd26311e2a1ba	1118472302	1	SDMT-093.avi
bf1516ed8f3c6f5b042cdc4446cc86411b6fa4c3	47483477078	2997	Kung.Fu.Panda.2008.x264.Blu-Ray.1080p.HDClub
bfed27daaba34ed33559fceb5f5f8f3aba54dfd0	128136104	41	hebrews_kjv_1111_librivox
bf3e8c650802eeef35ac43ea742d29aeecd2c2ef	392384502	2	[LetsTryAnal] Sarah Vixen (Welcum Back) [.mp4][PornLeech]
c088a0d9ff3c8054dc8f86df7d055fe99758a63f	1358792260	1	Ladyboygold - Yo (Load On MY Belly)
c2527a7d195ada6f04e6e3746c888552b6710b23	5761370	4	WinRAR 9.45 [EN] 64bit + 86bit + Patch +Crack
c241f0de08d9412b5dfff379950231d59fd22ad0	504365118	10	TVBOXNOW ViuTV 上司實習生
c23e908b664cf1ba245317edd65dfe29c3f36ae5	124325038	12	Randolph & Mortimer-Manifesto For A Modern World(2020)
c3b1f3e5c6fff8218cd8fc4aa2649e54b3548f3c	495160174	4	Stephen.Colbert.2021.03.11.Aaron.Paul.WEB.h264-BAE[rarbg]
c317b13da6c04a2b951f05d359fe2457fd8160e5	101464378	10	Orthodoxy-2019-Novus Lux Dominus
c45d321c4f8a9f06b264ce74d25ce3845f85b91f	1696370688	1	Warm Summer Rain (1989) HDTVRip [Hurtom].avi
c47cc4a5424873b4cadf985add409b4de744ce41	1269317037	51	TEAM070AVI
c515b92584d65cc1024f264bedf6a58d82e5fee3	279267704	3	星星放假了萌妹子洗澡刮毛啪啪诱惑,坐在马桶上刮毛胖男69舔逼猛操
c6460fa11ad891cb7eb25ddd24cf1d67d66d434a	198527352	3	『反差女友』人前文静可爱私下情欲母狗性奴狗链跪地爬行被干的伸舌娇喘乞求射嘴里吃主人精华
c7ea855a7f759b3fe34611bd48c480049f3db82e	52755977	7	Meisterik-Acid_B-(KU042)-WEB-2021-KNOWN
c774dc969075fc7fa34c2d51fa12a73a6150a6b5	1495057319	3	The.Perfect.Family.2011.HDTV.AC3-5.1.XviD-SiC
c866758b8dcf6102be827036dd0244b8871da318	1566452093	6	MDB469
c84de5128d1cb7f6960b16325037eb4aa6346c57	2489264257	3	Orphan.Black.S04E02.Transgressive.Border.Crossing.1080p.NF.WEBRip.DD5.1.x264-NTb[rartv]
c81e1ad0736ec9d94ef225ada6ffab719fbaa470	67650794	4	[TardS] Poker + The Baby Birds Of Norman McLaren + Shousei Shikisai Gensou
c98bb7d6932c911645bf8299a648f6233eaca148	518432155	20	Heaven's Cry [1996]
c9bcc1983e8621e8ad7df1ec5c56d2d4ca3a797f	2155084407	1	_Cosplay_in_Japan__Feb_02__2016_Riho_Hasegawa__She_Loves_Her_Cosplay__1080p.mp4
c9a331537bcf6a835bdcbd863ca730d78bd35ece	536577059	18	Кино - В Севкабеле (2021)
c9ae9c8b7583786bbc55dc837f60ff8711615bf3	285281940	1	Brazzers - Teens Like It Big - Tysen Rich, Keiran Lee (The Dick Sucking Skater) [.mp4]
ca749eb4055e78e48a47bf5405c923140b39240b	309191391	21	Бушков Александр – Топоры и стрелы [Бабков Виктор]
ca7372a1f562ae4713da75a3fdffd6001ed3d724	4818706432	9	WandaVision_S01_2021_WEB-DLRip_LF_by_Dalemake
ca4db7802a8442080aa944e4560fdcdb4589a579	180701560	3	停车场里的小骚逼等大哥停好车跑到后座上激情啪啪脱光了主动上位求插浪荡呻吟把大哥刺激好了让大哥抠逼
ca026cdb0d888e098024cb8fea2195a645d0fad6	6017921344	5	2048社区 - big2048.com@118chn00198hhb
ca96c763ddb9774e294e53d1f22f2bc9384b7ef0	10987696	35	[Hino Youhe] Chou Shinyuu dakara Sex mo Suru 正因為是超摯友所以才會啪啪。 (Jujutsu Kaisen) [Chinese] [Digital]
cbb522d878aa88b563958994b0881e73b08d1024	126497298	13	403 - Heroes Part 2 (2021)
cb6e87c09bd5bc6a429905931d7d0da032b183eb	379610491	3	TEATR-TV [PCHLA SZACHRAJKA] [1979]
cb71668453e13666bba003ed5aba8c3a4ca96ff0	21715946953	16	2010 - Shanghai Masters
ccd00553279ca3aff3dadb10d95e175862f8d55c	15622347296	34	150703.2015 DREAM CONCERT TBS-ch ver(150523).HD.1080i-rei
cd76d993bb431b0cd01ff479b263f3ae142ebc13	3953446912	7	The.Resident.(Season 04).TVShows
cd2556a036ee1d3f78aab3bc3fce13513ff990e1	1660944735	19	hhbb_zcm @www.sis001.com@Eden Sinclair - All up in Eden s Garden
cef62b755a5f165c0ae89498690c7be56061d094	14456832586	10	Tensei shitara Slime Datta Ken 2nd Season
cecc72a93892be5064e5a18dac177ccaea38c995	9730844109	3	Narcopolis.2015.1080p.BluRay.x264.DTS-iFT
ceeaf0bfb3104e02e2810cb22e2f4d55698dafb1	273890498	2	Orgasms - Veronika B (Adore Me)
cf8232f853ef765c846472d273b3f7404f146226	25381219000	160	BusyBoxx - V03 Light Flares
cfffaf3036454fa07438ba073a956bb0d421516f	1389887777	9	w824
cf4dddcfae2e589a0e47793f1213baa72d2e099b	109246879910	216	CARLOS
cf106c1272db6d15b04860829184fa76bfa9f1aa	143818709596	21	Black Fuckers 13
cf2e63d48038c1ec7cf41b04a584862f211b45c1	3520682241	5	【ses23.com】RKI-384.1080p
cfa019efb087f2545179c90996e93b0c921f68fc	563624222	4	DigitalDesire.16.01.02.Alex.Grey.XXX.1080p.MP4.KTR
d0dc48829abd4d597145b4d0cdada5837f930743	3853298	40	0417有碼全集
d097321c5eeb6e327bc41ca4a37dc7afe4a6528b	1600175725	1	SVDVD-439.avi
d0c7e0fefb56400503828a6721cd32f4f3196893	309854270	10	TVBOXNOW 溫哥華後生仔傾吓偈
d01341ab6b56ee8aa92cf2f04b1d0bf4c4a10db1	4690629976	100	Written.On.The.Wind.1956.720p.BluRay.x264-SiNNERS
d1708cd9111bd942e385a989d37976f82c9daa19	1004011524	29	mecaca@SOE-371
d1813232fd7923a266aa8ba57aea1933c4d4053c	7328744	8	Britney Spears - Clumsy (Single) (2016) [MP3~320Kbps]~[Hunter] [FRG]
d1631ac3a162107db7d972d3c55ab8217940cb94	343735646	5	Fragments of Lost Memories - 2021 - Decadence (FLAC)
d1ab22ac7295d80a03900b34c4a2ddc91a9d3f96	245713272	3	毛毛非常浓密丰满少妇公共厕所自慰跳蛋塞逼逼坐在地上道具香蕉骑乘抽插
d14f45799f9e7429925ab58231a9543bbbed96b6	1769719299	4	Drink.Slay.Love.2017.1080p.WEBRip.x264-RARBG
d35f74422e71a895d3d7af82122d6f51de48ee15	507772942	56	91燃情美少女_夜店黑丝妹第一部 无水印完整版
d392bfd721ec94f2568afa8b22521cfddc2fe6cb	575460492	59	Geriht
d3e13bc6e1b21455a025f98fee3f990d671530dc	386634073	3	This.Country.S01E04.720p.WEB.H264-DRAWER[rarbg]
d40cab3fc0f147a80e1a1ab5e65b494174784a0f	35048153052	106	София Ротару DSD
d46f0685cd01ef47993ac1e54d88f640c79b2269	73286915	24	Carpenters Gold Greatest Hits
d503f7d4584fba5825d50a09f1de102d91697006	64602961910	34	[4K城堡]带刀女捕快.2011.全34集.WEB-DL.4K.HEVC.AAC[www.4kcb.com]
d563e1a6aeff9ec9dc8c5ba57a37409a6b89248a	5957322	5	YouTube Music Downloader 11.5.0.1 + Key
d57778eda2bfbc8f480c02e53a98aa83f155afd6	1239369038	11	【MONV】1pondo-010313_506
d5f6d05d16ba259c3715cf9754f185a3fd8c27dc	617334280	60	KN Milye kosti
d63f329d57e4122161308c8977057e60f5a6271c	534511678	10	TVBOXNOW 以家人之名
d6c3e6c3940f613ff9e023a437f4c30edcb2c395	10645252461	11	Discovery. Gold Rush. White Water S04 (2020) IPTVRip 720p [by Vaidelot]
d86cde03981a23c3864d4c62630772636f74e24b	91881507	3	fall@草榴社区@[しいなかずき] ばけバレ！
d8c7597370e08d51f9e27bcc82a22a156abbdc66	1163631756	1	[IE] IENE-404 가족여행에서 남자가 나혼자 설마 동정 상실.avi
d8e06165a371abe4f72858be568f8b91176a396e	31816806	172	[Getto Manten] Kanin! Biniku Shimai
d89396e4359a541a15ad54e427f6a540e7a946af	2471569934	15	[Udemy] MikroTik Failover Setup with LABS [EN]
d8f4313bb16da205808f9b3204df982c791f1eec	725832933	61	Дискотека 80-90 х По-Новому Зарубежный выпуск 75 (2021)
d946f6d833c5e1e9050f83e3906fb273aa5cbe98	479861237	1	Slender
da4b22cc20b768642ef20744d0de8a78d7cdbf73	1053530353	7	nykjsfk@www.sexinsex.net@キャットウォーク ポイズン 52 小日向みく
da7458e783823b6cc43f7100d86bf11e9da03c7a	1125325128	5	Initiation of Clanddi
daa722b94f6d9aab04cdcf91daafb225ece6a199	787036088	9	shenchengyan@第一會所@加勒比海盗II
dac33ef7ea1d066f2a301b65b117b6cdc42158ab	115823748	122	Femjoy_ANIKA_Valentino_Champagne_large
daaf840c43c19c2f65ac7ecff6e1ce8ea95512b9	969940491	5	[hshare.net].Gakincho.Rape.[RAW].[3D]
db2070873f664f79674511f94ee5e9ffa76d0c60	1911113194	26	InStyle
db5db2b1f1b974019617a6367dd899bed07e3a8a	1661372729	23	ABP-911
dc990b45fef4d66cee35ff1897efe0042869889d	131883554	2	STINKY PANTIES featuring Sybil
dc80b7b77561a723f0e9843ef6ced2b41538b9db	217401720	3	【AI画质修复】极品空姐花式啪啪蹂躏得女神香汗淋漓娇喘不止
dd211ed93793fcac6b276b4f76c15c58c4e0c500	666474503	1	Candy.Alexa.Mi.Primer.Porno.Yummy.Candy.BigAss.European.Russian.BigTits.PAWG.BigAss.mp4
dd239755dfce8a6d023be3267741c2512bfb7216	3657630886	28	TOMCATS[torrents.ru]
dd89098fe6d53903ff4c7fa8ebb98cc35afa22c1	1969750232	11	139139139139@第一会所@蓝色经典之高挑身材 黑色丝袜
dd1808c026b2a235f3e752fdb058a9bf83c491d9	695163976	10	Aretha Franklin - Sparkle (1976) [Hi-Res]
df66f84193306b2fe017f8464df1bd28c7383902	99893351	14	Chris Brown - Graffiti (2009)
dfd774446ff77a9f26e2f6b4e34b38e70a67a2d3	783045552	10	Luminar AI 1.2.0 (7787) - [MEGATOE,XYZ] - Upload By EliteTorrents
df73c685c34f61d1d2faa75931116932f591a9d9	3836957	3	Fermenting For Dummies by Marni Wasserman, Amelia Jeanroy
e0ea0b14518af4dfec00749dd305d715880f1762	5785233400	1	CHN-103
e05e0ce6a5336c705219293afd4421c624f7d371	2171824981	46	ElectroSluts.15.09.03.Aiden.Starr.And.Ingrid.Mouth.XXX.720p.MP4-KTR
e0aeccc8820869544a93c716db4aca1fb63975a1	233615634	26	Rose City Kings
e01d03b18dd1f435e46107ba1526e976b64c45a8	1955434	2	Internet Download Manager IDM 6.37 build 16 incl Patch revised 28-06-2020 [32bit + 64bit][CrackingPatching]
e0d00b48fab6690d8e08407c1e0a41bcad0c73e0	1702866292	1	IPX-138
e02fcad936baa28eb8f279c01bcee2bad5b7f1ec	221596024	3	【AI画质修复】约操3500高端外围女神美乳苗条沙发调情花式啪啪完美展示
e1b5affb020e4d8a3320189a8c9b5311ecfe895a	953305318	58	10.heydouga4037-353-3
e1bd0b8416952a80707c83f4e3a13f0b22606cba	549407310	3	Phone Booth (2002) BRRip x264[Dual Audio] [English-Hindi] [JOKER]
e41604b7e390ab500c32e1bcb365a0edf9d44413	1238763546	101	VA - 100 Dubstep Club Tracks (Tokyo Women [10036826]) WEB - 2012
e445feac5c505d67d6676e5575b05021e6ff968e	773174533	4	Whore No. 24 (Diana Doll) (2011) XXX
e5d89b10f837157c2aaef58b19eee93907c0824a	68873174838	10	Snowpiercer.S01.1080p.BluRay.DTS-MA5.1.H264-CasStudio
e520183605b85e8df5043817478d1e804a54a591	8601315855	89	Native.Instruments.Komplete.6.VSTi.RTAS.AU.DVDR.D5-DYNAMiCS
e697a44d623321991843aba43b747bdfe09418b8	184773580	2	연우
e7bc821428c0407ba2c1b2c4ac95bbf84cf0257e	923686343	4	The.Flash.2014.S01E01.1080p.WEBRip.x264-xRed
e754b55bfd62d1fa279008228d1fee918a0b74dc	276121976	3	时间暂停玩具极品外送满分女仆肆意玩弄白嫩美乳无套随便操直接内射
e88d4bdc16778789f00dd419ea27750d3cd34f26	924391466	6	abcdong@草榴社區@21岁安西瑠菜 淫穴滿開の悶絕中出し姦
e8b7e558ca03e37ecd97e2945a5e7b1bd7512435	6857214498	2	Ninja.Warrior.Polska.S03E01.PL.1080i.AHDTV.H264-TV4TG
e8db12ec1e43aeab805392d16f73f2513cec4b74	483356747	49	[2021.03.14] w-inds. - 20XX THE BEST INSTRUMENTAL
e8e7e20251df4e72af124d4f50b0fffce9eb30de	13811742720	20	Vikings.S06.LostFilm
e87fa31f553ddf6dce71cb188b8a00f4a91323f5	94113317	1	47
e93f5bd8bb0c84694e0bbcb2fc7f9ee66dc8786c	577951114	1	02.09.2014 - Kamille Amora – That Huge-Boobed Girl In The Hood - HD 720p.mp4
e9bddeaef0acaa40e59d85df8112c88f522f76a8	1248283648	1	EKDV147.avi
ea0f3526713b9f9b5bf186a739a2874d8249c10f	22370717	4	Поступь хаоса
ea4ac1889b019c6fdcd90808db49c0aebeb1a684	2431934295	1	SSNI-035
ea78a9dff0a37a9c243798a62286b08fbadcf3ca	234374495	7	olo@SIS001@RK Prime - Chloe Cherry（深喉.美鮑.劇情）
eb3054a011225afcaf204b3c22593202f32fe90d	186993016	3	〖JVID顶级绝版〗肉欲观察催眠师雪莉酒的性冷感治疗爆表40分掰开抽插流水抽搐高清私拍67P高清
eb2bd884158d213df448715cfd1bed6227e88ca2	3406403874	6	www.lyrics.lol - WWE NXT 2021 03 10 XviD-AFG
ec7b90daba468769ded718d7d65577065c453590	1382023281	17	JUX-021
ecefcfc9bcdac9a670ce03ef21ef784f3347baf8	710696066	118	jeremiah_kjv_1201_librivox
ede6993223f623a5e61d03d2ae9f94edcffdf3e2	160778616	3	花椒混血豪乳女神『迷人的混蛋』翘乳细腰极致诱惑翘美臀后入干到狂喷
ee83270e301b24699aca67f0d5890af77fdb5e69	441762021	1	아디다스녀.mp4
ee21388e4a4cebaeefa1f9f64bb00a4c5375286e	6173504	18	[Amadoiza (Moiky)] Gubijin Senpai no Chaldea Chika Ryoshuu Seikatsu (Fate Grand Order) [English] [Yerika]
ef5a2028fc186bc21f846e88d91b37e19d579e3d	4558180	12	Playboy - Ana Cheri Wallpaper For Ipod:Iphone
ef5870899df6914b4fb9cc438f1365249ff28d9c	2241398908	7	Brazzers - Real Wife Stories 11
efa080cb0a4d1aa0701027bbe42ea8ed5a0cf7ee	319537589	1	PureTaboo - Whitney Wright Youre Safe Now.mp4
f029dee5910af466882046318cc5d4cdaff7d42c	5139169	78	tattoo
f0bb7861510b50c9f948a7243e48fa6160cecc99	155217217	2	MyPervyFamily.21.03.02.Sky.Pierce.Curious.Step-Sis.Explores.Her.Wet.Dreams.XXX.720p.HEVC.x265.PRT
f09dd3aefc4d404452228fd553942db61872e7cd	405856324	15	Agents Of Mercy - The Black Forest (FLAC) (2011) (Neo Prog.)
f015d5da51603c25b14156a8824809946ed648d9	278219128	3	精品小学妹露脸制服诱惑身材超好干净无毛的逼逼特写射她小嘴里
f0eb72994a4571857e587bff2b905d5ed7e48aee	454790291	19	Jan Vayne & Martin Mans - Klaviervirtuozen in Parijs (2009)
f13a3a310b50c0cdb592643277230cba91f79a33	3235385915	9	不求上进的玉子
f1c8a47fa9376f86f0a16962888194bbfd37044f	779788621	4	Way.Down.2021.720p.WEB-DL.x265.HEVC-HDETG.com
f1cab398b796400df84fad29cb6a74839c8a6866	2195623919	1	wlt.16.03.03.dani.daniels.and.abigail.mac.dirty.road.trip.mp4
f12c4e0afbac7d57f38a9af5e8f3e2ed0f0b18da	690835361	2	3DMGAME-Shadow.Empire.New.Planet.Classes-SKIDROW
f245a678d9e8ffa62e5b21b2008dc6786b084030	1239217005	4	Made.in.America.2013.BDRip.x264-NOSCREENS[rarbg]
f36e6846e8e5e6850971b383a43aec845cadba7f	231763046	2	Sybil Stallone (A History of Whoring)
f4f7c5b5ea266e27b87765c8c19b9aef22029434	12140662	1	(C68) [Chikuwano Kimochi (Mira Suteji, Kadota Hisashi)] UZUMAKI (NARUTO) [English] [biribiri].zip
f4bd8008304e1b7bef63207521f34b2e2d951e45	2473427246	25	WANZ-835
f446ce732d05fd2d07761065533cd30fa8e51484	201673080	3	颜值不错御姐主播戴着项链还有兔耳朵一多自慰大秀插穴自慰很是诱人
f5776948327bf5bd456e443f50852c9208a75129	2203495693	6	www.lyrics.lol - WWE NXT UK 2021 02 25 1080p HEVC x265-MeGusta
f5954723f6d86b796323061d8fcb4910b1151a60	3522807342	2	On.The.Seventh.Day.2017.SPANISH.720p.AMZN.WEBRip.DDP2.0.x264-PAAI
f70b81769f368481c3380a0ad8698261ce0b95af	1172635902	2	[ZaZa-Raws] 頭文字D Fifth Stage (DVD 1280x720 Hi10P AC3 Vol.2)
f75579625011d0467c53d5e6cf27531634b133b3	126222494	5	純真無垢なエッチな美少女～CandyRevolutionVol.3～中居ちはる
f8e2c2d44c018f9e2a8b19447f823703e6b31b12	82597680	13	Merciless Terror - Vile Extinction (2013)
f86c1ad589b52b74832002de57ba9a141ace6d39	443814646	16	Eternal Void - Catharsis (Deluxe Edition) (2018) [WEB]
f8629755f20737caff652b8dc38981e563ed62f7	5281388050	7	3DMGAME-The.Forgotten-TiNYiSO
f9f42fbaec2dbb8cde7c09e18d3184974e2a2fb2	819250531	2	AssParade.21.03.15.Richelle.Ryan.XXX.720p.WEB.x264-GalaXXXy[XvX]
f9f317af6934cef0a3ac2e3220d8996883900bf1	724296477	16	【sharemovie】【sex8.cc】702俄罗斯美女厕所
fa43491d14b99015fffc199e0e1a98027ce31e14	541712567	1	Asshole.fever.Pola.XXX.1080p.pornalized.mpeg
fbbdb05b6fd26144e6f6f0550a967d6a93cc4e97	35152595	5	VSO ConvertXtoDVD 5.2.0.64 with Crack + Key [KaranPC]
fbe8efe63d14f8b07a178c26e0b70fd1e2ca03b3	6899671451	13	www.IPTV.memorial - 2ChicksSameTime 19 12 31 Charlotte Sins And Gianna Dior XXX 216
fdad38b909d4ff18dd3ab0286547395986c06b77	12763273006	7	[极盗者].Point.Break.2015.3D.BluRay.1080p.HSBS.x264.DTS-HD.MA7.1-CMCT
fd00ffb3cf0ea011b07d0b549aeb73dfca05677f	339651072	1	[EROBEAT & SubDESU-H] Kafun Shoujo Chuuihou! [10bit.480p]
fdcac7ca89122d8c14159fb46005a46d89108b8c	1154020622	12	Phil Woods Quintet - Souvenirs (1994) [SACD] (2018 DSF-WV Stereo)
fd5f126165eff57a2827172a2805f235738f7ddf	1376267349	3	chikan@T66Y@EYAN-067
fe0716496a350a3978484cb6b61bad1fcec52da9	3772801	6	Sweet As Cane, Salty As Tears by Ken Wheaton (retail) {dwg}
fe4f8a7ab99d1829dbfc876faf83a0fb53b4c7bc	755648090	124	a3kpxui@sexinsex.net@Babes.0411.Sunny.Leone
ff6a87f82f0106481dd12805bed15baa1ff24e5d	257460944	9	Moom - Retarded Memory (2013)
ff38bba6350c78b2a73977f0760e9d36e1d985e3	877802092	14	17
