046bb1220f1e11897f7734b1e365529149a8e651	19656750	5	Real VNC Enterprise Edition v4.4 Incl-Keygen
073b91f62c6e33d6cc351bb20b501a89b2468c82	36251399	1	特色酒店偷拍貌似单位中年男领导约漂亮女下属开房,刚开始美女还有点不情愿想走,被男的抱过来操,前后干了4次!
0abed835b2253f28f0d77ea49aba74c3b2db9085	78963228	1	18岁高三小妹在家自拍视频掰逼自蔚，貌似这处女膜都是自己搞破的
0d4052ba59f4a9072f5cd55e97e1f438625a99e6	61482690	1	新人xlx最新精品-公寓约操穿美少女战士服的性感黑丝美女,先干小穴再用丝袜美腿夹着鸡鸡操,最后射高跟鞋里.国语!
1710832291de33e9f958f7b1513fd639941da123	81410403	86	[nicollubin] Kir Bułyczow - zbiór książek [ebook PL] [epub mobi pdf]
23fcce76826189601e1b3ab99433a7760120b113	211678411	2	League of Denial - The NFL, Concussions and the Battle for Truth - Mark Fainaru-Wada
334d50c5e622c486d579429e18a6632641dc2aa2	2464783490	2	Blow
3864bc511a0f65ee42009f70e8d9e74380bb0c5c	53140936	1	同城交友软件上认识的性感美女少妇聊熟后约出来和朋友一起玩3P,刚操一会就害羞的要求换个人试试.国语无水印!
3c7641d53d1137dff5bd82fe55693cea31912296	3209911982	1	老头草逼好疯狂，骚逼少妇农村勾搭一个人在家的老大爷，给大爷口交大鸡巴还挺硬，各种抽插爆草威风不减当年
40ec631da2f48ba561aa07a3a3463a08fdabe3d1	1977494147	3	트롯 전국체전 스페셜 갈라쇼.E18.210320.450p
47397d45139c4ebb3eaa5591c3840db241818523	62415396	1	清纯学妹颜值很高露脸制服黑丝诱惑，深喉的样子很骚一插到底，奶大肤白淫语呻吟道具插逼自慰，呻吟可射不要错过
6a514307d3257781a5f50d55d3d3e6426b3ecf8f	49552534	1	模特美女系列-酒店爆操公司签约的170CM胸模美女第二弹,拉开双腿激烈爆操,干完一次休息后继续干,嗷嗷叫.原版
6a56413202b24c5dfe2b15db796465f49c7c0c92	56671526	1	PR社极品美乳 完具少女 舔功牛逼 开档黑丝配合振动棒自慰 自己都受不了 大姨妈刚过还出红了 720P高清原版B面
74e284d0d92b722bc97b6671830be1693867e771	42668872	1	商场更衣室偷窥花季美少女试穿性感胸衣,浑圆丰满的玉乳和搔首弄姿的表情忍不住射了
759dd7ca9066a61b2850defab06e2a6d4206185e	17839989	1	长相很有韵味的美丽爆乳少妇喷奶诱惑 肌肤雪白吊钟大奶分外美艳 乳头很大一看就是哺乳过的
79c8fb130615d942f9d2eabce65c50abbcd44f24	1837777250	10	梦幻天堂·龙网(killman.net).720p.携枪流浪汉
7f64ba1bbcf10cd6f080b54cbffaef38832d200d	630860667	8	[Rabu] KareBaka - Wagahai no Kare wa Baka de R
874bac003eab3c6075ce8a664a44f5595ee02ae5	76075665	1	“哎呀妈呀大J8太硬了你又吃葯了”对白搞笑淫荡农村大吊奶白肤老熟女大战大背头白发老头吃过葯来的真猛啊
9eab6c6ab995246bd2d530de90ac58bb433a4737	48360715	1	大鸡巴平头哥借口出差和公司性欲很强的已婚小骚货开房尽情的吹舔各种啪啪
a00580e16bca786c3d89ec8f620c822f0e964505	54154373	1	经商老板私人公寓约啪校园漂亮学生援交妹体态娇小身材纤细青春学生装白丝袜沙发上各种体位大战抱起来日娇喘淫叫
a0bdfde37efe91a0d5299bcc93d129baf4d3a818	43296747	1	房东出租屋偷装摄像头偷窥合租房女白领的隐秘私生活
a5f96fcc0eef7c9c1678f3c72f861948e361f83a	468339304	1	Pornstars Like It Big - Peta Jensen { Sweet Peta Pie - 09.22.2015 - Brazzers } NEW September 22, 2015 480p
a85192442238a45b6d855f94f1a7ebd75dc260c2	614617384	1	大长腿模特身材美女 白丝袜啪啪 炮友心急猛地舔逼插穴 两连炮输出
b612a4ec0005bf7c014b774452ac4afc86862908	723419924	2	WoodmanCastingX.21.03.19.Olivia.Nice.Casting.Hard.XXX.720p.HEVC.x265.PRT
b74295bf70416020b6ea853a09c368eef209df0e	7077816	3	tucows_205563_Escape_Velocity_Override
ba57cb658cc90f7ecabeed682742507fc57b7203	34168548	1	女友和她的闺蜜团一龙3凤的精彩游戏，床上的尤物互相吃奶玩逼抚慰，一起舔大哥的鸡巴，挨个被草精彩刺激
bb1c17e943d7bfabbcb7ac5d6a82263541fb5cdc	24132243	1	忠哥出品露脸小骚摆自封潘金莲，胸前贴个纹身很霸气，火辣热舞全裸自慰骚逼特写道具插入，是不是你的菜
bf885af4303ff603fe437e49a7ab984f3f7ebf69	1272900669	4	zilang7540@0813@miae-096
c72a5c0e88b517d25ca83be36c9c12ced401580b	91999149	13	A Shell in the Pit - Okhlos (Original Soundtrack) (2016)
c7de6a28144f9d5c2efc76fc8c75b4ea30d18261	35635855	1	【情人少妇】我进入她的宿舍 她的室友不在 女朋友就给我口爆 骑着我让我啪啪
c9dc18eb8323a8c97c9a55091846c8a6e35d6d47	28708559	1	萝莉女神大三学妹幻身【三线嫩模初出道】勾引物业水电工无套做爱 近距离抽插特写 速裹J8口爆 高清源码录制
d5251c4d925e42766e25668df88625a5f7b62e6d	1636235298	1	极品身材的小美女主播爱爱的滋味 全裸和炮友在床上调情 操B大秀
f7ec9281daa5cb96ff94541e0a4da9874101ee84	256590415	1	身材火辣的模特美女家里花洒头坏了找师傅来维修勾引他在浴室里激情国语对白
fe5d3f6d7ef45b8eb14b5cc6c7499609af508e3c	273052216	1	rct-565
