0732d9c0cddbd7edbd47a6a8439b686181d127d5	68206073	1	风流老太太阴毛都没有了还很粉与小青年啪啪啪内射说出血了
13b693ab6e09ac87586f6ef2cad2c2bb49a73dab	42384948	1	网红脸主播全裸艳舞脱下内内沙发玩跳蛋自慰
18f385311e2ea97271bb46c8dfc2b7a226b646f7	45419526	1	【重磅推荐】推特大神DOM高质量出品剧情调教刚下班回家的OL 炮机自慰棒轮番插小穴很是精彩
1ae5fd078d41a288173eaa64d54685dc044774f6	26299597	1	【壹屌寻花】甜美外围小姐姐，3500约来共度春宵一刻，玲珑身段美乳坚挺，超清设备完美展示
1f5e4093bc1be9292eb7c4da5edac54fbf7f8fed	1576188116	6	My Wife Loves Workers [2021]
22826d6d7682aa7eb74625ee8f4676ad48143326	55343725	1	对白搞笑淫荡网红美女剧情演绎艺校生马上毕业了大街上被导演相中到公园试戏啪啪回住所继续潜规则内射
23341cfc55f9cf391babf132cd983f19dcd0abae	424435616	3	Faith.Makes.Great.2021.EP01.HD1080P.X264.AAC.Mandarin.CHS.BDE4
2603c15c3376855babccce3f7e9c056ad7315cc1	41986206	1	颜值不错丰满御姐直播大秀 KTV唱歌厕所激情自慰 十分淫荡
2c9d60e6ddf74ce1c453ecfd76f724d1d9ccdc24	1592804713	1	Mr Prepper.zip
33b0ec06873dd1082711e9b432385c37fa8c602b	103444082	1	最新推特网红美少女【工口糯米姬】大尺度新作流出-童颜巨乳长筒袜 卫生间后入玩白嫩美臀 高清私拍63P 高清1080P版 (2)
3c70d5e440c553c408a2ded5f6c16f3ac657877a	217686146	1	[NoraInuG] Time Bokan Series- Otasukeman 18
3f714c9d1a9161372e98627f3ab318a740423238	33375890	1	【仙气飘飘】极品人妻小少妇，老公不在家性欲怎么办，奶油配上大黑牛，骚穴打开淫水流过瘾
441e60c4bc3b7e8c1559cea4f87e69e95c661dc8	35535635	1	道具自慰男女喷最新 一多大秀第一场，学妹制服被猛男蹂躏，玩奶摸逼口交给力，多姿势爆草抽插露脸掰逼特写
48401e47abf360acec3fc1dfb90969992cef4115	35947799	1	老哥【野狼出击】和短发少妇炮友激情啪啪，口交上位骑乘抱起来大力猛操
48ced52de5da53549150790c9041f4844271aac6	32970717	1	91四驱兄弟9月最新作品-身材不错的高挑细长腿女模穿着女仆装啪啪，情趣连体制服魅惑出镜_43分钟完整版～1080P高清原版！
4c68d2570f48175722b12a142a711f332ced7fc6	37150371	1	高颜值气质美女主播和炮友双人啪啪大秀 妹子身材高挑 口交啪啪
4d0905f257750c39b311b9affe81544f1655bc30	1001121855	4	4
4ed62daf8fe2a8923953d6b11ebe167f903660f0	45170937	1	长相甜美女主播欧尼 沙发上全裸自慰扣逼露脸秀 近距离特写声音很嗲很是诱惑
4fab308330a21de910fa3f4097063b4a3ab9d9ff	6013710336	19	Bobs.Burgers.S11.400p.Octopus
517f1c9cca4fe413f61c12338843ccabdd6fdc70	939514304	1	【女神】极品S爆乳尤物私人玩物永久VIP会员版之露乳毛衣 揉爆乳骚粉穴 高清私拍65P 高清720P无水印加长原版
57136a98f9b78bf2e88d97308f0322578a61171a	1143556824	1	漂亮女主播欣欣小骚货不停聊骚 聊的小逼发痒忍不住背着亲哥勾引他兄弟在卧室做爱 无套抽插 高清720P完整版
5911dcc84322080da650531eabe3039e41cdc5cd	53331784	1	别人眼中的贤惠人妻又白又嫩谁都会喜欢，却是我胯下的贱母狗！我点上烟，慢慢享受
5c860de01cbc3d533829c90379d6b21962ecf04e	38425837	1	身材不错丰满御姐主播直播大秀 身材很棒 激情自慰很是诱人
616d66df21bc6e2c8dd56a25db2ba41bc0d21f5c	17453674	1	【黄瓜双洞杀】水水女王 黄瓜战双洞秀
67827ef2d3f82c6aa1064e0052ac61f41825aae3	900269895	13	pacopacomama 031619_052 露出温泉不倫旅行47
6bf444eaa311def59f6305a9994807b9001a71e6	40817055	1	清纯可爱00后小叼妹直播大秀 身材很是丰满 激情自慰 很是诱人
6d99d21bdc521337de23172f10368fcc74c1edc2	797178894	1	小哥刚从南方打工回来就迫不及待的和漂亮媳妇啪啪啪
735b64aaa3b307d213af7f3e0a27a8841a833dc2	844347417	1	极品爆乳母女户外勾搭专家『苍老湿』双飞火爆回归 午夜勾搭闲逛屌丝铁路边玩双飞野战 后入站炮轮插两骚逼
7b49519463e2e9938ee1c7a3f578400fb0411737	51449883	1	【情趣K歌房EP1】麻豆女郎娇羞开唱！直击女神秦可欣嗨到飙高音！？
814745b47f468c92e48242ee1b8e6e5e8536e601	43977647	1	【橙橙小萝莉】好粉嫩的小仙女被调教成了小母狗，爆菊滴蜡各种道具轮番上，白虎小穴一刻也不能闲着
82f5545c02e586babdd5bf3b1e4e831733b85631	31460166	1	实拍安徽新港闹洞房 新娘太激情 新郎尴尬出糗
84abf231db36d5d43f28bab2053d9e09ec92b6d2	25015991	1	颜值不错甜美妹子口交自慰秀 舔JJ插嘴再跳蛋塞入逼逼非常粉嫩微毛
8ea1ab2f969683d0a7a3d023d7b31f7282b974b9	362313687	1	长腿新人辣模『Yuri』高颜值110公分长腿诱惑 敏感嫩穴无套中出高潮抽搐
91bad7968bb7774562ea6d18f3bad334b3436e25	25092137	1	【七天高端外围】今夜高端外围继续，选中青春女神，丝袜情趣美乳C罩杯，娇喘真实激情啪啪，颜值态度销魂一小时
9b04657e2c8b8e6cdbcc53acec73ced787a18b83	473055912	1	高颜值性感网红美女请师傅到地下车库修车时看男的长得帅,故意诱惑勾引,2人车内激情啪啪车震,毛少能叫.国语!
9eb70864c62a56ab89ab7cd859af0f242182f524	51356276	1	寻花最新约的胸大貌美的妹子,像情侣般接吻啪啪必须珍藏
a0aa943e579d846c9f42aea178e0e30a30f06bda	1700910627	1	Karnan (2021) Tamil HDRip - x264 - AAC.mp4
a3331477ad6b82fe5c33eedac2baee9cd8410574	36913906	1	屌哥全国探花酒店约炮偷拍给徒弟小胖约的模特身材牛仔裤兼职白领美眉沙发调情干到床上
a775e6274153df37d0114247090616fbe7dcdb0b	83218758	1	坐在我前排的女同学,总算约了出来,好粉嫩的翡翠鲍鱼,都不忍心插,附学校生活照
a97a58999cf768e3fe806f100f9bc4611d1ccea0	26671116	1	清纯漂亮的校花美女卖身，粉嫩馒头逼真心漂亮，乖乖听话想干嘛干嘛！鲍鱼逼，射在嘴巴里
abea38d545c8d262fa868e4907f56d1fb7f6e0ae	23213595	1	【小宝寻花】凌晨场，约操清纯外围小姐姐，白嫩温柔爱耍小脾气，激情啪啪娇喘不断
ab84c2e6ca72e4a14b21db806b6d0f509df764de	59215015	1	黑车司机邦哥偶遇气质富姐车里搞得不过瘾带回家搞720P高清无水印原版
ae368b62c51d752d2d8ae384e5f690f44d421e33	52683336	1	性感大嘴金发美少妇,开档黑丝袜,极品黝黑沐耳经验丰富诱人,没少被人干
b26bf7b4ac7db8846a73a0deee3be002113c61e4	2437512831	1	最接地气探花村长出击路边按摩店快过年了小姐都哄抬逼价200块的货收600块还想不服务村长很是生气
b827fd4603402a5a9cf34488c37db9b92b70a50f	72166079	1	藕断丝连的前男友正好休假来找我一起玩了一会牌换上兔女郎装激情啪啪啪内射
c19e1d32e6d4947dc96f2b9f69f216cd60d98777	24660189	1	豪华房年轻情侣啪啪啪眼镜牛仔短裤清纯美眉被男友强行揉逼挑逗淫叫不止扒光操她快哭出来了干了妹子3炮
c1ad77c399d0ffcdc3bf67f37a11d11dcf5170bb	1230787289	2	CyberLink PhotoDirector Ultra v12.1.2512.0 (x64) Multilingual Portable [FULL]
c3ac668f0e2bb5d1727752229f135afdf41d7496	40770950	1	气质高颜值美女性感内衣道具自慰近距离特写跳蛋塞入逼逼抽插搞得很湿非常诱人
c416fe138c7527696491efa00e7283c14ed4d2b7	162169368	1	SexWithMuslims.E142.Azoe.CZECH.XXX.480p.MP4-XXX
c6a6d44344999d32f10415ac07a346beae398c67	23412663	1	大金链子小夫妻居家直播屁股上写上公共肉便，谁多可以上揉捏大屁股掰穴，骑乘上位套弄姿势换着操
ca26b814f1037aab7b70754bc36c1feeb37c603f	537320409	1	骚逼少妇真会享受让大哥后入猛烈撞击骚臀啪啪直响，深喉口交大鸡巴浪叫，把大哥榨干跑路自己道具抽插骚逼
d4ab46e519a8eb9fab873bed32930adc531f906b	40396402	1	高清变焦摄像头拍对面谁家小媳妇全裸在厨房切土豆丝
d772c1472dde4a23e6f504c0a9f43c5717157860	605244948	1	无码高清喜欢口活吗那你还说没被处理过,大屁股国模莫雨宾馆大尺度私拍秀口活自摸拔阴毛说好疼国语对白
d749e50fa03ff57d70addaf483c24fa7a10cb466	294567808	51	Georg Boehm - Cantaten - R. Popken - 2008
da18b417645a20b47e15760d5a7f41e31d2ed3ac	49493315	1	95后漂亮女孩，年轻就是好白嫩漂亮BB好紧！
df40332e1e919693248270617d3478cdb2c354e4	15950720	8	doctomandsimon_201910
e1b6c4f12357d90255cd859a328bda3a1d3c1d2d	325287981	1	百度云泄密-从少女到孩子的妈 你究竟经历多少次抽插 大奶风韵翘臀 啪啪极品炮架子
e3b459350cb56e1fc1c9202109d7d575a50fab97	21467342	1	有钱就是好两个欠钱的妹子被拉到酒店直播抵债，大哥当导演指挥小弟玩两个妞。捏她们奶子抠她骚逼轮着来谁都跑不了
e976e1675250e3f14d8054613b7986c21e87b471	220313805	4	[LegalPorno] Anal addicts Victoria Daniels & Lucy Heart creme filled Interracial - Web-DL (1K) [TS]
fb7e243b83eaaa9cb7d421c832e3bb28b377057a	33075471	1	姐妹花奶味少女 共同服侍一男 女上啪啪 然后自慰 很是淫荡
ffe983147242feadd49b6792c0e771925734e266	6558964	27	(C73) [Secret Society M (Kitahara Aki)] Doukoku no Ori (Claymore) [Chinese] [氵无修重嵌] [Decensored] [Digital]
ff97704c04812d10c6ccddab32d1d92f0c8b3c9f	7986749	1	妹纸按照要求展示逼逼并且自慰给大家看19
