033a4bd4494651d29d653bab3d9029a280142bf0	30206002	1	高颜值女神尤物人间妲己 收费大秀 高颜值魔鬼身材
089ed90720e747ef8be65e938d78b43b1455079c	678722163	6	48
0b1580989e72333871fb0220a96df7bb3a11abb9	595038180	5	Line.of.Duty.S06E06.WEBRip.x264-ION10
1027e86cc1b78284d7c13a0f21908465aaadece3	46497146	1	深圳出差顺便约会聊了几个月的少妇网友逼毛刮了一半就赶过来了草到她表情疼苦说疼
137d70f7f36b3c291ceb590a08ecc12db2d35a4c	183211303	1	gvg-956
14efb43eace69f80f10197f2401d6c720da6d9f7	4385950222	1	娇滴滴的大奶D罩杯妹子跟男友酒店4小时直播大秀，大白臀撅起来配上小蛮腰让人血脉偾张，连续干上好几炮才能满足
2fcc6c491922ed2d27b312ec7c73decf19105fdb	24247620	1	新来的社会大姐跟大哥在家激情啪啪，人美逼肥奶子大屁股真带感，淫声浪语激情啪啪直接被干内射，特写看中出
3878f52b275d2da79151d1382ae8ad97236713d1	29141646	1	两个超级粉嫩的小表妹 一个很漂亮一个有点丑 他们就挑丑的一直打了好几炮 漂亮的女孩子在一边摸一边加油
475251c28bde1c9204601b7d57bf84e650b050be	33169706	1	小情侣露脸自拍 发生在厕所里的那些事
4906d9ced2c3fa171f546b1d353a64b62132d9da	109374372	1	【极品女神系列】嗲囡囡FEILIN诱惑视频 小夜猫梦小楠 镂空网衣 性感纹身 奶油涂乳 收费资源 超清1080P原版
5b91dc8071341af91c282252561b31d9ff0240d7	19452007	1	极品美少女臀推足交猛抠无毛美穴高潮白浆泛滥
63eda9db734526c011626624f8e17f0519dde121	302328191	1	miae-171.mp4
71a4cb45a4a43512adc13a5b66d2e5ada12ecc6d	867357899	3	Desk Clerk (2019) [720p] [WEBRip] [YTS.MX]
7abced7a217eedd67913f9cfac33ef4f439ba5da	1686895732	3	3DMGAME-Smelter-Razor1911
7d29eb81e5f29f1edad5bc9e04d4e975664f111b	3307442845	4	Hunt4K.E17.Stacy.Cruz.XXX.1080p.MP4-NBQ[rarbg]
8c3a5f9b028dc514d2c99423dcc555fd40d3af12	300290956	1	广西大壮哥省城嫖妓洗浴中心动情瓦妹妹720P高清无水印原版
8d60699385630a48635372de32290649d849d001	39398243	1	91沈先生探花约了个白衣帽子妹子啪啪，穿上情趣装骑坐翘着屁股后入抬腿抽插
92744c0c0576fc6c3ba41a5b67c79e24eb7faefe	33736165	1	曾火爆网路的本土情侣日常性爱影档 极品身材漂亮正妹双乳浑圆丰满口交啪啪潮吹-完整版
9d68f66f1f09a2b24ebe7d9f28ab4e18b4a06d8c	45339965	1	暗拍丝足会所制服诱惑足交指划漫游超爽体验
b61fa03214416ddf88e22d99292dfc206ef250b1	27303971	1	小哥年轻妹子干多了,这次约了位短发气质轻熟女啪啪,经验丰富会的多,操的如鱼得水淫叫不止,欲死欲仙.国语!
bf178f2b4d7116a2455a31b674e36e13f6454b6c	48088406	1	太原乱伦，磨了好久嫂子终于愿意露脸吃鸡，舔的那叫一个认真啊！
c6df9705d1234b730ef9162abd08e9ecb741298b	13262580	1	太子探花极品鸭哥代班约了个黑裙少妇，穿上情趣装沙发上骑坐后入猛操
d847b85fbd2db10f0739b5f8a79c9ef7ba3329a5	51266102	1	“多少人惦记我这身体”对白精彩康大神酒店约啪学院在读马尾辫大波肥臀学生妹穿上黑丝各种体位爆插操的叫老公好爽
f15d04ab19ee38a3143dec8a722d0566b41d0de9	40922737	1	最新推特女神精品博主高颜值反差美女大尺度性爱私拍流出 极品『骚+浪+贱』精致粉穴 完美身材 神屌篇 高清完整版
f7d2b22efb670d568ae0aaa296e3c04a0a554dbb	32034143	1	漂亮大奶美女不停的搓揉阴毛没多少的骚穴自慰 表情很淫荡很享受
