006b4b265d7a1c31f45fc37d3faf434f78de1043	2091669820	1	Booksmart.2019.1080p.BluRay.Por.FKMETAL333-www.anterux.com.mp4
00e2a21a4e8f390bca81e98fc2e7043c22563ce1	167934702	3	富二代名流酒会上搭讪认识的高雅素质拜金美女肤白美乳
014548aef90c27752821a4cd4da9525bc8d6cdfb	143817454	3	温泉洗浴中心蜂腰翘臀富姐最近脖子痛包房男技师给精油SPA按摩重点照顾阴部二指禅抠的骚货水声清脆欲仙欲死
0224eddffd05be5f258cf59f0dfec39975bad59f	1284561129	1	[Erai-raws] Wonder Egg Priority - 12 END [1080p].mkv
03fa3aedeeeb253f9dc8d8849645ff87c7e0cc4c	114372903	1	[武田弘光] 爆乳パーティーNTR進捗210318
0421bb56b589179d98b417dde8d323a360ed5659	7466315391	7	Mafia 2
044b470fe0c530a19b67c74cab4bc59eb5dae3cd	47457891	44	SuicideGirls.com_14.04.12.Rousslee.Wanna.Trash.XXX.iMAGESET-OHRLY[rarbg]
0510a49a082d73cbb62000a306e6d03d1279093c	349412763	4	PlayboyPlus.12.10.07.Chloe.Michele.Smokin.Boots.XXX.1080p.MP4-VSEX[rbg]
05e802e7d10c4ae6d293769778f54a28160febce	1482929466	104	Obscene.Wife.Advent.Vol.22.Ranko.Miyama.SKY210.DVDRip.XviD.JAV.Uncensored-JapanX
06ea330a7021c91f964a491d8873d5a452770c65	240286446	3	麻豆三十天企划第十二天Day12主观视角的情欲诱惑—流行会过去风格会永存
06a9494cd9f8c35c11844c2f6314726e583d95aa	796023608	1	The Lion (1962)
0695ac86527575b7c2ca15b89be34bbfc6b421c8	794006578	1	Hall.of.Flame.Top.100.Comedy.Central.Roast.Moments.S01E01.UNCENSORED.XviD-AFG[eztv.re].avi
07aff6dbbe6ab52c9181df60384ad614f404c70f	2284232324	19	Y024
07aa8b430fb91e69ead51eb6220527241d806736	1153683021	28	heyzo_hd_2011_full
07bbd37ec7b26c801372694ea371c804ae1d98e6	23456911	2	Valheim v0.142.6
08d71fe72369f3b8e3d8203aadbe081a15a40910	5238456842	4	Puppet Master 5 [Rocco Siffredi] (2009) 720p
08c61f5ba807107502a59502b977090d88786592	3354980502	1	L'amant 1992 Remastered BR EAC3 VFF 1080p x265 10Bits T0M.mkv
09a104b395640a4c92fa31e62c50c1a76a05a779	244109073	1	AngelaWhite Angela White And James Deen 019 720p HEVC x265 piemonster.mkv
09338f4f671ec17811e439a6f4b3d2a3a15a6d92	132305940	1	403024.zip
099ea039593fea8271ae868f7c1db72c4b3e98e4	2428972373	18	Private Superfuckers 1_
0aa475b63e840a7e4d281fc420fe8a68cb7966a5	423850442	1	PureTaboo - Lena Paul And Jay Taylor His Anal Mistress.mp4
0a10bcc9a848a9adcbe140f60be4380ce58359fd	1349642607	58	DES006
0b47a46bd2e053938e4f4637eb3af3b55af14355	452890631	1	[YuiSubs] Wonder Egg Priority - 12 (NVENC H.265 1080p).mkv
0b72263d828ff41a95608d623e73e997e934608a	1502649506	2	Snowpiercer.S02E09.720p.NF.WEB.DDP5.1.Atmos.x264-TOMMY[rartv]
0b95a5255908021d399ae7c173f0e229e0937ceb	23456911	2	iMyfone Umate Pro v4.1.1.1 Final + Crack
0c45eba98e8af0664a9b1371009566271b9b3702	2470402571	58	IPTD939
0c0f4d07e1d5b5d97ed2ccdb04dc1ac030beb95a	23456910	2	The.Sims.4.Digital.Deluxe.Edition.v1.29.69.1020.MULTi17-ElAmigos
0cc281a346d6448c6158df527b1abd9594d82eb9	61765059	1	[NC-Raws] 小妖怪 - 39 [Baha][WEB-DL][1080p][AVC AAC][CHT][MP4].mp4
0c88704f9bb5266973d212e6526fc6d262bd69d7	1055865718	2	100 Rifles (1969) [720p] [BluRay] [YTS.MX]
0d827e1f3e65ca14ff9ebe84b8744806000ce488	1034276506	1	【嫖王探花记】专业蹲点大学，再约大三学生妹兼职，第一次体验大黑牛爽得爱不释手，观音坐莲师姐的技术果然更好
0d078719c5e8666083700a553f4e537bc78384f9	5508274784	6	【性吧论坛.com】tokyo-hot-n0937
0ef34bff2bf1413615ea94266f6c5897fefaec89	98192514	6	www.lyrics.lol - Breeders S02E03 480p x264-mSD
0ea9015ac8c6f3ecbea50c4c12da6afc6cba598a	20803747853	129	七星夜@18p2p@Mywife合集第八季
0f237462da90815720f5f871ce5c4298668a9068	126627112	7	35.模特身材的黑丝袜极品美女被面具男各种姿势狠干，叫声诱人
0fa8debeb5e472c4205ca806c5d9b4accf6e0ab8	666057414	7	olo@SIS001@AVSA-110_HD_CH
0f183f6d4935d2dff45a000b6bec4c58e23285f7	3343994897	9	Playboy.tv - Canoga Park - HD
10b97b0b7f187543f7ba2b1ae867a629f200231d	1641219586	3	Universal Soldier The Return (1999) [1080p] [BluRay] [5.1] [YTS.MX]
10617b252a681db5d464babbcff8d9d9f4d7652a	178640950	1	Sister.Wives.S15E06.Different.Wives.Different.Rules.480p.x264-mSD[eztv.re].mkv
106877167213e5036234682996e62719047ee549	1222534548	28	heyzo_hd_2012_full
10836cc645753e9e58056408882cc01fafdfc67a	8650615004	14	Угрюм-река
11f01486b8705920fc50e01a1ff2a17ba7c2d55a	1259575296	1	El.Hombre.De.Arena.Spanish.XviD.AC3.DVDRip.By.FreAk.TEAm.avi
1170a27ea5f3dc2c00cd9c1e0ba1f1906e55d68f	5202848659	2	Snowpiercer.S02E10.1080p.NF.WEB.DDP5.1.Atmos.x264-TOMMY[TGx]
115e59914a4df87e16b395f65fb8889a796797cc	331882924	1	[SubsPlease] Wonder Egg Priority - 12 (540p) [F60A7E2F].mkv
110879127af07d9a2b296b0e64a92809d9a37de4	2889982118	12	[Judas] Tensei Shitara Slime Datta Ken (Season 2) [1080p][HEVC x265 10bit][Multi-Subs]
11e9a29672f115b7456e58183d261e1bb66260ec	1184184206	12	[ASW] Pui Pui Molcar (Season 1) [1080p HEVC x265 10Bit][AAC] (Batch)
1160f8e9d9b37ae6a4b95b881015f6b98d99e2f5	1816591494	1	Shalina Devine - Restless Hands 032121.mp4
125c93f8816c6c2caa36723863ed417b29ab4ace	314813504	6	36
130303e840ad764d3be094b2b02b343edc069227	276984996	4	Belladonna Violence
13281fc09d0791a375e090d6203cb972ddb19656	127865454592	1	CobaltoV4_PI4_128GB_7.1.1.IMG
13b6134b22cf7eb85734dc623a8c852921af1f6a	961332899	2	Asian.Dolls.From.Russia.XXX.DVDRip
1367e37dbd883b5cb5df89bfb3a20b6a8f33fb9d	1630371574	1	Rampage (1963) Dual-Audio
136782d455c3fe502b8a491e9eac951020e69eb3	5428633729	1	战神VS良家，撸点狠高的少妇情趣装开档丝袜跟大哥就是嗨，各种激情啪啪情趣调情爆菊花，享受性爱快感
13294c659ed5d2a3a72b675e266c75ebb3aeffcc	141966473	11	2口罩妹紙咪咪逼逼隨便露就是不露臉
147317399c177b857664ef5d35c7d7db44c5303f	1211984595	1	(ゲイ ホモ Gay Ogm) COAT WEST MANIAC 3 SPY CAM 盗撮 [1h49m04s].zip
14a73a7ea0535ec0b97b6a11f2fe56e13a0a1e62	3570539877	1	TeamSkeetExtras.19.12.16.Holly.Travis.Her.First.Facefuck.XXX.1080p.MP4-KTR[XoX]
1429ceb744cbc57de80e259710b61fc5ebe621da	1864372005	6	【性吧论坛.com】DadCrush-KylieRocket
15e7285989857164faff7580b3f7afc1ca508620	1912044269	35	hjd2048.com_180417-DDF-Toe Touching Babe's Orgasm
15c24b0a7f34e6418ea72f7730be8372211b733d	353056554	1	TH3612--WWW.91TANHUA.COM--文轩探花第二场壹哥上场约了个金色短发大耳环妹子，大长腿穿上开档黑丝特写口交掰穴后入猛操.mp4
1581d9798cde02c1048f6e0d74db69064c188683	1277443129	6	美女【法拉女神】收费房 口交 啪啪无套大秀,颜值不错 大长腿 那双玉足特别好看
164a651d06a8304fb2031e206c8f8d91d75def35	261155220	14	高颜值美女江苏王悠悠第一期侧镜版720P
1697f54036b533112d6ec6ed2598246b2e03206a	5191616895	33	ebod00808
174868633a88007a197bb80a6067293488a2ed51	491819089	7	Emmerdale S52E074 720p 30-03-2021 HDTV-Stymie
1879e88df1c3dbae37949258caf69c65f97be009	149992	1	Breaking Bad S02 - Downloader.dmg
18970ed878b22049a5f6eaf208461719319a9416	866778811	1	国产经典作品换妻俱乐部群P两个骚货被各种玩弄谁也不闲着失控嗷嗷叫亮点是高潮宫缩喷水持续数秒国语对白1080P原版
18eb6f38637a2587067f7a85442d11f84252fa81	684477341	1	自购精品91天堂CNSW-01松尾系列第一季：女友闺蜜的F-CUP诱惑高清完整版
186ab9492109c25b7c609e84c2ddebbee3caa797	23456910	2	Microsoft Office 2019 Pro Plus Retail MULTi-25 NOV 2020 {Gen2}
181b469950b1e7acb3b50d6987d0c84c586a34d1	937204518	28	allanal.21.02.25.nikole.nash.and.aliya.brynn
191d0ed61f38dc34eecacb2694d39e838f213ad4	1123216491	1	情趣酒店绿色主题白色大圆床摄像头偷拍情侣开房男的一边玩手机一边和女友玩六九式
19e1b2a3ef43ef514c3be1f0c41141847722f7e8	284194478	1	极品爆乳网红妖姬『王瑞儿』土豪一对一私拍流出 首次三点全露 妩媚妖姿 爆乳超圆挺 高清720P版
1a78b10821c1bf1e84529e65a40f552977a12e1b	767903759	7	olo@SIS001@1pondo-050515_074
1aeef553d6ec9024bf63f283fa07615cc2916f49	609113769	1	大一小学妹在宿舍拉起蚊帐,偷偷做羞羞的事,好粉嫩的鲍鱼,说只跟男友做了四五次
1a1e73f7d95f77321fb061f7b060a508bcdbd5a9	23456910	2	Autodesk AutoCAD 2016 [32-64 Bit] - [FirstUploads]
1abd617ab5e78c6dffa6066106daa3f998b041d9	20923356	4	VPN Free - Betternet Hotspot VPN v5.11.0 Premium Mod Apk {CracksHash}
1af8be98a8c7c0828db06584b04a0ec5cfa080f6	307587819	1	breeders.s02e03.720p.web.h264-glhf[eztv.re].mkv
1b0e582c18f15cdd63c4b8c61192f50418b6900b	1017471665	1	태고신왕.E12.210330.720p-NEXT.mp4
1ba562ff855cd14d5921d578b227d7672d70301a	746872859	23	CGHLZHDDXJ
1b86f3ad51fc63575389415962de21c0a626757d	597075980	33	176CM96年馒头逼D罩杯模特张潇晨打炮 爆草白嫩女友露脸拍摄国语对白 风情的美女露脸做爱
1be71b06c106c97f00485485ad8a9cdc26930d8c	940047065	19	MKBD-S51
1b261a4d38ef846b48d50eca8e79e2b1e6c01ecb	940313930	1	[X-Art] Scarlet, Kendall [So Right It's Wrong][1080p] [.mp4][PornLeech]
1c15bddad3477d3fbe72746a1b112343864c1b24	513172644	1	残骸.Debris.S01E05.中英初版.WEB.720P.甜饼字幕组.mp4
1c87dacc7da7c9e040baee10bdc3a1499bd3b429	228540864	1	[050613][RJ004418] ラブきす いちごバージョン (Ichigo 100%).rar
1ce9e5a9ca1fa26adcb11091589fd53b5b23f73f	12188229722	1	Where The Trail Ends.mkv
1cbeba5ee40a3fd2991d711e84c755e0afe34b77	68040599	1	U2 - Hold Me, Thrill Me, Kiss Me, Kill Me [Batman Forever OST] [by Praetorious].mkv
1cb844c47a553cc6abfdc5193e762e314527ae79	23456910	2	MathWorks MATLAB R2018a (64bit) + Crack
1df126daf9fabd269d1679d3ac6f40d20c855634	4252287305	8	Tolkien 2019 Bonus BR AC3 VFF ENG 1080p x265 10Bits T0M
1d8acbbc2e159a44cc7d4b231b4004ac9ab2a072	1507503333	1	SVDVD-773
1d6b13cdfd775ba56e85ade590b5e47d8c3ae073	6084459160	3	色.戒.Lust.Caution@99hifi
1dd3ea9693910ba4c42e39dc7f1ee1fce51f988e	8631144	22	(C74) [Tololinco (Tololi)] Louise to Issho! (Zero no Tsukaima [The Familiar of Zero])
1d78effdd18a649f8f68ce7a74e4f0c76ddbbda8	1413035567	1	RJ315909.zip
1d63242a3e9c63d15b503d70eb0def14f8972bba	307588532	3	Breeders.S02E03.720p.WEB.H264-GLHF[TGx]
1e59f59d48d62906231ea546f062b14861de8248	528515774	4	BondageCafe.E0843.Kobe.Lee.XXX.720p.WMV.hUSHhUSH
1e3d7a19ce5a4d18d6546569e40042c6cc625c49	672925026	2	Fast.Furious.Spy.Racers.S01E01.720p.WEB.x264-STRiFE[rartv]
1e8325cabc2a5e4a2bb639c06433d75d5ac534a0	349660779	1	（精品成人福利 uun35.com） 27 【百度云泄密】流出视图某高校颜值美女和帅气男友自拍照穿着情趣内衣啪啪
1e54dadbfead164d67b153de803256db00ee0ad1	2154685003	1	The.Bachelor.NZ.S04E12.1080p.HDTV.x264-WURUHI[eztv.re].mkv
1eb8a63d1e67434842cd4465a79424b4bdcac5e7	146963182	3	最新流出【SPA阴道按摩】三个白嫩闺蜜过来做全身按摩兴起之时性战群芳狂操众嫩鲍挨个操无套内射高清源
1f8144dc3b4d5b6a495bc726538ccbe66defcf31	1058504984	3	MIAE-068
1f6d987451988111aa4548325930d7f563cf5675	1411535841	3	ErotiqueTVLive.14.07.13.Kimberly.Kendall.XXX.1080p.MP4-KTR[N1C]
1f8c3f59b85d6f2d174b1d7b47b5d78e73a3917f	2278658010	11	240TOKYO-419
21609dec137aa66bc0af7e3932eb16366e4745b8	8394806607	2	Kingdom.Hearts.Melody.of.Memory-CODEX
21d247ba1b3a9344b29e17dbe71fbd950258ecfb	23456911	2	KMS Activator for Microsoft Windows 8 Server 2012 and Office 2013 All Editions-KMS
22dddaa968585119bc3cd8f6592feaf6c4dedb3a	302675155	1	[246porn.com] 19536 Sweet Sinner - Photographer cant Resist the Stunning Babe Molly Manson after Photoshoot_MileHigh_720p.mp4
220e9daac7535f39bd667feb078e0dad673dc76f	5701972542	12	4887799436037834422.HD
22fcb4175d91c1cf5af3cefceb4c2a32cd7eb790	1097471098	1	Si.J.Etais.Un.Homme.2017.FRENCH.HDRip.x264-NEWCiNE.mkv
224afa286cd87d3285067c1276b5bbec6ee057be	1813325426	3	PPPD-589
221977f381c4953791540f4b752d070bd02265d6	274180521	1	愛原.rmvb
227edff6721a96686e46c11afe28ee8b3c0463e8	1022979113	2	Jesse James (1939) [720p] [BluRay] [YTS.MX]
2302c96550dfe8b52fc918eaa553c68008f73301	372518400	2	MilfHunter.19.04.29.Olivia.Austin.Produce.Aisle.Poonani.XXX.720p.WEB.x264-GalaXXXy[XvX]
23e3ffa0110442007c2d58a5963f54b554aa8d9b	837862408	5	177
23c935e4fb01c7f3740945b10318c90b639de89d	1628819142	4	LezCuties.21.03.30.Kaisa.Nord.Mona.Blue.And.Nata.Paradise.Delicious.Distractions.XXX.1080p.MP4-WRB[rarbg]
2351af9f7b711c326390b0421eec0ceff107b7df	153254638	3	家庭摄像头偷拍刚结婚小夫妻,卧室腻歪做爱
246caf2ce142fb3ea1ebc82891e541ddd5608201	523276279	1	Ｃ３１０１.zip
24f1045c8d568ce89918898a148da036eb7c8010	2695078	1	girls gone wild.zip
243c86d6edc6df302f0c1ac0d6d9fd5d2b19e347	4592074048	9	第一會所新片@SIS001@(MAXING)(MXGS-945)新人_紗凪美羽～元芸能人AVデビュー！
2431ab0f80962d06c33c8bb869e0a713ad9ddd6e	22882025388	1	Blue Streak 1999 BluRay REMUX 1080p AVC TrueHD5.1 DD5.1-CHD
244bf0403f97ffd0f17ba744a258db5e3afc40a4	193651559	24	085 1996 Charlie Barnet - Skyliner 1940-1945, Vol. 2 (Jazz Archives) {Epm} [WEB]
243ee9d74b8e8883fc9879afd4783bef0d7df8ae	3758713315	1	Mutant Chronicles 2008 Extended BR EAC3 VFF ENG 1080p x265 10Bits T0M.mkv
25951da31fcf178b287d98fb7089ca31f896bc91	50488115	1	(C88) [やし屋 (YASSY)] エロ閻魔と触手10000匹 (東方Project) [DL版].zip
258b6c1f1de003e85fabdd52a4b8e19b93dc7f92	381609550	1	Rose.Monroe.Bruno.Dickemz.bigbooty.dildo.office.secretary.cumshot.agrezoo.mp4
25819c85d9bde651fac8b79191243559a5bf67ac	597753125	1	酒店情趣房美式大床偷拍非常会玩的情人男女穿上情趣内衣高跟各种姿势草
25de50c5ddf5b5fab87f588005ed26014e91c9bb	940641323	1	Civil.Brand.2002.720p.WEBRip.Hindi.Dub.Dual-Audio.x264-PM.mkv
25824100a954e98384aa41b8099e85510b09afee	2498491819	4	PornstarPlatinum.20.09.21.Veronica.Avluv.in.Double.Wand.Squirting.Sensation.XXX.1080p.MP4-OiLED[rarbg]
2763a07c6a3b8917112300b42f03f7a155f9ba06	903792685	11	【sharemovie】【sex8.cc】armd-570 -美丽的屁股，臀部导致勃起
27b41d547ccd9e646207cfc007f105fdc57cd825	3705517670	3	Q.Into.the.Storm.S01E04.Panic.in.D.C.1080p.AMZN.WEBRip.DDP5.1.x264-BTN[rarbg]
277a9d5cae421ab2551f745742e2ca854838f62a	4136179214	33	icig00001
2704262cb282094fd5d97eea58489bb6ce5f7a2d	1137298547	4	Sasha Hearts Foot Fetish
27556cd118417b0f304a55eff797941f08a767a9	5406869504	8	Ishcheika.S05.XviD.SATRip.25Kuzmich
27020edbb84fa1355cc9547a4eb7130f9e349ae9	149992	1	The Challenge season - Downloader.dmg
281418234d7de776fdb83798fd1b7f22df3e830d	173051570	1	【游風字幕組】[Another][01][繁日字幕][720P][MP4].mp4
28f7e717726b9fdb70c9d00ae26ea96b2d4730ce	564635071	2	[2candys] Yuna Hirose - Dekiru woman is now
28be4793290f16be0e9a18b665a5fb0e5e3315e4	246965028	5	[TORRENTCITY.PL] Artur Domosławski - Ameryka zbuntowana [PL] [pdf]
29ae2b17c2f2214fc54f4a83f39a785b9463f31b	442774377	3	012
299d88483a546654516ced955eb4a2fb3342ee1c	1959296970	2	100 Rifles (1969) [1080p] [BluRay] [YTS.MX]
2908b269cfbfde6ac841c53b567841a3951d0736	23456910	2	The Sims 4 Deluxe Edition [v 1.68.154.1020 (64x), v 1.68.154.1520 (32x) + DLC] RePack from xatab
29f55482afb5c444e77193bcf75424280a962550	23456911	2	Valhalla DSP ValhallaVintageVerb v1.0.0 - R2R
2967b85af659893e33bd931a056ca638059a4cb8	902037564	10	TVBOXNOW 窩心餐廳
29dc0cfbabfb84429b3b4a0a6a5c8cd022d7d4c7	473686799	1	Phoenix.Marie.cumshot.handjob.bigass.agrezoo.mp4
29624e6835385e372f7fe9bec00f338e265856cf	484468186	1	for_your_pleasure_big.wmv
2afec7def19bcdbdb18153eb98f8cb391ef18e1d	953875380	1	[JAV] [Uncensored] Pacopacomama 033021_453 [1080p]
2a863c8bc5b9753396f94ccfa3cc7dda50a5fc42	3959835246	41	七种武器之孔雀翎
2abbdb397de5d011b40936b461ed52b9cd2c2954	4690624246	2	무한의 주인 2017 720p BluRay x264 AC3 - nature boy
2a73b7aef9fed044c17a42c557b4fb236792b5de	1741666594	1	DASD-785
2b93424cdbb6e4eb86c2ad50470c1762a913b259	854437717	19	ZZY21033104
2be826a8153cc894ac5981a4f263ea2f198e8490	3716223229	24	Puella Magi Madoka Magica 720 Subversion13
2cfaaaf6673b8d8e6ab30d5901cad7e5ba286371	248675054	3	我逼中毒了怎么办连体黑丝苗条身材高颜值美女主播戴着眼镜露脸与炮友啪啪啪直播呻吟声像个女优对白淫荡
2c92aaea4ba657590a78b41496085450b38e30ee	10805800877	1	VRBANGERS_gettin_healthy_6K_180x180_3dh.mp4
2df28ba6e62fd5338b06dbc3edb43dd5cae6a417	3805035221	1	漂亮美女主播和自己的闺蜜一起找了个男炮友3P啪啪直播秀 口交啪啪
2ec333de542a7314b1a26d55480ff16757ed2212	9315909601	206	Victoria Daniels PhotoPack
2e9f8c8518d45d1ee339af3d2caefa4916e10567	736076819	1	颜值不错美女小小呀呀1027和炮友双人啪啪秀 身材好苗条 口交啪啪 很是诱人
2e57f93572b6e2fb51d17b3cabe9a59419cc2969	1416715304	134	[thelifeerotic] 2014-10-18 beata b - sexual apetite (x130) 3456x5184
2e2f99e10dd37625262b2c223f39a7dc632d15f3	1468348678	12	Teen.Thailand.5.XXX
2f1d4ed2bccf4dc01af4a2f0e77ff58ee063696e	17898923827	2	Gekijouban Trinity Seven Tenkuu Toshokan to Shinku no Maou
30540707fa17028a78e3927b3610ad195ebfc503	3799174015	2	Snowpiercer.S02E09.1080p.NF.WEB.DDP5.1.Atmos.x264-TOMMY[TGx]
306659cead942a615de9eaf036739d8537b7a8d2	257742514	4	ClubTug.21.03.08.Zoe.Rae.Siphons.Semen.XXX.720p.MP4-GUSH[rarbg]
31ba70b1d1c161d22e9a31e6186b6d8db884f901	443691114	14	GrimmReaper - The Tragedy of Being (2021) FLAC
310b16146f9d4e9f841237e641ff3c97bcbfab13	2682896492	1	BBAN-306
31a3929c4b3731f74a63912a8bd64c800d519a62	23456911	2	Luminar v4.3.0.6175 + Crack
310c32394587dfbf89278b5520bbdc62b83d2584	15395553824	7	GdeD
31be30081b7fcf99651c441edcf7b0f1d0fd9b86	270051729	39	021319-859
31045800af94fa266e909988ce254dd1a53750d8	160594670	3	极品网红萝莉嫩妹萌白酱高价作品之情趣Dabby诱惑淫荡玩弄极美一线天无毛美鲍白浆流高清1080P
32270a4cba9b5ac7466494d035faeab5c8dc3b4e	350772842	1	[246porn.com] 19236 Lezzie BFF - Ebony Kay Love X Ana Foxxx Makeout_ShakeTheSnake_720p.mp4
32e13b00d485ed6d85fdfc281ed4fd9eb7dbc2cc	960564248	28	heyzo_hd_2006_full
3267f48ce520c4ba52839a6ae113bdd67d5832ee	2590708113	1	DNW-061
3352ebdb6340ce440e834575985d960de3068c35	327804529	1	GolfTopia.rar
334b617b3386b3d65e18924a319f4ab557e19767	8413661184	60	The Strange Case of Angelica (rus)
34b7a7c28c9123fa42f434cc85775556916f352e	5395066526	1145	第四季之模全套高+完整私拍品收藏
3446f774f14a32b4d2af34b3c18b85483265fa5c	19807782151	85	The Best of Czech Public Invasion_[pirat.ca]
340f78b259895bd1ee95e4284c6c01f3dadb4bc9	357311544	1	【百度云泄密系列】骚女和男友裸聊啪啪视频一应俱全+大学妹
342f8163c348190f681d2679cd4d36801b7294ca	1719787831	4	Raw Meat Urinal Woman Tantsubo Pervert Public Toilet
34fc35275e683d6d7f54d2e28ee9356940cca2ca	59558781	3	新疆美丽的姑娘，看起来真可爱
3429db3a6f19fa61e1c131af949b41a753ff8bf9	440991319	1	快餐达人城郊路边店泄火碰到一位圆脸白衣妹子BB还挺肥的貌似一线天馒头穴经典体位猛干国语1080P原版
351e10eb23af148c86a900d427dcbf0d8784884c	652820544	1	breeders.s02e03.1080p.web.h264-glhf[eztv.re].mkv
3558027b8d327af57e93504eb65a8e3588d8715b	7530720830	9	第一會所新片@SIS001@(IE)(IENE-853)痴女が通うメンズヘルス
353650f9a104f5d0c855b228821e08560cdc3cb4	820714356	3	Here I Cum! ～让我来满足你吧，你这个骚娘们！～
36f395a20ce805059ec2622cee9468d28c86e9be	1953911768	3	Teen.Confidential.XXX.DVDRip.x264-HORNDOGS
36a5b28d531aaed8a2d461414e3fc45a5d42fcdb	507852033	1	Ｃ３１０８.zip
3622de0bb2b4ccfb70675af06a060e701c83b5e1	1197781955	4	血十三.Blood.13.2018.1080P.WEB-DL.X264.AAC-国语中字-RARBT
37078def8530ccb8ddd118ecb524267dbd4f0661	476290189	1	貌似同事两男一女出差开个双人房刚干完一炮的等洗澡出来的女主录拍另一男操她
3812d551112dae525808335bbe75d37611b1974c	819234289	2	Acronis True Image 2021 Build 39216 Multilingual.Activation
38bb6581e18c57276ebeb7327407f4d17ee68b5a	939530052	2	In Enemy Hands (2004) [720p] [WEBRip] [YTS.MX]
398cdeeb6754425155ab7d5ff9018c50166dcf15	261257966	3	情趣酒店超会玩的激情小情侣轻SM造爱白丝美腿大波妹绑在床上69鞭打炮机各种玩穴最后吊起来猛干太刺激了
3981293a2a1669dfba270c41cea8ff1dc0c33960	148733000	17	Drupal 9 Essential Training 4 Users and Themes
39a1a7422092d1986bf17a3d1675dcb174833b73	1200560848	1	ADN-287
39da01749df3f02a2943eed708ff6bec5ed614a0	1367122501	1	花花公子约哥终于碰到对手了约啪175高挑性感身材模特洋妞黑丝吊带肥臀椅子上干到床上非常耐操1080P原版
39f8ea3aabfb9c9cdc994de5f21677425db255b0	172129006	3	最新女子推油流出【私密SPA】极品少妇全身私密大保健全裸精油按摩高潮点不由自主的呻吟无套抽插爆操直接
398454bba78c23fc786711dbaabcf64955a5e1ce	1029534956	1	工业风主题房偷拍仙女般颜值被男友猛操,声音能把你叫硬
3aa34efcedd2bccd342ea8432c2fa0e6c6e0a619	427025897	2	The.Syndicate.UK.S04E01.HDTV.x264-PHOENiX[TGx]
3a538928eba1a4b8a050e6bd8914ff39a094d73e	210627851	1	[246porn.com] 19936 Old Harry has Trouble on his Job, but his Boss Angela has the Solution... by GrandDadz_Seventeen_720p.mp4
3a7f68bf223ad4597aa6dc1fb8273a06db26b851	2226126746	4	Junjou Shoujo Et Cetera (2013) [1080p-HEVC-BDRip]
3ac9de83493a8260f123a012d727d34cab1c06ce	12045796456	13	Black Clover 158 - 170 (TV) [MP4][x264][1080p]
3b4501ceb322609e1481cffff169a81c94f93301	1466307065	4	NewSensations.15.04.06.Watching.My.Hot.Wife.2.XXX.SD.MP4-RARBG
3b740eae25ed05c877b18c35950bfa8815f931f2	2021637559	1	Scotlands.Scenic.Railways.S02E01.1080p.HDTV.H264-DARKFLiX[eztv.re].mkv
3cc5fe674d5c6ab610813160c0655d1a19e4ee0d	5584241392	13	The.Good.Doctor.S04.SD.LakeFIlms
3c547f05e1f1aee447cba3bdc232989c8cf47db2	4564058112	1	СКВОЗЬ СНЕГ 2 (01-05).ISO
3c65d7cb16a27f34061dd546cdc40cb110e582ce	1448211458	1	最新流出〖女性私密养生会所〗推油少年重出江湖手法更给力玩的白嫩少妇高潮不断 翘美臀求插入狠操 高清源码录制
3c96132f128bd5ab5690a998fd21b8031fa89af7	1790599474	1	【皇冠1开1车】到了兄弟家 把兄弟和他的女朋友都喝多啦 偷偷走进他们房间玩他媳妇的小穴
3dfad62d9847d01258ab1a608993140c90665702	332468973	1	[Erai-raws] Wonder Egg Priority - 12 END [v0][540p].mkv
3de9ea052ea82f90bf50778b18383f32ff6d3e08	1359805709	18	ZAY21033115
3d86a0a2b254fc96287bcda2f9be2296a1de59a9	23456909	2	Call Of Duty World At War Repack Mr DJ
3d7d7f5b626351adfe915707479fe3355a6f3aba	14141111479	7	第一會所新片@SIS001@3DSVR-0871-A
3e545b4444bdc74f9b2d0802902ec09b34a76c92	1375434607	3	PornMegaLoad.16.04.07.Alexya.The.1.Percenter.XXX.1080p.MP4.KTR
3e8622a1a942af2e4df7eb7b37fa0e811db457a8	1256579947	1	【周晓琳】什么都能往逼里塞，酒瓶，可乐，雪碧，大黑牛，来者不拒，潮喷重口味只能说牛逼
3e91fc5f6115d7fdfce40b361a2b2b88eb0f60ad	23456909	2	Avast! Internet Security + Premier Antivirus 2019 19.6.2383 Full
3ff2da09ff41b0d9f3fa27940062cc83a09be43b	2343239422	4	Zack Snyder's Justice League.(2021)_WEB-DLRip
3f197d5672fd1ea9902a52685dd6e12ee1ca76d6	332468941	1	[Erai-raws] Wonder Egg Priority - 12 END [540p].mkv
3facf69ea79210433aa8fa503155849177f2a7dc	407550937	1	Citah.Hot.Doctor.SexMex.30.03.2021.AllSex.Blowjob.Brunette.BigTits.BigAss.JohnyExt.mp4
3f775ce951c18c5e2595f0c414d679c9e85736ed	23456910	2	Adobe Photoshop 2020 v21.1.3.190 (x64) Pre-Activated
403d44aaf58599316efa1c5949bf034e1b83e193	2203009663	6	The.Blue.Wolf.2007.DVDRip.XviD.AC3-BKL
40be5ce554e0213b88ee8ea4b0856559a341ae94	1886125810	7	033121-001-carib
410a32291e024950e092b7777f74f2909d8b6537	580655646	1	[Erai-raws] Wonder Egg Priority - 12 END [720p].mkv
41061d3a59bf68abdbf5bf3fb07629d9f909d867	1729120467	8	073011-765-carib-HD
41e0b851bf032f1fc6697878d06dcbe58147bd6f	17169751	1	250 Gay Pic's.rar
4134e0dab6d8ebcb29c01c574d5330653f6a1694	735012864	1	El.Hombre.De.Arena.DVD-Rip.Xvid-Mp3.Spanish.[www.BajandoXvid.com].avi
4130372a52bc22a6b24f5706d0b6c79fae4467eb	988168302	2	果冻传媒原版 网贷 逾期无钱还青春胴体来抵债
42be4009a08930dbd9c53eae00ee3e41aa485166	616779781	1	Black.Ink.Crew.Confessions.S01E01.1080p.HEVC.x265-MeGusta[eztv.re].mkv
434410f94562f51b71bb5a7e00d5fb2d101e9a4f	2159673514	1	(つ旧作)(18禁ゲーム)[ﾏﾆｭ無][030829] 私立アキハバラ学園 DVD-ROM版.rar
43a138ae2e7324d9ba2ac3de5f3073f8f0a9f17f	1875300916	5	carib-071216-206
430aa63a7efcc8317ec42ca8961af9088c1a6edd	38789035	1	[Zzomp] A real toy for bella [korean] [fixed].zip
43eb681e62c9c29baf90f41c81d56d4bceb25ce6	208399090	1	(成年コミック) [アンソロジー] ヒロインピンチ Vol.10 [DL版].rar
45a163cacf1d4ace6f2344a4e642047f4567b6a6	692919261	35	why756@www.sexinsex.net@[六周年庆]HIMEMIX NO.435 素人ハメ撮りTOMOMI
454da59cbc6189fc66a93c657b2dc0bc9b2bc4db	144866030	3	家庭摄像头破解TP激情四射的夫妻啪啪啪边看A片边69互舔拿道具干的大奶媳妇啊啊叫玩完进入疯狂输出
45e907babb8e9f51b0d1c36159ea26f3fc0086fb	801555452	4	Debris.S01E05.720p.HDTV.x264-YANKEES[rarbg]
4685cf864ba4e2b68fe0b1b8f67b7c195a8c561b	2076022278	5	Serenity
474f080c81f558a9389955734e428ac723fcb1d3	638432847	9	olo@SIS001@c0930-hitozuma0983
495296d7d5fc38e09f8ec8705964cc456035cf28	4741138	19	(C78) [Konsaba (Himeno Komomo)] Onanitte Nandesuka？Sextte Nandesuka？ (Sora no Otoshimono)
49ba1415d8efb73ed300eb4862ebcf6bfa01e92e	718537055	13	吴天@第一会所@RKPrime - Kendra Sunder
4937b130cdae3392cbdfb80e3e4ff68fae8eefa3	664718334	1	影楼里4P乱操 摄影师爆操婚纱新娘 伴娘还帮忙打灯吃鸡摸蛋 沙发上骑着操还被内射 玩的太疯狂了 高清720P原版无水印
49d3046a39fe0d42b78d196360928c8073356ccf	701172995	1	阴毛稀疏风骚少妇拿着一根很粗的茄子自慰大秀 插到最后才换细一点的自慰棒继续很淫荡
4a326d059252df3bed13422905d921c46c74350a	61481343	3	ClubTug.21.03.01.Amy.Faye.Lil.Dick.Drainer.XXX.SD.MP4-KLEENEX
4aead17e651f363e84ab25b992b8514adf84f190	302898249	6	www.lyrics.lol - Gogglebox AU S13E06 480p x264-mSD
4bbd3cf9645ea1291b766d0467ee79c1492bd80c	447668601	1	重磅福利万众期待，超美的大学生御姐丑曦重出江湖529收费房大尺度录制
4be194bd8c5bdb974f5c9792fec7bc838ba5b553	1647980990	9	第一會所新片@SIS001@(LOCK_ON)(SGV-014)素人ガチナンパ_湘南で本物素人をナンパしてSEXまでヤラせてもらいました
4c2f441a1364781caa1135d15cb086329e28c72b	155351790	3	房东出租屋浴室偷放针孔摄像头偷拍合租房的两个白领美眉洗澡
4c67d8778bb62b79b197016f34be24a1a2316045	2218886767	1	小陈头星选黑色外套长腿妹，舌吻口交肉丝撕裆站立后入猛操
4c6f62e6439131503c5cdd11460f2a38706f359e	754088647	3	Iron Man 3( 2013) BLURAY v2 xXd AC3 AN- MIRAGE
4c7b47d6bdeef74669d0e18430703b0a175832aa	1935948372	1	The Greatest Show on Earth (1952) Dual-Audio
4c9627e94a0446b3a51f35d15a896893296e6ec6	483139815	28	heyzo_hd_2013_full
4c7d30568e8878c50577f42c1312e3b4d930b9e2	213026995	1	GFRevenge - Mikayla Mico - Grab And Tag NEW (Apr 06, 2015) NEW.mp4
4d3bfcde9ad5951c9be2eb5c2001afd703b19d53	611538918	20	超可愛粉嫩巨乳妹被殺馬特男友操哭 国产大奶妹做爱很投入表情很陶醉好象高潮到了 國產妹紙都愛大雞雞（露脸）
4db754815109348e05a88c1eef98e0885e724cb5	1002512523	1	Nala.Brooks.Come.Here.Daddy.720p.2021.VHQ.CENTURION.bigtits.artporn.mp4
4d4bd44af6fee6af1f6c178e9c1e8a5ca0f8d7d5	1067851154	1	35.zip
4e078a62cb238827128fe27ba8f21302a2af137c	1218282642	1	WoodmanCastingX.Felicia.Kiss.casting.teen.anal.hardcore.mp4
4ec4b6117f9fedc339670a1210fd1e323274767e	23456910	2	Adobe Acrobat Pro DC 2021.001.20138 Multilingual - Patch
4f679a0e80ac6bef99efdc73602fe118990f6d12	1427111936	12	thanks9527@mimip2p@FSET173
4f86e8838bf77a5f873306cd81929176e8b20d23	23456910	2	Internet Download Manager v6.38 Build 1 + Crack (IDM + Crack) __ StarCrack
4f75b7688c7b7ea7015ac2aa78a3569855aa866a	2218728626	1	Intercomedies.Un.Evenement.Sportif.S01E01.MULTi.1080p.WEB.H264-GaMEOVeR[eztv.re].mkv
4f9a3573d9e1b2c43206ada96fac4db2e6e1e8f7	1051779101	14	DMM-55hitma00056-AVI
50d595570d0cc8c8cb374bbd03257fa0f7e3233f	363980143	2	[Bosshentai.com]_[HCG][120203]生えてる母★娘 , シーメール女王様と飴色ラバー少年 , 魔法のチ○ポを持つ少年 , ワンピー○3はぁはぁCG集 (4CG)
506ac439faca4d04ad114b2a518a3d34a594725b	442557441	8	【sharemovie】【sex8.cc】voyeur4you偷拍No. 731 Brassiere Fitting Room
50f17dc8d3e2fc2e75cf53e6d78fbfa178468495	1174271325	1	KIR-023
517c99f8dcb8a5e090bf1a06f63d6e1f07ea4a2b	1137694415	28	heyzo_hd_2026_full
51643cbed085e19cb0dec2b528b32aefb0d2a389	473944094	1	Boxing.2021.03.27.Campbell.Hatton.Vs.Jesus.Ruiz.PPV.720p.HDTV.x264-DARKSPORT[eztv.re].mkv
5188ce9f52e1ec6c17d8ecc37191b9db0fcbecf0	665406718	1	The.Bachelor.NZ.S04E12.XviD-AFG[eztv.re].avi
51123817159042b11263c37f5a132171f6596ef5	422348275	28	heyzo_hd_2008_full
52a8ed2de2b75ac0372b866d9cd03414db92b204	616395710	7	G0330006
527ef6deae54ad959b5e34662edfa758f510e26c	833799645	1	高颜值气质短发小学老师穿着粉色睡衣自慰淫叫，国语对白
520e462bd38297a1de451d0ca5fbd0b3e165bdbc	19519516379	38	CACHITOS DE HIERRO Y CROMO programa tv
5248ef894eb099bd3899989ae1a0fc1d972095fb	1881754685	1	239822_3xplanet_1Pondo_032021_001.mp4
530565c92b90fab3707119ab06841a68bd956516	303217559	1	Real.Wife.Stories.Capri.Cavanni.Spicing.It.Up.With.A.Threesome.XXX.seXyXpiXels.mp4
53f060e778b3a71b5cbfa26062e556b72c5e4075	1462792575	13	The Ex-Girlfriend Episode 4
5343ca49915d92ae6e91ea4c9bf33a6bf286d2d2	2315567796	8	【东京不够热】竹内凉真的摄休 EP01~08
54c3289bc0e515d17469facf93ee85a697ee71bd	1848925181	2	Snowpiercer.S02E10.720p.NF.WEB.DDP5.1.Atmos.x264-TOMMY[TGx]
558ec57ab8f5d7bcd1678e3d5959954bcc847c40	629817921	1	纯情巨乳妹无法按时还贷选择肉偿 被金主肆意玩弄爆肏
557413a1699a6b484b0f3d91f751e31f737bfd46	914523801	28	Black Pee in Glass, Elisabetta Zaffiro gets Balls Deep Anal
562ee963dca7ab5845e0ce543e627a699b327b22	1316935272	1	极品混血美少女【全球户外玩勾搭】勾搭按摩技师啪啪 裹硬鸡巴主动无套骑坐上 金手指玩到粉穴狂喷 高清源码录制
563ae84bc54621993fdb2a393509cc49aeff4d91	1082252881	13	fcp00004
56fc5fe5c777a18c63c7b3e2c7208d11ce48feac	2890105600	1	[JAV] [Uncensored] Kin8tengoku 3377 [1080p]
576695bdd14b793d219dafb0b91a51c34a183907	53505502372	5	Cyberpunk.2077.RePack.by.Chovka
57f2c9fcdf72198adf873e11da3fc0c99cd87322	1815598448	3	WetAndPuffy.16.04.15.Arwen.Gold.Cute.Arwen.XXX.1080p.MP4-KTR[et]
57719586ee3cb6580e3a80d89ff0787cc949e138	197451688	1	[SSA] Wonder Egg Priority - 12 [1080p].mkv
57562b42abdfac68f61c92b8319dab84a57c2b7d	23456910	2	CyberLink PowerDirector Ultimate 18.0.2313.0 Pre-Activated
584f67b63577852551cf77a5a6e176a17cc0980d	1868097245	9	第一會所新片@SIS001@(Caribbean)(072015-925)視界侵入！たちまち挿入！～グラビアの撮影じゃないんですかぁ～木村美羽
589fa41a75372fab2194bd8139ab1d901e4eb64e	4109897149	1	Total Recall 2012 Extended BR EAC3 VFF VO 1080p x265 10Bits T0M.mkv
5879c6d95faf52c8584fffa9d9cc3948d6ba315c	147517335	4	valensiya-s #14
58a7229d8d283228f8ffb1448a6d8c847cd341b1	5943700367	13	Into.the.Dark.S01.COMPLETE.720p.AMZN.WEBRip.x264-GalaxyTV[TGx]
592ed3568676a50b69126dc161aef31f94687940	1422888342	1	探花等妹子的间隙【情感主播李寻欢】【旺仔牛逼糖】极品00后小萝莉 风骚妩媚
59bf71c6654406299aa548a3fe787bac6ee540b4	14885303515	2	The.Greatest.Show.on.Earth.1952.1080p.BluRay.x264.DTS-FGT
592eced1dcd6d90e30e70af9e3d643dfd6e986d0	1306079320	3	Like.a.House.on.Fire.2021.HDRip.XviD.AC3-EVO
59c9fde0073f7ad4096e1f36fb447606325970de	1032494929	11	2020020368
59b1959c9f5ac343fcda7591c00433bbb26d8bf2	886615446	3	Mortadelo And Filemon Mission Implausible (2014) [720p] [BluRay] [YTS.MX]
5e134796231fe1fc6855774c1e0c712d253a4a49	127827192	18	VA - Industrial Strength Bluegrass Southwestern Ohio's Musical Legacy (2021) [gnodde]
5e5001af8814ebd6e4332a08eea583882b62094b	158497518	3	软萌小仙女制服秘书粉色女仆长腿美臀艳舞挑逗骚穴喷水泛滥私播福利秀第一季
5e34c7a09f5045dd6e8526d5af8cb8bf7e100360	7136141545	8	Alfred Hitchcok - Il Sipario Strappato (1966) [DVD9 PAL]
5edb6e3176ab45fd3dc43f5b56c94b235e696aa6	381406129	4	050702
5ed763e3164deb5431a58a1b35af96071c2873cd	575754329	40	Waking.The.Dead.S09E07.WS.PDTV.XviD-RiVER
5f256192bb99e8eba2afea7659d2bcd0d8d8570d	1483156447	15	lameizi@爱城@被爆光的棒子國護士门事件 医院護士長参加夫妻交友活动 夫妻玩3P视频和PP流出
5f1b845e5d0392b486bb60975a882e015644e6d1	496235936	1	超模身材主播大乔baby 高挑大长腿气质出众 穿着黑丝露穴极致挑逗大秀
607138921ff0cda57ccd92f23d7c35231c21932d	1145285680	28	heyzo_hd_2022_full
60a4b786faea98adb00ad8c5b7abb83ac35c349a	174425311	1	430069-480p.mp4
61da987eb380926c2f25720a1e261ec8256644cd	239237870	3	国产TS系列比女人还美的赵恩萝莉服白袜约炮双镜拍摄小菊被干的爽到不行
62a83b4387e5dc89d5a4bc6f7db528fa37c72850	2413411261	1	FHJQ.mov
623cbdafa7badcce89b6d0d4b8286ef367e16169	2523954326	1	CJOD-272
62340c51b6d2c886c777dc8c0bc435ebafe89086	149992	1	Dragon Ball Z season - Downloader.dmg
62d93b31b1db22e292c705e02aea78949543a5b2	367128623	2	Perry Mason - S06E13 - The Case of the Shoplifter's Shoe
6213b6174ca6c884c3832268a106c520eb8a84c7	279093307	1	The.Syndicate.UK.S04E01.480p.x264-mSD[eztv.re].mkv
63eedd59d08d5aaf4648ed9b2b0b75763753a114	1572772155	24	130114_574_02 by arsenal-fan
638c20e6de1fdbed0a21e66ef9cbad7c50207050	637441511	1	颜值不错萌妹子双女秀第三部 玻璃棒振动棒跳蛋多种道具换着玩
631a52f2818b37a17299600f586da6b3b676fd9e	168605129	1	Holby.City.S22E44.720p.HEVC.x265-MeGusta[eztv.re].mkv
63d08c137cd03a501ccce9be5159a87743139eab	1469265754	4	雨あがる, After The Rain, 1999.XviD.AC3.2CD
6384d46ef89955cba193fbdfd2481215d8fcd9fa	8647241123	51	[寒武纪][全24集][国语中字][WEB-MP4][720Ｐ]【更多资源尽在微信公众号卡其影视分享】
6495c9af9af8db44778f946ee8d79a1efa787263	658140012	1	长得很嫩红唇小妹,胸部抹胸清纯十足,被男友掰开茓按在桌子上爆艹
64bbabeb9bf7a40b0f7bcb7ab311f23f39cb20df	19995783	1	core_BiglyBT2703-B05-signed.jar
65696237395bbd3e44a2fcc7db8e2d1427b60504	200440558	3	监控拍到副乡长在办公室抠办事员的逼吃大乳房
65041b39e77a6949a37fe1b8fbf4cb3cbe29b31b	146963182	3	3P姐妹花-已婚姐妹一起被渣男干高潮了-从小一起长大的姐妹一起享用同一根肉棒-渣男不停抽插还给
65a38ad835c2fa134f2bad49234089440b960ef9	805528165	3	娱乐之家.Funhouse.2019.BD720P.X264.AAC.English.CHS.BDE4
663ec01d2f84ea31893437156ebc8f2aec9ccf95	3872920627	6	【性吧论坛.com】cwp-084
664e11c19b8ef0c4450366013eef1d300c98a1a8	2247917634	4	WWE.Bottom.Line.2021.02.18.1080p.WEB.H264-DARKSPORT[rarbg]
66e71f4eb6cccb70c393b252b7c1d481e81041f2	1103296747	3	The.Syndicate.UK.S04E01.720p.HDTV.x264-ORGANiC[TGx]
67b77af44c52336538f04da129988a59012a6b15	435866826	1	Gabbie Carter - Rack Focus 2 032921.mp4
67493886dae38e6db261b122c80077110066a56c	376831492	6	www.lyrics.lol - Arctic Vets S01E05 XviD-AFG
67720d40c5c6eaf958850d10b2f2a6876ba2b0e0	1056213786	4	American.Cartel.2020.S01.COMPLETE.720p.DSCP.WEBRip.x264-GalaxyTV[TGx]
68c2fcda464227c9521efb40e567ed69f961074e	59273283572	63	Final.Fantasy.XIII-RELOADED
68082ea835015bc84df626c82d911a61791e2ab2	1502649475	1	Snowpiercer.S02E09.720p.NF.WEB.DDP5.1.Atmos.x264-TOMMY[eztv.re].mkv
68e48eb4a0023825c9ae07b531eacb257d4423b2	545416862	6	www.lyrics.lol - Under Investigation With Liz Hayes S01E05 XviD-AFG
6926448005c88a23377e6958761d4e7a620b5d85	1085430652	3	我的情人節
6994e14ebd0c244b292e2353551281e7bb44b1ba	1257818190	4	Hardcore.Comedy.2013.CHINESE.BRRip.XviD.MP3-VXT
69a957f2d14af6fb472bf51baa4f0f5c610d27e8	2041089704	9	Darkness.Those.Who.Kill.S01.COMPLETE.DANISH.720p.WEBRip.x264-GalaxyTV[TGx]
69514f0b8ca41d819ec981f7f245600c96086df2	11084205898	13	SSNI-287FHD
6a2726869279ee2bb0caa8f2cb0414c501102c04	2412544090	1	MMGH-203 H D .mp4
6aa22ed85057b11241b98816d6efce51dc46ca0a	8606873533	2	Voodoo.Woman.1957.1080p.AMZN.WEBRip.DDP2.0.x264-SNAKE
6a4cc0c20754e9baa61dfb0ac0bd32be7110233b	235142094	1	HotLegsAndFeet.17.12.19.Shona.River.XXX.SD.MP4-KLEENEX.mp4
6a9658b6444032737aa116b92ca23c5a95016b45	178420462	3	【家庭偷窥】最新破解家庭摄像头偷窥啪啪啪（第八部）
6a363fea521e186e6c6c7ab22484c7ddf1c0c849	15778820	3	OReilly Web Performance Daybook Volume 2 Jun 2012 RETAIL eBook-ELOHiM
6a17648e89f918be0a3f8dd3433e86776d18d39a	1016857546	1	VENU-996
6aff092d1eedffe5cc00406a0ae4ef554515c0eb	5266373207	10	Fantastic Beasts 2 2018 Bonus BR EAC3 VFF VFQ ENG 1080p x265 10Bits T0M
6b3ecbbc3758a2d58653f03cc4ef3a9af34cdf07	321675735	16	576
6b3a4ad1c289a6de710a60fc7d24451a41544a82	440254759	1	The.ReidOut.with.Joy.Reid.2021.03.29.540p.WEBDL-Anon[eztv.re].mp4
6b28dc4c26590445cf3f350b1d2e0e870a47f5be	1093223094	10	snis-794
6b831e7685ed7da3eb713128f6ea6913cca49cd4	740959486	1	复古艺术风宾馆锅盖头猥琐大哥会哄女孩开心约啪外表清纯美女大学生妹子洗一洗迫不及待开操太激烈操了2炮
6b7455e9a749c050386261ac49bdf5132146cef3	9003243099	581	コスプレ写真集や動画など、絡みやオナニーシーンとモザイク必至のハードコア系コスプレが多数！
6ceaab11c1b97473b583d2cb4054d6a5b64eacee	1049143381	2	RDT-167C
6c394bb357fa7c6c7002c8f13915ee7ca834a9f1	34409017841	32	运动肥侠.2013.EP01-30.HD1080P.X264.AAC.Mandarin.CHS.BDE4
6d11b338ac81628d7b0e8f46588e36b33d6cedd7	2009091837	13	Down The Rabbit Holes
6e01e9f9310f0ba831c5606e27440d4e27edf283	133494720	2	Breeders.S02E03.WEB.x264-PHOENiX[TGx]
6f874a3b4eb4751c1a3093c7428df552e46bb9a2	23456911	2	uTorrent Pro v3.5.5 Build 45798 + Crack
6f6e1484c704b447196400a2e150679d159909a4	1692152534	217	2017-10-29 喜洋阳 三叶儿童诊所
6f040b349a298032261fbcdda809d46aaf88a8ae	1932031404	2	In Enemy Hands (2004) [1080p] [WEBRip] [5.1] [YTS.MX]
70290f85e40334803ee311719e8e0615f710c342	892826193	1	[JAV] [Uncensored] H0930 ki210330
70d93973b5418984c094024381f40fed1728eb79	182425993	1	四眼屌丝男艳福不浅极品身材白嫩女友被调教非常淫荡裤子半脱强行后入连干2炮用手暴力抠逼干的妹子求饶哭腔叫爸爸
71fafa78a43fe101e5592b6df6d491c368356b38	1111454884	1	大奶妹户外勾搭回来的猛男激情啪啪系列四，丝袜情趣奶大皮肤白，多体位爆操抽插浪叫，不干爽了不回家
71516f265113a2b064901ed515d4082e8388e77c	1206926562	4	Far.From.Home.1989.WEBRip.XviD.MP3-XVID
719b92816c0b79655f938aa741867971e26cab93	1139987842	1	MDTM-697
71cf6014379047e7e9d0ec91d65328ff117d49aa	633875902	10	キスの数だけオトナになれる―八
7297b5e2f59a2cd7aa8c8f673242550357726f3c	337035688	252	Met-Art Tina Tin - Mersa 09-07-2016
722fedb0f26862ffd80b0430a503f58b1493816d	412121512	39	heydou-0241b
73fa92d18aef19566bd0c1abdc66a8b950b92d44	1196325448	28	heyzo_hd_2017_full
73480da481496fe241d267c69dcd8ec45c0ecd6a	166532433	132	SexArt.com_17.05.09.Aislin.Arece.XXX.IMAGESET-FuGLi[rarbg]
73fe7fedd68cbe4b649ed733354cdff0d0e500cd	1113981611	4	MSFH-052 後輩OLの無自覚な誘惑に翻弄された夜…深夜残業中に
737eebad6e93ba47e134f1402a1136de12e842f2	1724655489	1	SHKD-925
749446c662ddb1f8ed516f213fee8fafc4becb6b	2997858041	6	C0930-hitozuma1136-HD
74a83fbc497118f6a2d6d3a60bcc202d51a6e2b0	43747024	96	Lily Stuff
741e4dc583502864f7bd9f1f214ff1cf91e92eb6	100816235	54	FemJoy CORINNA Pure Beauty x51 2667x4000
741377b976806bafc00bb2c37c138761b7c9ddc6	976825140	1	千人斩星选高颜值纹身吊带妹子，镜头前口交摸逼特写抬腿后人性格美臀
74a069361ab1b2c6ad0a44ef02e9c737828d05c7	1024946771	3	ENFD-5234
75d31c5d2c6245da98c5b3761a9622045ca747df	1468108800	2	Free.Rainer.2007.SWESUB.DVDRip.XviD-Pride86
769659522246804b0b8d0959381edbf06c416a48	213347161	1	河南实验中学最全版
762e5f3291054a414322e0c72d3b0b612528e397	2141048900	1	Kate England (Blonde Gets Anal From Huge Black Cock)
7776f8660c574bb1d6f24d749b01793177587408	2295420602	2	Marvels.Iron.Fist.S01E12.720p.NF.WEBRip.DD5.1.x264-ViSUM[rarbg]
7778e0d163adfa65e9a234d908ca2f5d892a5ab0	500624358	1	[LegalPorno] Timea Bella (Timea Bella 3 on 1) [XXX]
788a5788c3e3b3bf2085e86930449df4c001d711	27107832334	47	上善若水@www.sexinsex.net@MyFriendsHotMom 系列五部4K高清[无水印]
78d54763186ad15dea9bf0b91858a345b3520679	1544820191	1	Tasha Reign (Sexual Makeover 3 - Skilled Listener) 1080.mp4
79d9d3eb24402690c784375b62180f948aacca27	301228995	2	[FLAC] Dance 2 Trance - I Have A Dream (Enuf Eko) (1995)
79bae5f9d7243693ab671c6cfe5626e29c1bdb70	9251435611	1	La Leggenda Del Pianista Sull Oceano 1998 BluRay 720p DTS 2Audio x264-HDS
7954b5d56faf25789efd092c0237279048bd54d3	2124397612	9	第一會所新片@SIS001@(1pondo)(112213_702)おもてなし_篠田涼花
79ad62be8984d7ead2479d208c3a78981a32d0f1	2345096045	15	[FOX][黑帮天使.第一季-The Mob Doctor.Season1][英语中字][HDTV-RMVB][FRTVS]
7988562e94621841659340aaa1e3d9e08ae708f6	137821353	1	大陆经典网络探头盗摄 各年龄段夫妻居家更衣沐浴日常性爱生活（第二十一部）
7a905f240d224500d87d726abd6ced29a2a9fe11	14544306	2	Sniper Ghost Warrior Contracts [1 073 (37258) + DLC]
7ad64c4c469f828663bce7438682d85ebd8e081f	1557591816	4	[天堂网www.tiantangw.com]复仇.BD.720p.中英双字幕
7a5d32f973d8af6bc84c7b21ba6a98ae581a1a75	3039204046	1	FC2-PPV-1129427.mp4
7b4a71ddb6e466e2e8c503a834d9036a2571b013	277348706	7	www.tskscn.com（青鸟之家）
7b7bfbd333c22a2760ba3ca807f5e6095652381e	149992	1	Charmed season - Downloader.dmg
7bd7bedcdb2becca5f28c7e02c6098625e353f3d	1176584304	3	Pig.Royalty.S01E03.720p.WEBRip.x264-BAE[TGx]
7b61654e7393e58e3ea76685896b386a2a75b37e	42845904898	3	theHunter.Call.of.the.Wild.Bloodhound-CODEX
7b6476dae954f69852b4e06f664298c721ea3498	797065108	31	10.heydouga4192-012
7ccd38b2b18b10aadd58568c64c5ecbec70f8f28	881682609	25	Ana Mancini
7c2fe45df696c6cd6ff76dc17f8a6af0a0d0c877	1174829056	1	Slaves of Babylon (1953)
7c7f2e7a92372d0d6af6e80a0fa630a632457f8f	3472747871	3	【天下足球网www.txzqw.cc】5月23日 16-17赛季NBA西部决赛4 马刺VS勇士 CCTV5高清国语 720P MKV GB
7d66733cd01c26058a01a1549b7fd8a8dad7cc09	1254170230	3	儿子老子
7d93ca0deb235870fc274eabf2ef153ffe0bae50	149992	1	Shameless S11 - Downloader.dmg
7d524cba5d54d267cd882e3899582bb8f85e5560	2335201162	14	[Yumeki][Ultraman Ginga S][BOX 1 DISC 1][1280x720][BDrip]
7eeacc0ed56230a086d5ee4092bffc19eb36d577	149992	1	Catfish The TV Show season - Downloader.dmg
7e4f9805e1eb40f23e62ff925c2059ead94567aa	3326901130	1	PropertySex Gwen Stark This Place Needs Some Work 1080p
7eeffac22298636a760040089744af1dc917feab	190769237	1	[Sakurato] Non Non Biyori Nonstop [12][AVC-8bit 720p AAC][CHT&JPN].mp4
7ec093767b32428486e648b3678a5302d1c9c8bc	1479257456	1	【大鸡巴探花】平台第一个喜欢给小姐姐做服务的探花，舔脚舔臀伺候爽，美少妇这是叫了个免费鸭，赚钱又享受
7ed28e614e595bc35c03bcba9d9525df75aadddc	1271591565	4	[FHD] SSNI-724 Riko Shiraha - 白葉りこ [HEVC]
7ff79283681acfdee0132de8b29cfdd74d958128	933443530	1	Encounter.2018.720p.BRRip.Tamil.Dub.Dual-Audio.x264-1XBET.mkv
7f32c213f43c13c5262416c9c750a63165023e9b	755889392	1	年轻群男群男直播大秀 激情口交啪啪
80439a6faff9c4d5d6498a7eb7fa2884d212747d	979576576	1	Ninja.Immovable.Heart.2014.720p.BRRip.Hindi.Dub.Dual-Audio.x264-PM.mkv
80fe4bfd50bc65280503ac76c040739f19982287	180517614	3	极品美女『你的佟亚丽』约战热门探花啪啪隔壁女主播加入火爆双飞连续抽插美女花枝乱颤高清源码录制
80961f9ed3d8181ff9e605031373f2e9cb440d98	1017892720	4	JUL-497 出張という名の不倫旅行
8035da905bcd8074a1015d2bbe8c9f1fd5da7ae4	3364061673	1	骚女【西施姐姐】两女一男和炮友啪啪，口交上位骑乘大力猛操呻吟娇喘，
81fa053c79d8407efaeafe4b172e73e709758137	23456910	2	Bigasoft WTV - Total Video - Audio Converter
812ebd5cd8c7caf54fef382157322c9fc673ed5f	3711586823	4	CHARLIE CHAPLIN - A King in New York (1957) 720p-H264-DTS-& nickarad
818c7df0b82f153f63ebd3ee554033c74be9fce7	1608316067	9	Darkness.Those.Who.Kill.S02.COMPLETE.DANISH.720p.WEBRip.x264-GalaxyTV[TGx]
811d5501afd9f5db09a552d49e1edbf072d3aefc	652474368	1	Windows XP Pro SP3 Rus Longhorn 9.8.2010
82a9378c894c9044d8cbbd6da11a0fdd16a47e6b	199391982	3	白富美魔鬼身材极品美女背着男友和小情人外地旅游足足被操了2天,极品蝴蝶穴干的受不了爬到沙发上
8252d0603547c37b743a14e2be31e3a3a348f671	1465731072	2	The Best by Private 87 Top 100 Cumshots [torrents.ru]
834243e97282334dd5940614aa2ed969d4e9f72d	652820709	4	Breeders.S02E03.1080p.WEB.H264-GLHF[rarbg]
83c6db23526bc1f740d1f4359b95a603a132e060	1089798066	7	olo@SIS001@YRMN-027
83608fb384795d5dce53c30ccd77cb17f079cce0	580069632	1	[SubsPlease] Wonder Egg Priority - 12 (720p) [B197C1C5].mkv
8408ad12412694e6a1f27fdc64d7cdd45ed7ef1f	4833943	40	自拍 0330
84f7830cdbc295008a4a6cc3f8791fe2bceb212e	171080430	3	主题酒店电影房偷拍把酒店当家的学生情侣带着睡衣开房做爱
854a3a54fe0bf1060b2e4f0392556e9d32aa5394	316185448	3	EuroGirlsOnGirls.15.04.08.Jasmine.Webb.Kiki.Minaj.And.Maria.Ryder.XXX.SD.MP4-RARBG
85563a79e1df822615eb32eee5259a311e74a1ad	442110484	1	Passion HD - Passion Dance - Dani Jensen [SD 534] [.mp4] [PornLeech]
85b8921f38face65dbfc580ad95684258280abb6	23456910	2	Adobe Illustrator CC 2018. 22.0.0.244 + Pre-Cracked
85e566d38d598a83d6e0e187109e5692055052f0	1004689887	1	骚气少妇情趣装黑丝双人啪啪 口交大力猛操搞完再用道具JJ自慰高跟鞋根抽插 很是诱惑不要错过
865a93a2aead3ed901ad0410490e9ea90418aa2c	3482410465	126	Fifty Pieces of Classical Music - Collection Ninety-Nine
868fd21215a3742101756f11d2c6e36b920bc13f	815417985	1	WoodmanCastingX.medusa.blonde.casting.mp4
8681f45aa8734f13c8ed95cecc9a4bcd8d8ffdb0	23456910	2	FIFA 14 RePack MULTi13 READNFO-z10yded
865dbf9869a42f30c098bfbb36f0c5a3f7e19db2	36920232	1	(C83) [凸傘] THE BEGINNING OF THE End Of Eternity.zip
87ea7409ee236bae9e544711fa1b11838f40e71b	9603561992	1	厦门.rar
87419704566652b2f8787e614e72e0bfb9a84f53	3068028958	14	[KAA]_Pretear_01-13.DVD
870fcae4ad66549e05ca5697ec7cabdadf39c294	1015807498	9	kawd552 さくらゆらの全力オナニーサポーター
876268fc459cebb8312ab5fe1bc2c126755322ac	5194556492	40	H0930-ori1074-FHD
87dfbeec5f50aa07f49c9557b57308cf41724fb7	750768686	7	olo@SIS001@heyzo-0773
87496ba630bcf8371c4a9b9e27966ff2be9487b8	2813581	1	The Everything Italian Phrase Book.rar
889375884835e9763a3150d3ecdceed0fe3a8d3a	357581776	1	[246porn.com] 18836 DarkX - Adira Allure Twerks on Lucky BF s Face and Dick_XEmpire_720p.mp4
88e9ec9d4af4daf2060335aa12ec02f2f19fdc50	89685916	1	British MILF Fucks Herself with a Pair of High Heeled.flv
88f5ebd65aa99218391c8e2619ac6be46f664a8b	486812968	13	65.FSET-272r
889786a466531a0b6e043b350b16bb6337b338a1	149992	1	Dragon Ball Z S07 - Downloader.dmg
88d491dae3eba7f990ee79b5e5380bbcf1a8d9a7	212862362	17	【ou89279546】【sex8.cc】国内偷拍第3部
88f72d9446dd992f886c38d24a2c0d75a8a346ab	239435588	22	Eric Vall - Dragon Conjurer 2
89273a50da311339762144f177f748f5522b2e3d	251547846	1	Milfs Like It Big Ariella Ferrera Driving Dick Shift.mp4
897ece34ed893c20164f7b9246c3374a3025ce7b	184384448	6	[SOSG][Fullmetal_Alchemist_2009][63][GB][PC&PSP][X264_AAC][480p][HDTV]
8a7621628f727eb5a739c7fc870d8302cf640b0b	558670230	4	BrazzersExxtra.15.02.24.Abella.Danger.A.Love.Hate.Fuck.Relationship.XXX.SD.MP4-RARBG
8aa6192cd86c3146f36577f168e1fb422bd41363	148011758	3	360摄像头流出前面那一对走了后面来了一对极品
8a2a61b57ead90cf15c32e89787a02399182ac80	1690126063	1	44.zip
8a260dd57fb42c793acac0770e2782e7313025c9	2283798650	9	我不是连环杀手.I.Am.Not.a.Serial.Killer.2016.HD720P.X264.AAC.English.CHS-ENG.Mp4Ba
8b3fd8d5a0a1911a07495778bdda35a2ffea2b1b	500189814	4	[140725][ピンクパイナップル]聖娼女 THE ANIMATION 「聖女のように清らかで、娼婦のように淫らに…」
8bbaa054d4716a0b755a9f6d29088366e041c820	323155639	7	1990-Boat People
8baaac671254df8c74daff5ebcb5758548a86495	1106242547	1	WNZ-453 AVI
8c2c4dcca9d538ec0708a878963095fb052ceb1b	1569951809	1	[JAV] [Uncensored] 1Pondo 033021_001 [1080p]
8c57e7ffda519484dd7101e1c88a7735a433dc81	149992	1	heavy rescue 401 s05e13 - Downloader.dmg
8c25ca00fa75d5a1fb3fecce9cc9f5f2a22faf93	883404012	1	The.Good.Doctor.S04E13.1080p.WEB.H264-STRONTiUM.chs.eng.mp4
8c8571904761a6bd7d207d9822af91c7be38fee7	6802930363	5	[real].REAL-600.fhd-Fp
8d79aa6f7b7f449b179d764216aae5bd97e7d832	1500312904	6	【性吧论坛.com】GirlsRimming-BlakeBl
8da424ae8611fbfc0da0f813e65b31d3b35943e8	726863932	1	“出了好多水快点我要射进来抱紧我我也要射了”对白淫荡外表文静内心超淫荡大学生美乳妹与男友啪啪高潮叫的爽
8d6789dafc7f450e8002d205caf90386775c66fe	170731705	32	2021-3-30-19
8ed5716b0f3dda2154b0381b9c2487e261806e2c	1073599879	6	【性吧论坛.com】PervMom-CharleyHart
8e5744734fcf6eadf118212f81946191b4047072	1827533272	1	SDMT-852.avi
8ff2c8920a300182a495fa24349ee72d47f20719	1953331636	145	KAWD906MP4
8f829b142cbdc3df2aec69c6a9044307dc34f01b	2398601168	4	The.Dry.2020.1080p.WEBRip.x264-RARBG
8f9734d544639c82fd64a84cb69710e03a28843c	542290761	1	Karen.Fisher.Syren.De.Mer.Swapping.Needy.Boys.720p.2021.VHQ.CENTURION.group.r.nroleplay.mp4
8f780f2cfdaea7a74c4e9fe86eb547ccdfdf59ae	410316068	339	不差钱@六月天空@粉嫩美人洞中流淌而出的清澈山泉2
9017d05ff05f9e54fb05fc13d1086f913a3b7810	573685258	1	Hall.of.Flame.Top.100.Comedy.Central.Roast.Moments.S01E01.UNCENSORED.WEB.h264-BAE[eztv.re].mkv
9028ba8ef5ca93d26945e5a89766af23f506aeb8	37691459906	798	辛普森一家中文字幕版
90f13a1afa16d72cd32a4f1ed608605bbee2f7df	447681579	7	G0329029
917bff56da24a641a1604165db1b3f89a7b0f422	257063662	3	私密保健会所【SPA养生之道】酒店上门保健少妇被扣的淫水泛滥接着被大鸡巴猛操
91d2d97dc5ffccf1e608f783a368ca1be16cb577	3370283842	1	隔离期间一对小情侣困在酒店太无聊 啪啪各种姿势来几遍 炮火连天锻炼身体跟病毒做斗争
914f6a6596868092e1d921200e1d8f5b9205a1df	534238796	1	两个禽兽老铁刷了不少礼物后把平台主播妹子约出来聚会吃饭被灌醉带到宾馆绑起来俩人轮番干疯狂发泄兽欲
922fdb7cef8f1e11fcd9ae8d61fea39738a0cb23	595009285	1	Girlsdoporn.E435.Kristy.casting.teen.hardcoree.double.creampie.bigtits.mp4
92c1897a68e7a23c55f2e2d3ef5d313137d2a676	4742400991	1	Scrap-Mechanic-v0.5.0.656.zip
92842ff8dd9d5389aa52e0a56f0c06ea4f615f78	1088902084	1	BigTitsAtSchool - Eva Karera (Foreva A Fantasy) HD-720p [.mp4]
928ef51a5d5b7dbc3c8389d999fe629aea8d5d92	439750845	6	真实记录禽兽姐夫多次醉酒玩操漂亮小姨子 漂亮美臀 无毛嫩穴 侧插没干醒
92a2d5d5818aaade413526a42d657773bc3d29a4	391543177	28	heyzo_hd_2028_full
938674d758384012422945df8a9deed250d9bd3f	25118481	1	[Zzomp] Nerdy Side of Bella [korean].zip
93635a751d0f2ccce2cbe889a3a78dc2dd23f171	881363713	1	Hall.of.Flame.Top.100.Comedy.Central.Roast.Moments.S01E01.UNCENSORED.720p.WEB.h264-BAE[eztv.re].mkv
93d073a2ec619b906816195194d388ff1daa9fd1	692770079	1	Sarah.Vandella.Blacks.On.Blondes.black.gangbang.anal.bigtits.mp4
94b8cf25184692a0b3b6a1e771b6cc6260d640e8	8024178900	9	第一會所新片@SIS001@(PRESTIGE)(PRED-055)日本一エッチな敏感ボディを持つお料理教室の先生_AV出演！
94d5497d47747bafbca50581a771c0394510d6f8	23456910	2	Euro Truck Simulator 2 [v 1 38 1 15s + DLC] RePack from xatab
95765cd29eb184ed79b5baf0eddb1d10d41ed2c6	1094615348	1	Japanese Granny #7.wmv
95a0e909c917018200a716105c1738f6e8a31fdc	1089953338	1	无耻之徒.Shameless.US.S11E10.720p.WEBRip.x264.双语字幕精校版-深影字幕组.mp4
968dd228237ec72a775c70ea45203afb6674820f	1284561152	1	[Erai-raws] Wonder Egg Priority - 12 END [v0][1080p].mkv
96c3f2befabef7b5daf3f57fb588c3ca0a8c7c19	371750876	3	MyDadsHotGirlfriend - Kimber Lee (Naughty America)
9606d2c44e86ac02ebb0ca6ee8cfb23fe777244b	2355901180	1	JUL-407
96207c147faea68a83955331ef0a8e1b30168f53	299737180	3	VivThomas.21.03.30.Amirah.Adara.And.Sarah.Cute.Amirahs.Sex.Tutorial.XXX.SD.MP4-KLEENEX
96ec59fef777813b8baffe2d1a4b8ca1b5167b84	971643491	2	Sharpe Sharpes Rifles (1993) [720p] [BluRay] [YTS.MX]
962264698a5527c49e8e476c2a9af0ad74c963bb	4101442393	6	【性吧论坛.com】sky-148
961c736f3739b3e8dce4c2d865ee348a4d5105c2	1370035057	11	MXGS-970
98541963c918ca4df3d1fac7ea6b3da6cf9361c2	3114949686	13	【BT首发】【btshoufa.com】故事中的故事[BluRay-720P.MKV][2.89GB][中英字幕]
98da6c2971e66affbacf5d8e700c46f763336cf6	871591177	1	Infinitum.Subject.Unknown.2021.720p.WEBRip.Telugu.Dub.Dual-Audio.x264-1XBET.mkv
998db5b0a4d9bb9ea60bc22001f8d2e33e0a3c0e	1428221292	1	源码录制《杰哥全国探花》会所包房玩色子撩大波妹喝了几杯酒卫生间给吹箫
9976841e3160d996217d881a928e2c48cc41a357	2069279753	2	Below.Deck.Sailing.Yacht.S02E05.Hollandaze.and.Bustiers.720p.AMZN.WEBRip.DDP5.1.x264-NTb[TGx]
9972df615b21d67f71c4fc85d6b5be19ace4dc76	1472987934	8	BT-135-SD
991e7e5ebe259101a1b70d60c647d3029d44bade	179803586	4	GlaminoGirls.Kira.Queen.Video.6.Horny.Kira.Wants.Sex.XXX.VERTICAL.1080p.MP4-WRB[rarbg]
99063384bdf1fe44cad84844d769d1063ceb18e5	1031476470	7	HND082
9ae344b2dbfba0e5bd813ea07015251adf97ed08	3307955478	10	Carib-080311-768-HD-ALL
9a85a8c163f4ecba2d297aac413b54d127845659	4735686221	5	Spring Breeze Ten Miles.2017.EP16-20.WEB-DL.1080P.x264.AAC-CYW
9a91f08be74b7873255b74c8f160b68b5c862aae	3457447283	2	Moto.Co.Revolutions.2020.1080p.AMZN.WEBRip.DDP2.0.x264-ISA
9beac2d0478be9321cfabe8e39ae77cfbbb7420d	643874030	6	325998@草榴社區@Tokyo Hot n0105 處理專用肉便器精液注入 守永未明
9b7479a75395a806f8b87b46980b2190d8a83b25	1125340733	1180	Inner Universe - Issue 01-76
9b916e62b96419c0767d2ef1d8f2748b25a23b34	642244548	28	ATKGirlfriends - Lilly Bell - POV Sex
9b597384fc4247937ea10a2ca0ba230acfb55399	641309693	28	BrattySis - Haley Reed, Vina Sky - Step Sis Finds A Pot Of Gold And Her Brothers Dick
9b296373083d977ad5aa77d52d9524dddbc025bb	650945278	2	Moonshiners.S10E20.Backwoods.Bonanza.WEB.h264-CAFFEiNE[TGx]
9b7c43e7c5c0b6d90b975db6c60f788b39b6a1de	3515254757	5	The.Manster.1959.720p.BluRay.x264-SADPANDA[rarbg]
9b969a2a2b19dd48929a559395b863816de7d8e9	2543155506	1	「韩宇森字幕男」2013赌城纪录片布蘭妮 Britney Spears - I Am Britney Jean（影音紀錄片／中文字幕）.mp4
9cef8a6947a3117c4c18dcd95414c597f54cc7a4	149992	1	The Sopranos S03 - Downloader.dmg
9ca5fd7b456020e8ddc1ad9358db81899ce8f7d3	413855769	1	“不要停不要停”91大神QXS约啪极品大奶子外围女特敏感被搞的各种高潮喷水肏的胡言乱语呻吟不断对白刺激720P高清
9c9b9d66cccfa22a4160288d630deabf122224f9	1728528273	1	百度云泄密约操被吮吸得很长奶头的少妇酒店打炮，貌似喂不饱她
9daa23ab56c6453a8f5204cd07ae335ba836272f	1317139950	7	111
9dc24760f4bce2976b09403a6e676d31bde41753	23456909	2	Adobe Acrobat Pro DC v2020.012.20041 + Patch
9d68d0dd65ed11b985cbaa1b0c7b19d643ce2f9f	268961575	2	[Family Strokes] Easter Bunny (Creepy Uncle) Banged Her! - Avi Love [Easter]
9d33f144382128ffd50f32f50118ee7b9ba0aaa8	3326395170	43	ZAY21033105
9e0ba0d9049fb6230107b5094b411bbe920db3c5	373288781	54	VA - Now That's What I Call Music! 8 (2CD) (2021) (320)
9e5316f3cdfee67384c69a32806ec40c8f3159e7	602858292	19	3.22bt工厂【bthegc.com 开放注册】@天然素人 又白又嫩
9f7cfea72bbf62128ea92eaa99fc86dd1f42ff6e	377693595	2	NHK从“楷模”到“公敌”-亚洲留学生眼中的日本
9f4e3111db97e7c7bfbc54a0fc4a69d987ba0790	1253817157	1	戴眼镜很有韵味的丰满美少妇和炮友双人啪啪大秀 口交啪啪姿势多多
9f0d5c5ee9253430beed2065442e332734bdabf5	8193781	1	2016.03.26第一次.mp4
9f40b6f7e25ac65edd007a9d7a676c48faa210f5	23456910	2	Microsoft Activation Scripts 1.4 (Windows - Office Activator)
a043b6ad4fe4ad6de583427004b5934f49d0bc21	133763073	11	Страна Садов - Страна Садов (2011) (lossless)
a034543e1944acb4f43914b1e6d7e15aee1d7a7f	4118905893	3	[7sht.me]SapphicErotica - Amaris Rosella Visconti
a0063d2be696577ba5dc333d540d98891c381082	217217774	3	小妲己平台,【郎团探花处女归来,FB002COM】大二羞涩学生妹刚下海,超清设备偷拍白嫩胴体,花式啪啪这一场又搞出
a0719e164181fac2f3934d791f8e2c297b96fbed	636615688	2	Omer, sueños robados - 1x19 (HDTV-720p) Castellano
a0adf85710eb539efee72b54ec93d86e4efd83f2	2749927722	1	The.Last.Blitzkrieg.mp4
a1b4081a0499710159e098fb2db58e257a5bac21	355552622	2	[TSDM][Senhime_Zessho_Symphogear][07][BIG5&GB][MKV][720P]
a1b6fe86988ca7450fb0bcaca0e898a565c6272f	266218612	5	Riders to the Sea by JM Synge Live from DruidSynge Theatre 2005
a1045665d611197161ee9f48b4f5de1123ba3936	497655104	1	居家爆艹高顔值短发可爱萌妹,观音坐莲快速抽送,荫毛稀疏,发育不错
a18ebc5944e18675501f33d1648bd616738dc3bd	524913297	1	28.zip
a20d3803977111be57cbbc0054a53c89e81a6030	1883652776	1	[JAV] [Uncensored] Caribbeancom 033021-001 [1080p]
a3dbaae10f2b21cd5f27f93c5fe97c69daeaf9b1	193780824	1	Burusera_2_Toys_Asian_XXX
a46c4d6242e6c712fe48620886722908ff5cc204	1148622441	77	LAF-38-MP4
a4615ae1a0d81aac397d79c3c67db30c44b9ae19	704793914	4	PornstarTease.15.10.09.Julia.Ann.XXX.1080p.MP4.KTR
a42ebd207343e5fd60071bfef761f2a9d461d535	459912863	3	My Friends Hot Mom - Devon Lee - SD
a4c0238e07708475ec4011ffe9c607aca9fd4a52	279920168	6	www.lyrics.lol - The Syndicate UK S04E01 480p x264-mSD
a5cb4e73bef8d5926ebd3d9eb6f487ab4a261903	1226049923	1	BAHP-068
a5302d29c5fab4049f4b0829cd659670476ecc11	177371886	3	钟点情趣炮房未流出版公司猥琐四眼主管把刚大学毕业的漂亮妹子撩到手美女性经验不多被干的哭腔嗲
a58199617a2d2eb1f9223fe04614dec2e066491e	610818740	1	Valheim.v0.148.7.Early.Access.rar
a500bffcaaa04f62bf4664bbed8f478b3438094e	2103427679	1	온앤오프.E38.210330.720p-NEXT.mp4
a5d63582b741708cb75eb9c88bf0cc50a94b39a2	23456910	2	WinRAR v5.91 Beta 1 + Keygen
a5948a67abaada01a27fd9e5351e5d5533ca99c0	801744	1	yellowstone-us-s01e08-09-bdmux-ita-eng-x264-blackbit - Downloader.exe
a6beb125c14882ad8c2b2d517f871a27b6dda274	690384904	3	IPTD-860
a6396afa15a39fc59eea2af64c149443e933f890	1953702505	1	《按摩店小粉灯》站街女探花村长路边按摩店找了个女技师吃快餐
a6c230b48b4ad9ea927343d9a7fd754f088c579d	1199129705	7	39.wnzs160 膣内爆射×あなたの精子がほしいの 2 井川ゆい
a7fd26b234290a68a1443456c439db4b9740dc45	429645227	1	女神级大美女朵朵性感 制服诱惑逼逼还算粉嫩 和有钱粉丝炮友口交啪啪
a85c0aef61c2206895db3ae425cedd08f87f8239	273835228	19	ZZY21033101
a83c266ea4e657bcf767797ea258a75b88b6755b	3973925052	1	The Widow 2020 720p Bluray x264 DD 5.1-UHD.mkv
a8a133098bde242bb2584bfbd54e5c44c3698da6	3799173337	1	Snowpiercer.S02E09.1080p.NF.WEB.DDP5.1.Atmos.x264-TOMMY[eztv.re].mkv
a916132f7ee2399a362811be4ac9cea3e9113406	601475133	28	Brooke Brand - Don't Be A Dick
a9d706c69da09f24dc09a943bcc3c0bedd72b351	1812134851	1	最新推特大神啪女友潇潇性爱私拍火热破解流出 多姿势无套爆操极品女友 完美露脸 高清720P两小时完整版
a9fe542b7bd46733f487589c78bcbd186c3016b0	101320041	5	[2021.03.31] ドラマ「絶対BLになる世界vs絶対BLになりたくない男」主題歌「Bubble Love」／Da-iCE [FLAC]
a92dceb27e7370fb6b58e7624921238747e109b6	112203548	1	【RezkySaragih】 Ayaka Ohasi - 「WAGAMAMA MIRROR HEART」 【ＭＶ】【1080p】【89739F1A】.MP4
a9f5f76d368525d17b7911418e6d7663473baabc	38921160506	28	Zapretniy Plod.Season 4
a983d29131d9643d354bafcf38b325fbb2a6a0e2	734409032	2	HONEY (Jessica Alba)
a94de90336b7916c1b9e9ddaaebe0903f361b6f9	1402097125	1	EKDV-611
aa14df1b329b1f2adeea58258b02589bae84a75b	924346520	7	olo@SIS001@tokyo_hot-n0646
aa7315d359aeaf2070ccf253e5c590110464f66c	829731607	1	逼逼和奶子粉嫩的网红美少女钓到了个家境不错的帅哥有钱人就是变态喜欢玩虐待式的性爱啪啪
aaf23e7f65c455de9b44791bc5dce9466fd358a3	1463879759	1	【BTPIG压缩组】2009爱情剧情悬疑@谜一样的双眼@苍之云.rmvb
ab3a75c1eb03c16e81106cc730ffdae23cc45d03	1448468942	1	JUL-423
abb4865d7ad30821756844c0c97b4b2b1b42b566	1264957423	3	OnlyBlowJob.14.08.15.Athina.And.Lucy.Heart.XXX.1080p.MP4.KTR
abe4de0617a507f42a0661dc3241cdf13f28b5af	1649940467	8	Pink Floyd - Animals (Harvest Records 1st issue, Great Britain)
aba514ae89a5c98e8c727b7c11e4f2a5df433cc7	416003025	1	鸡巴毛都白了的前进帽老头被小伙领到野鸡家操老逼老熟女技术过硬直接给老头口硬插进去换了好几个体位内射方言对白
ab331dcc72e4232030cfe5a5f66c8cb43a6c78fb	2582698054	1	SABA-590
aca2d0cbaf2eb8be34fddf8ea7090309010e14f0	1280208641	1	DASD-783
ac96f6b2cb50947b89bc0cdb4d4d668ec191b7fb	1915620050	7	一本道 葵Buruma之最後快進擊!!
adbb75f6083010cd649c1632a307f5d416f8781d	51898746	5	3.30-24
ad4c69a75034e500e5370ebfc4442203dcc4b832	5328958352	6	Logan 2017 bonus BR EAC3 VFF VFQ VO 1080p x265 10Bits T0M
ad982639bf9377d66f98c8ed5261e09c89e258c5	4981874651	15	Bumblebee 2018 Bonus BR EAC3 VFF VFQ ENG 1080p x265 10Bits T0M
ae43d936489b24e2abf8583ccffb1e1708ff0428	764824890	162	H4610-ki210330-SD
b0182ca9cdeabecd7bf854fd86854582859ded9a	1790090707	9	第一會所新片@SIS001@(金髪天国)(1526)甘くエロティックな二人きりの時間を覗き見る_SWEET_TIME_恋人同士の昼下がり_KITTI
b17faa89b4c5aa79dea75f49c6c9297e84e5310f	1806938112	1	Sodom and Gomorrah (1962)
b1af6757c75f22b0793ca54a04514c8f11c7c11e	1063519254	1	名门夜宴偷拍系列内衣模特拍广告被摄影师套路偷拍正面机位偷拍
b1b882b55cc235e1d5af666e3e62a91bedd0e963	582047949	14	033121_01-10mu-1080p
b12c0365fb6be4f0558988bc8703e6bc51a4dab3	1294470556	1	휴먼다큐 사노라면.E476.210330.720p-NEXT.mp4
b1aa7ae130726aa92f7d30e6989bdf05a35eedc7	4893421781	15	Venom 1 2018 Bonus BR EAC3 VFF VFQ ENG 1080p x265 10Bits T0M
b10f337230b16c852698b1f9795372bf51a807ce	195197678	3	浪荡少妇,先用木瓜奶差点让男友窒息,然后换了情趣内衣彻底降服男友。全程主动,叫的大声,毫无保留。
b203b7f9d635b1a0381f4661aea257bba8861870	4029957424	5	【Thz.la】1hbad00264
b21df12b22b1fd62e26a706387f21d1e15ef8ce6	149992	1	Seinfeld season - Downloader.dmg
b3256b3bb60e464068f40c38c6efb729193bcc9a	1869252378	1	Asiatengoku 0466 – REI (レイ).wmv
b306da5935edf703ef54c3e7177fecdcf3fe4ca5	277378605	8	Shemale Yum - Jenna Rachels 4 - HC - HD
b38bc591944244555b4d6f417e457a9e843427bd	1052190890	1	看完世界杯和前女友去酒店开房不戴套来一炮出出火普通话对白
b49eb7378c240edbaaa686685a5cb461e1ee685a	384580490	20	【YMMV】pla0087 H4610
b45e952d1a7f43fdf29f74bc47b4f021c5b59cad	149992	1	Heavy Rescue 401 season - Downloader.dmg
b4867dbfe7eecf5b3253ded6b8c697e5c4b093cb	507120528	39	heydou-0243a
b5ec40e3002b17cfbb130598cb04565172b7c811	1624287203	4	The.Bermuda.Depths.1978.TV.Cut.1080p.BluRay.x265-RARBG
b518db11f786023ef1dfb787a84393e1c6c9f425	51605591173	21	10 macOS games (Strategy, RPG)
b59eed97d454a866923fe84602a0798ef550e345	1198547930	19	ZZY21033103
b5e8417e09da48b95c3f4d7d1d9dd1db72cd345e	4751690981	1	露脸黑丝无敌骚浪贱挑战全网最强喷水，榨精机吸舔小哥大鸡巴各种抽插爆草高潮就是喷连干两次，道具自慰喷水湿透沙发
b552f9ea8d5c813631ccb5929e2e1fc66c9467cb	12179644405	6	Olumsuz Serisi (UN&SP&GL) Trilogy DUAL 1080p BDRip x265
b55a687d84718b20205db79993de9df5b5f02edc	762644437	7	VENU390
b626c08e3cb89e9c123b89a173c255fc421cdf27	23456909	2	Adobe Premiere Pro 2020 v14.0.1.71 (x64) Patched
b6324721e2325adc91244175c7e3d697bc49fdc7	3838299891	1	JUL-430
b623d45fbc6da441cfb571c1785577df2376f3d5	303888197	1	Jay.Leno.2013.12.19.Sylvester.Stallone.WEBRip.BYTE.mp4
b63f0d70684d25b2a135972edf14ed6a4b2ae4f5	254469806	7	김희정 - 개량가야금 독주곡 [FLAC]
b64da6133f67778af712e5b558c9160a3cc3ffff	975893986	1	雀儿满天飞高颜值外围女神，美乳诱人温柔听话，花式啪啪激情无限
b70562e1ca61853e4e7a449e16fff95b53b30317	1871296968	9	第一會所新片@SIS001@(妄想族)(ATFB-232)ハーフ美人妻の子作りおねだり淫語_上原花恋
b7ea5c32f0e2b51fb45a5c77e4d0ea1665e87625	669253844	5	O89
b7c484b45396be7b7223145bc41fd7fce9aea026	1568247740	3	HNJC006
b7267eec23796660ca6aabaca43c19dbfc672d28	816048549	1	肉丝大长腿露脸的极品少妇与小哥激情啪啪，粉嫩的骚逼极品口活打桩机式爆草真刺激
b8b4c6273d9232f6bdcde3dd37b56ff754f2095d	929171411	1	（美女直播大秀 uun22.com） 8 [泄密资源]-【重磅福利】付费字母圈电报群内部视频，各种口味应有尽有第五弹
b865349714691c9c02e7c1f7471ca31768ac4c9f	166056575	3	长沙操商学院刚毕业学妹高清露脸，学妹吵着赶紧结婚avi
b8155fc2b8ca7b06499a85f3f797b372063020ed	2060654943	4	[psk.la]1pondo-101013_675-HD
b8c74951e0ebe4b524fd65021965fe24dfb0eeef	14686273643	2	Suburbicon.2017.2160p.WEB-DL.x265.8bit.SDR.DTS-HD.MA.5.1-SWTYBLZ
b9372c14903068afea406d3a855660fdd83c9f1d	271203198	4	NaughtyOffice.Nicole.Aniston.mp4s
b923f5d3b51959e9e8b3280b153633f6a92ba126	417486719	1	www.TamilBlasters.uk - The Angry Birds (2016)[BDRip - [Tamil + Hindi] - x264 - 400MB - ESubs].mkv
b923d9bddda3889031ef2c6f5f0efc165066a4a1	1044545025	7	olo@sis001@COBI-001
b98384397253b804112fe5ed09b9f46c35b539b3	223829417	14	【猪头爱爱】【SEX8.cc】 國內某夜總會瘋狂場面 金髮小騷貨脫光光
b9cf2f70cc3ecb88acbe42908c8e094bd657b6be	907806649	1	源下载00后巨乳仙女新人极品大奶萝莉与粉丝收费啪啪秀乳交舌吻后入
b96802f17ca3901b2662717a4cb1ca467ffccbeb	238839929	2	Kagney Dap
bad5ca9657f698857ddbe9ee1f1742d44b1adc2a	244715456	18	VA (Jazzsticks Recordings) – Decon curates_ Ethereal Jazz for a New Generation (2021)
ba0a72b543f8ba5c2837d121319e43c4279ec796	23456909	2	Microsoft Toolkit 2.6.2 Final (Windows - Office Activator)
ba0a5a8a3bb82c8faf0c77b3aa37350b4dd7229d	1138214761	151	VAGU117C
bcd13af1289af6b0a47c58b681a64051c192e156	145487816	13	国产-哥们媳妇下班后在酒店里偷情太刺激骚水又多跟她做控制不住想射对白超多有趣
bc382274deceb769534414216d71229f34b0555d	3256915150	6	FreeUseFantasy - Mia Moore - Playtime In The Bedroom (21-02-10) [1080p] + Pic Set
bcc16cbd22ab2ac0821a7052d85f640ff94fac64	4515027303	17	Elegant Angel - Curvy Girls [DVD-R] by Tiger1969
bcd9c6b934c1c18eda4255204498e8c92b5b376f	499101708	4	Octonauts and the Ring of Fire 2021 Multi 720p x265-StB
bc189c8e56109d86984f1077dd711946a56ee582	1364042772	80	40 Assorted Books Collection PDF-EPUB Pack 131
bcf7912c1f5b97e12cd1b2461020ba415105aafe	841238841	3	Black.Ink.Crew.Confessions.S01E01.720p.WEB.h264-BAE[TGx]
bd42bc03d101631b886b93a613d4c1b8b907aa44	580655672	1	[Erai-raws] Wonder Egg Priority - 12 END [v0][720p].mkv
bdddd3f68a6e442ca607871e07e9a505828bb549	1028417957	1	人送外号陈冠希双人直播大秀 激情口交啪啪
be939912c85bfcb6948d28dda01bd5910f7d9060	1848924534	2	Snowpiercer.S02E10.720p.NF.WEB.DDP5.1.Atmos.x264-TOMMY[rartv]
bfb1c3e545df66036ac1875c171d550d9ecb9508	1124139088	1	白嫩漂亮的美女小姨子失恋后借酒消愁,睡觉时被姐夫脱掉内裤啪啪,刚干几下就醒了,反抗没用后顺从享受.国语!
bfb63244b9dce8cf843856f31893181ddd01d91e	701640490	10	【黑色点击】【SEX8.cc】 超神伝説うろつき童子 未来篇3-4
bf200bad1a764f33c906022bf56101cb1bb39f76	1083942453	9	Mrgin@sis001.com@台灣美女天使情人迷人的微笑摸奶摳逼很舒服 國產極品美女亞晴兒粉嫩粉嫩的咪咪婀娜的身姿 性感妖媚的漂亮蝴蝶看起來覺得很清純其實很悶騷 長髮飄飄的美女花雪摩卡第二部
bf4143d87073a103287def0d6ee9c5503b48af7c	479355238	17	【手机欣赏】PPPD-311 JURUNIANGT
bf7d1df197b5fbcd429dfd41d6349505e4c18dbe	4563884854	1	Shahid.2013.1080p.WEB-DL.DDP5.1.H.264-Telly.mkv
bf1a14cad4313e2d23ae127bc7b3e75cee4613c7	1901252089	2	1By-Day.16.08.05.Chessie.Kay.XXX.1080p.MP4-KTR
c08336374a428f72fa730fcc2044608974201ec8	315962084	18	577
c1cfc9bc980efeae0f40f7b49f5bcf4c7a861d9a	1001718714	4	炮哥探花約了個性感裙子美少婦口交啪啪
c136a914b1454f190dacfed154dda12a0c0c39ca	48217823737	10	2048社区 - big2048.com@55tmavr00118.part1.73xyoxwo
c23a4c3bf8e83617390d3b825e7f4e67cfec431c	422289263	31	14.Vixen - Elena Koshka
c2362125e1fbd171b2b0752dee0d137169f9718f	2094431863	1	JulesJordan.19.03.17.Lily.Adams.XXX.1080p.MP4-KTR[N1C]
c27de1daca690ca26511869d64dcaa3ce688e7cf	674961551	1	最新推特网红『舞绪儿』价值19.99美金魅惑ASMR私拍 体验震撼灵魂的呻吟声 净化你的耳朵 高清720P原版收藏
c31d84e7024f86623bb315e52f42b48b14b616ae	1049815324	1	PASSION-HD ALEXA GRACE 12.02.2018.mp4
c3038239d7cc916b2e23fd79f86fe651dc0dbac7	118619284	1	Pegging Bling StrapOnShandaFay
c3cd3b7032c514422c2f3f6a9dc90937bb715ed5	504751177	1	Ｃ３１０２.zip
c4939776d62b29c67421e633ef85e5c1065aa551	557056533	1806	My Plump Mom
c4c0789392bd45aee2358bd0520dad081e9824e1	1285856171	126	2017-05-05 珠海芳 茜茜生日
c5cb3d80ba76f23bce2bcd881f9b31b8d60c5329	295317652	1	milfhunter.18.05.10.sarah.vandella.elevator.creeping[tk][480p].mp4
c58b45005790ad99f94ae63f7db2c887808e9841	2539039117	1	主题酒店樱花房偷拍眼镜男和模特身材美女开房过夜激情啪啪
c5b3b74ef0e14e6bccd6d028a56624d2f58108d9	1035485038	3	Moonshiners.S10E20.Backwoods.Bonanza.720p.WEB.h264-CAFFEiNE[TGx]
c5dae910989732bac79c8627dfd820c3cfb773fc	621527379	7	谢谢分享@草榴社區@SKYHD-036 超可爱美少女绝对满足欲情 春咲あずみ純粹的笑顔徹底解放
c69902df8d6072eae1eb5d5abb79277cd0d0295a	92792545	3	KimberLeeLive.21.03.19.Pump.Your.Cum.Into.My.Ass.XXX.SD.MP4-KLEENEX
c6d24ed6b95eb2d0a19678df5af03e08108a2aa9	1430764979	1	(18禁ゲームCG) [200925] [きゃべつそふと] さくらの雲＊スカアレットの恋 (Character set + Background).zip
c6b03b301b334f10cec04ee9dfa7eb34056ae8ff	29580483	1	[LiTU100]麗圖 2009.03.20 Ya Tou 丫头 - 1.zip
c77bb546c9baf28eeef5bd52b097dc74970c0920	23456909	2	Adobe Illustrator 2021 v25.0.1.66 (x64) Pre-Cracked
c716e57fd1c167c469593da446b7dbad6804f384	19217113626	6	2048社区 - big2048.com@hunvr00083.part1.jh8qons7
c72d8440ae61661e984a152037fface6e6712eb8	576710733	1	Terraria.v1.4.2.0.rar
c7ca9a841fb44943f5c16a06e80c44c9c6d24fdd	1930630887	1	网红脸时尚年轻小妹出租屋约老铁粉丝啪啪值播,被抱起来快速爆艹
c8280d15ff2f57dc366b5f8e7ce8d5c94039a804	1170525892	1	Bang.Real.Teens.Destiny.Cruz.Loves.Sucking.Dick.On.Top.Of.Steep.Mountains.POV.Fun.Public.Outside.Outdoor.Latina.Tits.Ass.Booty.BubbleButt.Butt.Doggy.Doggystyle.Backshots.CumInMouth.Facial.Interracial.mp4
c8f771aaafc7062b11aefa5e9169344b3fccb615	297444613	8	Kaze and the Wild Masks [FitGirl Repack]
c8cf28e087fa468dc178c366853635002a243e2a	401994815	1	[HentaiNI] Junjou Shoujo Et Cetera +Bonus [02][1080P] Uncensored ENG SUB.mkv
c856ae8a788214055cddfd604d7a79508e71267d	1042675491	1	Purple.Bitch.Mitsuri.From.Demon.Slayer.Holes.Anal.mp4
c86f22a992df120cd324e28b869da5b81fa80885	23456909	2	WonderFox a DVD the Video Converter 10.0 + KeyGen
c80ab5d64d50af7176c7e0e2585b39eb9479b691	270815383	1	[246porn.com] 18636 Deviant Hardcore - Busty Dominant Babe Kat Dior Muscular Man and Fucks him in the Ass_metrovideos_720p.mp4
c815a34a4c347db877d8c5712c4baa380dde65bf	23456910	2	Age of Empires II HD-RELOADED
c96dc83c3780f9ebc597943b6a09ac1a170f483a	857193884	3	DASD461
c97452b2e2dfbab79e374562cc42c5f953756956	3868515310	33	eyan00165
c930b0c3eb425fd2c50c533e00b13b0cbde64f8a	2644834686	3	HD_DVAJ-504
c9f50b6068aadb9c4e79712c5464c5d1ded2d19e	23456909	2	Adobe Photoshop CS6 + Patch -[EC]
c9706aed13deeb9740e9503215b48032b0eac7b6	6112523892	11	Digimon Adventure (2020) 31 - XX (TV) [MP4][x264][720p]
cac329aa68b2f4359a6fe7dad2398942bb5c3bc5	3233774100	1	Dangerous.Game.2017.P.WEB-DL.72Op.mkv
cbf8791656a0d247ec61348f36d0cb32ebdf6012	501596416	9	HGC@0478-酒店偷拍装饰公司短裤美女和同事偷偷开房,刚开始不让碰,软磨硬泡还是上了她!
cbec60f2770ef8f6fa2149e00e52ee3013f4cb35	306790428	5	3.30-31
cb286ea55a27f308363a6d641d01fb1b71313537	555104733	19	ZZY21033102
cb8f72b06f7239b8b4bd788e71156c74e08c3f85	479369924	5	Rush 2013 BRRip 480p x264 AAC - VYTO [P2PDL]
cb20aa705f718fb00ee3d2ab160645fed6504aac	5202848012	2	Snowpiercer.S02E10.1080p.NF.WEB.DDP5.1.Atmos.x264-TOMMY[rartv]
cd5afe039f0492d718afa275dbf873585ffbd428	1389375991	55	RDT264AVI
cdab4763bd2f298941de620178f2a1cc443e8b46	1202765524	1	【野狼出击】老哥情人节澳门约战非常骚女主播好迷人，情趣肚兜酒店大力猛操
cd3b5c9e58518403f59c3db08852a6f1d52b2ed1	21312427	5	3.30-4
cedaf68276298b928e32d29057cd77d8f1550a45	1012609212	4	SSIS-007 夫が不在の3日間、酒癖の悪い夫の上司にひたすら
ce6d67724ce93468f8a630d8fabfdc3ce2f66f55	2160979701	1	BF-507 着衣痴女 焦らし性感乳首責め！ 小西悠.mp4
cef1c9ef5762f079d8acf3ec4f9e4503ed78f65f	8675744396	10	3DMGAME-KINGDOM.HEARTS.Melody.of.Memory.Cracked-P2P
ce82c9d0039732f7c07ecb4adce53589df2f7581	1152716946	6	Sexy.Beast.2000.720p.BluRay.H264.AAC-RARBG
cefc98e8034c88d22bfa25de4553da3df38681bf	1112176474	199	杂志签约的波霸女神李好，男人最爱 质量很高啊，乳房弹跳 骚穴粉粉的有水 苗条大学女友和我在家中做爱,后入她的大白屁股爽歪歪 国内极品麻花小辫露脸美女和老公给力各种姿势自拍 国语对白
cf585c8b071b49629a5b93a0c57b972c01e91f9b	3527720327	2	n0949_yu_ito_om_n.mp4
d02830a5136dec83106b3b43f2f4ac446e35e8a2	149886	1	FabFilter Total Bundle v2020.12 SAL VST VST3 AAX AU WIN.OSX x86 x64 - Downloader.dmg
d0ef6c644aaff1b7cc8f04a52bb43a80e731b0e7	957096883	10	TMAM026 AVI
d2b37111edfbc1d4a089f4ca2c11d75693a8764b	729919488	1	American Gokkun 5.avi
d22507f8d214a9e497a0c023754ae1cbf37edd93	555208241	1	最新相约中国极品长腿翘臀超模特伊丽莎白大尺度魅惑私拍之白色床单上的美女 完美酮体 三点全开 高清1080P版
d2e09f25490010365d88e1d6b3fc8aad53f823d8	853302563	1	The.Demonic.Dead.2017.720p.WEBRip.Hindi.Dub.Dual-Audio.x264-PM.mkv
d2ecb9aef40a6437ffec5f9bde35ce3bdb0e11d8	149992	1	Magnificent Century S02 - Downloader.dmg
d3d466ae1d43bf19357c656c27da280b74e6e207	4136000920	9	What Happened to Monday 2017 Bonus BR EAC3 VFF ENG 1080p x265 10Bits T0M
d3d0b3943cf49a9a2d8be0e9340da1d898b1975b	533793894	39	H0930-ki190124
d3ee63ccb0c40ae9398aeadc4acb8774e1abbeac	5862802576	1	A.Little.Italian.Vacation.2021.AMZN.WEB-DL.1080p.mkv
d482151e6bae04e6446a420260eee7e2f6148b7b	1553748281	1	JUL-421
d4531f6e82f934cf62843d2b91a4dbcd67ec0c7e	1166081133	1	微博推特网红嫩妹【妖姬】透明紧身连体黑丝情趣圣诞女郎装幻想被哥哥操全身涂油假屌自慰潮喷对白淫荡附图24P
d474abb3df274989b6ea2a7813217d06a8b635ac	513707198	1	Ｃ３１０９.zip
d46313b9d784dd93d59c52af01225a97c15cabd7	353873868	417	[嗨咻阁网络红人在线视频www.yjhx.xyz]-宜兰商学院大胸正妹李宜辰日常大尺度私拍[204P2V312MB]
d4033622bb81041ea1ae02c4e6d4b1e5c99788ee	447518720	12	能娶上皮肤白皙的美娇妻走到哪里都想和她做爱
d53889033f3a78b0391f40f796f68644fd98eb44	644378088	12	21岁苍苍苍老师的亲表妹被老总包养，一个漂亮校花，每月最少2万包养美女的身体，舔鸡巴的技术真心牛，真心就是老师教出来的 台湾漂亮贫乳小女友和男友做爱视频第二部 对白超淫荡听对白都会想射 一手调教的清纯学妹由处女变淫娃到彻底的堕落-三次操瘫美女,说：不要操我,主人快停下!全程国语
d6dc8c485ec79de356294e791226fd5e0162fe0b	2224477580	1	高颜值美女主播私人玩物七七收费大秀 和炮友双人激情啪啪
d657574a21432ba61dc9b46f204dd7f420190e23	406946124	1	140728B.AVOP055.mp4
d744d2cf9028b7affc3399c5792e6151edb43714	5260171202	19	Fantastic Beasts 1 2016 Bonus BR AC3 VFF VFQ ENG 1080p x265 10Bits T0M
d74a643d8662ded8470887b47af275c0e22d3542	181098399	10	Simple Minds 2013-09-08 London - Hyde Park (FM Broadcast)
d7ce28e70314505e15523fe9a671b4de6d5fdf70	63825838080	1	Cyberpunk 2077 v1.0 (CUSA16596) [AUCTOR.TV]
d8f0e7357ef43697e89483efd06f3ba46f676720	23456909	2	Adobe Photoshop 2021 v22.3.0.49 (x64) Pre-Cracked
d8eb176718e8c65ba7e7f53625fd870566b78541	23456909	2	AOMEI Partition Assistant 9.0 - Crack
d852947a1aa2770064c3596a4dee25ca7b40b99f	3260398272	1	⛔【実写ASMR耳舐め】Jカップ騎士メイドが耳元で吐息たっぷり耳舐め♡(プリコネコスペコリーヌ)【KU100】Ear licking Video - 20210330(火) 2345開始 - ニコニコ生放送.ts
d981419e2d11451d02cb34a1b6d9eb376abf278f	302343925	1	最新2020极品爆乳女神『私人玩物』制服订制新作-性感D爆乳空姐包臀制服诱惑 速插浪穴 潮喷高潮 高清720P版
d9cc979f6a17fb1e53d3c8c392527c21719a9abb	802455985	1	《小老弟探鸡窝》超牛逼手持直接偷拍忽悠小姐自己炒股要看行情260元搞的豹纹短裙美女对白有趣
da5d9480de65c4231bffa390c5f17a5b1fd5cc05	1133349269	1	『性爱日记』之威尼斯の恋 欧洲留学极品女友『林雅儿』水城激情炮 清晨浴室后入全裸无套抽插爆射 超清4K原版无水印
daf4540ab0325ac1593e70a3939fdc6abd110355	572724599	18	ZAY21033101
dadca444ed51cc513fbb08eb8652944ed2790c6d	3751468308	1	91王老吉精品大作桑拿选秀之浙江双飞表姐妹
dbf53af027080b0dac109c2f99b0aa82aa0f092a	489884041	1	真实MJ风骚美少妇 兄弟齐上阵 无套内射 附高清生活照和现场照90P 1080P高清
db5c94fb43d7b233f22dacfa59f070c8f0ac752e	137171340	1	高价购入少女私人玩物VIP收费视频之雪白豪乳情趣内衣水晶黄瓜自慰
db88d8b67ddb5c27af1386eb51a3a92cc191d971	1832921432	1	[JAV] [Uncensored] 10musume 033021_01 [1080p]
dc4e21d94d3b44eff0d06dcab8c44d2d6d7bcf25	2183261119	9	第一會所新片@SIS001@(PREMIUM)(PGD-672)小川あさ美主演作100作品記念_グラマラス6本番スーパーラグジュアリー240分スペシャル_限定生写真3枚付き
dcd17ac1fa8cafce728c2511abc3285dadf4fb40	259160814	3	推特网红大波肥臀嫩妹胖丁不乖呦学生制服公园里肛塞内置跳蛋自慰高潮喷尿无毛小B太嫩了1080P原版
dddc9a6cacb5562950b0a89bbaf31ba84893ff20	4765547313	16	[HR] Black Clover S04 (155-170) (2020) [Web 1080p HEVC OPUS] HR-RG
dd4846ecc30500777ed9d83691817355f5195425	1516825878	5	SW-303
ddde864b4a9f25f689dec62e1526eac61b6a4132	23456910	2	Adobe Flash Player 11.5.502.110 (32-64 bit)
ddc496ac40821c6a7297c1fbe7455df40d3b424d	1829270233	1	VENU-995
dd9b5e763bbc184bc0347d40268d008263b8196e	496149724	1	140210 이데일리 문화대상 AOA 찬미 직캠 Wkfqdmsclak[1080p.SlowVer]-Jabi(Ss).mp4
dd8361c8128bcaa13b6805ca167006b87342a2b0	719329043	22	ZAY21033112
dd2d56b448e37314c170694bba3fe7dd00a493fe	260393336	3	幸福老哥啪啪00后嫩妹子边操旁边还有个妹子舔奶掀开被子上位骑乘后入抽插童颜大奶
deab10f06b6ffeb45b129a683a2872f70a232e04	10031365628	7	I.Saw.Black.Clouds.REPACK-SKIDROW
de5ee90b1a6cffd08966388106837e5855b72a35	1283975108	1	[SubsPlease] Wonder Egg Priority - 12 (1080p) [33854763].mkv
de3a199d10c36a2ebb8cbf742ab36a5d074e7b78	1171144440	5	La.Badante.del.Cazzo
decfff245798c1500693bce3f8b2e7e5288fc4f9	694721530	6	www.lyrics.lol - The Syndicate UK S04E01 XviD-AFG
dfeba7824892f5cb9fef3dac89a8704955b5adcf	648186968	25	洗浴中心猛操20岁炮友 台模venssa无水印大尺度私拍套图
e0a9d3918c7fd7ca75bae9d633366848e459ec4a	149992	1	RuPauls Drag Race UK S01 - Downloader.dmg
e085d3ddefce64bff6c2bab8d8bbea031af37f72	5800377766	6	第一會所新片@SIS001@STARS-355
e18c0f41a24addfead742e325ffff2d2f7fea935	496454735	5	Daughter Convinces Divorced Father To Come Home XXX P2P
e1d376e03ab05a9775d1a6dd58bd24d166d51b55	341558772	1	[HentaiNI] Junjou Shoujo Et Cetera +Bonus [01][1080P] Uncensored ENG SUB.mkv
e282b045cf8ae06374eb5d40eb5ef12ddcb36e06	1273384293	12	[Ohys-Raws] Azur Lane Bisoku Zenshin! (BS11 1280x720 x264 AAC)
e2eea8d94da92d16f3eb87e82aaeb80246809e74	599705043	1	12.zip
e25096d2a3079f94898c07a810ae7d216aca1ce3	1318555941	8	AKZ1HET149
e3a12a3e95f1aba143cac613bb10a40cc318b60c	1845014316	2	Last Dance (1996) [1080p] [BluRay] [YTS.MX]
e3e80302d00d47491b32dc3037cd0be7637b800c	546884727	1	Lana.Rhoades.Adriana.Chechik.lesbian.artporn.mp4
e37669ead97e49fc1bf341bc13d41d922705ea90	775425916	14	精品-HEYZO_HD_1840_FULL
e3190b4b6323f5f9ea2fec1dcf2f41bb91dddcf6	153254638	3	最淫养生之道-私密保健会所【女子养生SPA】技师超神服务全身推油按摩保健舒爽啪啪专注玩操美少妇高清收
e49017c9774fcdd4243d03a369e2000fe6f87f6c	742990480	1	樱子老师和三表哥户外车震，胖子表哥爽死哦 舔这舔那的，临射还猛怼进去，被教训，说几百次还内射 怀孕你就完！
e4026b052b89b777a343a3d0d56171284a3a83a5	1266567526	3	Ogunanas.Porn.Actor.Audition.XV-1087.Jav.Censored.DVDRip.X264-MotTto[rbg]
e56f2e06ef9b44725e2d2fba1bd9e79ce1ab8f80	1958739429	6	[thz.la]082516_149-paco-1080p
e5a304e9a73cf9a13e8b7fd5b887f69a55c4f3ad	896294987	6	10
e5ea07a16e7d9b25a9aca50e4ee9b9499d0d46dd	6369827407	6	sdnm00275
e5fba371d0ed387ccdbdd1222be192ad40d1e0ec	7611822960	2	World_Cup_UEFA_Qualification_Group_D_Kazakhstan_France_HD_dfkthbq1968
e64b2fc20499714e8bf0335a85f4f4d6482f1881	347364901	11	Lol Coxhill, Frode Gjerstad, Nick Stephens
e605b16c8ecee9582a212d567e6d20ce42081efd	2642622056	1	DOCP-268
e71887fab7bea9a9fd7aeae21e5f8be68489ff3b	122776649	5	3.30-22
e8eb6a1fffa6c2b6730a6381b1adcae16aeffc18	23456911	2	Wondershare UniConverter v11.7.4.2 Final + Crack
e89cbef103b7f660b7f5b9c235e126f6fe174072	11562527799	1	HITMA-016-HD Hi-Vision Cos Play COLLECTION.mp4
e980d7d41c853fb823153acf27b933afebadcd41	2401086147	1	对白淫荡搞笑豪爽东北富姐风骚成熟美开车带着干儿子小伙玩车震能玩的都玩了这姐姐真是太骚了
e93845b6ff10569fc08c47d44531bbe3582936c3	6119041	1	A High-Rate Virtual Instrument of Marine Vehicle Motions for Underwater Navigation and Ocean Remote Sensing - C Gelin 2013.pdf
e9cd6741f7eb88f0448493662354b6e7292a31ea	456254677	19	ZZY21033105
e9993ff8571f2080ad770f731f848b97abc209fb	1209052882	1	【污萌少女】高颜值美乳妹子跳蛋自慰，撩起衣服露大奶跳蛋塞逼震动
eb62f9acba238d6a97269a037f20a12692b91a40	853022403	26	010411_275 by arsenal-fan
ebf1b8378ade248145c832bea7d7e0e694a2e6a9	71410100	14	Vanna Vanna - Style (1997)
eb4e04f1b9164ba9da1dc57897f8addad7d036d6	23456911	2	The Sims 4 Discover University-CODEX
ec298b993dbf51f392d9d224c3dd7fd884472236	643169150	1	Running.Wild.with.Bear.Grylls.S06E01.WEB.x264-PHOENiX[eztv.re].mkv
ec47a257248e4a34d4d035dde1f0dda48a06145c	1017368127	1	Alison Tyler - My New Hot Stepmother Sc4.mp4
ecd1bc907438b830f2ba1e127cad6c62a0f62481	3943170170	7	张震讲故事之合租屋.Chang.Chen.Ghost.Stories.2016.HD1080P.X264.AAC.Mandarin.CHS-ENG.Mp4Ba
ec2b42a525bd716a1a5897f91e9e3b0aa5050ef7	39850513	5	3.30-9
ed62814438f5b203dfa68d962167603ca0f7433c	474695579	25	2020-05-28-1-15
ed60d1ed0a87795a9658ebf717fc88f282725660	356110547	1	Kennedy.Kressler.Is.A.Wild.Blonde.Who.Loves.To.Fuck.BangRealTeens.24.09.2018.blonde.mp4
edc8bc582dd3aa908c95c882dbde7aae780154e0	510458913	1	搞一次3000元还要另付200车费的高颜值E奶气质美女被土豪哥各种姿势干的受不了要给他口爆,男的不同意一直操射.国语!
ee99617ed3c0e62b6d754719ecc8bcaebea86b56	153456154	1	[246porn.com] 18936 Jacuzzi Fun makes Whitney Westgate want to Play with her Pussy in the Sun_HollyRandall_720p.mp4
ee805e568a0d0bb13bfff35c70cee9118362b07e	747994	1	Loftus, Elizabeth & Ketcham, Katherine - Juicio a la memoria [60454] (r1.0).epub
eee84390cda1387c97466a2a9a701e1b244e49a2	1774995247	1	刚毕业正实习，21岁学生妹，【萧日天探花高端输出】俏丽乖巧，蛙式趴床深入暴插，激情如火小妹妹好满足，高清源码录制
effef5db6d0260fc75d1df5d8faa68d0b410fd13	473530547	1	[246porn.com] 19036 To Step Dad did you see something you Liked am I too much Woman for You S14 E3_OfficialNubiles_720p.mp4
effae47e7e2536b504ac811007895c08174a75ac	352769630	1	91混血哥017-大战风骚少妇完整版 拽头发打屁屁干的少妇直叫爸爸
ef3034928839a74f0745b208b1b2676783755ad0	23456910	2	Total Video Converter HD v3.71 + Serials
ef16bf6eceef245574474c10c815ddc8ba30dfda	1606967604	13	www.xBay.me - Beauty-Angels 19 06 08 Jemma XXX 2160p MP4-KTR
ef5103d2b8dd559f0cd0242fbcfed24d3786d8e3	1291235762	55	WANZ541
f0b7f54267e636087fcc1de232a1a8d75216fa09	642044720	1	监控偷拍这次赚大发了模特级身材的美女和男友酒店开房
f05d073a72f834e04e11d445e1cd5c037b264f23	9597751300	6	2048社区 - big2048.com@h_955fsvr00018.part1.3sfsjw8n
f09415a8e79a4b5195a2783bd6cc1d0ac3724a85	379187357	18	SKY-102@maxmaxddr
f085867ff2927297a6ecc8667a85422c0b71ade1	978552376	3	Casual.Teen.Sex.SiteRip.2009.2014.MP4.XXX.Blonde.teeny.fucked.after.breakup.Marie.Jan
f11909d0c64a5e9050d868f305b983d97f99c532	2395303280	1	极品美女『你的佟亚丽』约战热门探花啪啪 隔壁女主播加入火爆双飞 连续抽插美女花枝乱颤 高清源码录制
f1209c0b73a952d9747e31e2057188d0fc0b9741	994351488	2	Last Dance (1996) [720p] [BluRay] [YTS.MX]
f110308e6aa4b8e88ad9ba4ab850d82e2b39c4fd	4213438464	1	FND-014
f272658a4646a02d01cb62c74292c96c73845f2d	120571796554	28	Somali to Mori no Kamisama (Somali and the Forest Spirit) + Extras [npz][JP BD HYBRID REMUX, 1080i + 1080p]
f267af798a1e4ff5cb59427856595c8ae7fa0c76	510683822	13	10Musume-093020_01-HD
f226a456d2fd30ed60ff5fa77e972414d5b972c9	23456911	2	Totally Accurate Battle Simulator
f375ad8bd60353905e4406abbb6772993bf3c23a	2582337748	1	GVH-176
f33902ae98b470129172b3c4da41386e1838fc6d	69833309	1	(C94) [3355 (ゆうき千鶴子)] パッコパコ父×子 [中国翻訳].zip
f4de8dbfdc0aab067c76bdbf01020fa116847749	14847131080	24	Delta
f40bc7c89061c1e62a1693d5eda23526bb3d7d87	1837274394	7	BZ Collection Pack 4 - Capri Cavanni (6 Scenes) =-=christian235=-=
f4f94a4f5e98a0967e90e70e53c77bb5adf220da	183013841	17	The Spaced Collection
f6d3a5ec835734355c7ddd18c4892a4818929f8c	17692428906	3	Disco_Elysium_The_Final_Cut_Repack-Razor1911
f7cf9c8a41fca1d097914874da621ef6743f1606	2632290353	3	PTK-004
f8d87e2563d91b7f4c4f3152c9edb042e671e268	830472408	15	夜蒅星宸@第一会所@1223最新一本道 122316_450 我想绑定制服美女~西川ゆ
f82b30e570f38290f461c12daee5134602e6e474	569011740	9	跟拍到你家
f9fb62b0261a1a64a4f6244ec1b77fbb84dae709	2439534461	2	The Machinist (2004) 1080p BluRay x264 Dual Audio Hindi English AC3 - MeGUiL
f9ee8a83a5169531c2efeef31110dc624083282c	4680857234	1	The Martian 2015 BR EAC3 VFF VFQ VO 1080p x265 10Bits T0M.mkv
f9a00055bd141590715b8f1b3969d4a1efd15e30	1035894117	1	年轻学生妹粉嫩小猫咪穿着民国学生制服自慰插穴 逼毛挺多 边插边叫
f9fd08ecaeee740c8c936137ad007ba08eedf561	2280267981	26	SIRO-3831.HD
f9876585c1daca77422ae1559cc15502823477f0	621396371	1	太空战士 DVD原创翻译【倩影翩翩www.71pp.net】.rmvb
f9b9e827113ee8e6b7b83ebe7429a160115ae4f5	3847812283	1	Dcvkg5[51luxu.com]-178.mp4
fa154aa9b9fda1d8f30c6da040350a5d2377b677	1673527296	4	Asterix - Obelix XXL3 The Crystal Menhir
fa56b19cd909fe8cb2c46465c5c9bc0d9068757f	938911358	1	DivX+nike(HODV20408).rmvb
fa53c406dd5d0ecfb36af1943a0f310e7bea519d	23456910	2	Native Instruments Guitar Rig 5 Pro v5.1.1 UNLOCKED - R2R
fa8595427aea81788a77435996675be00baddbaa	222236032	5	Leather Boot Lust
fb9bfe17bdaebc9baea75fc88e38dd6fc4504b02	105259074	1	Desert_Child_1.1.1_(35245)_lin_gog
fb3520d51f3e617ada3f2f429e7eaef876abd61c	2166138993	1	hgb.15.09.09.krissy.lynn.mp4
fbaf18c6d58c3869b175e7f5d9badd39d2ee495b	395222278	9	Extreme Ladyboys - Dia - Happy Ending
fb1ae388772543920499545b987dc3af0fd632ab	570605403	6	olo@SIS001@tokyo_hot-n0037
fbd69ba501e4bb814f1812a8e706fabb9ce591d8	1231494764	4	Hoarders.S12E02.WEB.h264-BAE[rarbg]
fb7ed6d18df6beaf4c878bf4f8cf139e2a3747f2	3704146945	1	NNPJ-418
fc37c0ac44cca5f0f427c20bb0278243fc23141e	1172400490	28	heyzo_hd_2020_full
fdd7cddc121c29cea751410894685818c52ad018	2025202312	2	[LegalPorno] Timea Bella, Linda Sweet & Blanche Bradburry - double anal orgy SZ574 (11.24.15) 720p
fd58a678651d950bb079fd6cdbd6cac373e5df25	1809853253	10	JUC641 AVI
fd3daf1638259b91cb3df520e8166ed6709170d8	149992	1	Godfather of Harlem season - Downloader.dmg
fd3a143ae93bf72b5d92c2c846fa640394cf45eb	1990515839	1	色红尘探花日本妞直播秃头大师玩捆绑，短发嫩妹穿和服蒙眼绳子捆绑随意玩弄
fd1de8890b25364bfebf04545213534eb87cb3ed	570847577	3	[22sht.me]富 二 代 私 人 公 寓 網 約 大 長 腿 高 挑 氣 質 美 女 車 模 兼 職 外 圍 女 炮 椅 上 激 情 大 戰 太 猛 了 椅 子 都 操 走 了 連 幹 2炮
fe46a6a5be022f1ffd18dd8a642ed4218b2353d8	87560290304	88	铁核桃.第一部.国语中字.2015.WEB-DL.H264.AAC.1080P
ff572695837dd04bec3b205688dc5d946c0b52af	2925034161	8	US5FKO527
