01f08e851d74ac9bdc70ae1c879a7177ba3cc7cf	7398253903	3	RAZVEDKA..rus.DVO.2021.WEB-DLRip.1080p
0865d60f1b7e66ae411149b1c6b2d357af39d3e9	539159404	8	ymdha@草榴社區@高清國語艷情自拍傾情爆出+台灣無名自拍清晰流出版+重慶醫科大學女生自拍
1504705a4871dec9a39e16cf61e217a8431010d9	520707027	1	Anthony Allen and JaydenJaxx Erotic Massage.mp4
35f74fb9f7bc458a9e81dfd6e311415f89f21a02	184862113	5	Busty Bbw Was Moaning So Loud While I Fucked Her Holes XXXRls
45310aec7ced9a55a5ffef35c84cd7f98635c421	374243713	3	LustyGrandmas.19.10.17.Alexa.Si.Ex.No.More.XXX.1080p.HEVC.x265.PRT
50c769e698d306aab135f8b4b0d7984bad0a86a1	801744	1	CISSP for dommies - Downloader.exe
54f6597ad97bc9298f811558c0840dd4ab5bdb79	1262955773	3	1By-Day.16.08.10.Paula.Shy.XXX.1080p.MP4-KTR[N1C]
5e5f0128175b4b6139eeffc5a22428230bf561eb	1831262919	1	Mohomaya 2021 Bengali WEB Series S01 EP 1-5 720p WEBDL 1.70GB.mp4
62229e986b4dc888eff416605a5ac07c657ce0f0	809674414	1	道具自慰男女喷最新 凌晨一多大秀，居家少妇被猛男蹂躏，玩奶摸逼口交给力，多姿势爆草抽插露脸颜射吞精
6415e6ae0be863a0b5ae894d9ffe94646fa61114	1860315363	9	第一會所新片@SIS001@(Caribbean)(123116-338)大晦日に起きた奇跡！憧れのアノ子がデリヘル嬢になって現れた！加藤えま
6ba033fc9ff260f9a68fe104ad76e5b168b27916	982901474	1	RawHole - Arthur Mondelo, Davi Paixao, Rico Marlon - Brazil Menage.mp4
6bfc34c4c55b4fd64a2c141db37e048eda979e81	253716178	1	Gangland Victims - Ashley More
6d35280f8afef36174ecabfef720a522e3f0426e	1598230407	3	BLK230
6e12fc946be42382960981f7d2924224241d6ea1	127031132	1	舞蹈学院.Dance.Academy.S01E04.WEBRip.x264.双语字幕-深影字幕组.mp4
7703a5e29fc713fbbc63881c4383635b9a60fd48	2107113594	7	探灵档案.Blind.Spot.2015.HD1080P.X264.AAC.Mandarin.CHS.Mp4Ba
7f3e25bfcffcfb48117d53b4603827cd5b261410	321690669	52	Traci Lords
8845521e9092affcd22e5efc97a880968029b283	738687041	11	5 Days of August 2011 BRRip Xvid-LTRG
92ee6645ba9501ad0e887b81684fd89348de5f1e	101837445	3	视讯直播 童颜巨乳 牛奶挑逗
9ff9f4f3ccc63ffd641e901c091373fe8aeade22	3029492469	45	16-鬼畜初里美少女中出性处理道具调教~川奈优树
a4cca227578a245dec8678605b44139cd91f63dd	549314129	7	魔水冰月H945@[GirlsDoPorn]20 Years Old - Girls Do Porn E383
a63d322ef89d0f3aaf886b62d1af330db95c6ea7	817399930	1	www.ds45.xyz 极品白虎福利姬『软萌萝莉小仙』学生妹JK制服长筒袜 滴蜡白虎穴 水晶棒自慰插穴
b6285347d2ca7cf336baf523b93d95023729206f	1213096832	1	大奶子特白的老婆给口交 男子用老婆脸量一下鸡巴 插完逼爽够了 射的满脸都是
bd5e8c31a828208b7ba2d7845a04acee178b67ef	479235279	1	140627-1G-RJ136609Ver-1.03.rar
cc9cf4aaa41ba35c9f3485f4d3a24a12ab5522eb	583680700	1	Naibeddya 2021 Bengali WEB Series 720p WEBDL 550MB.mp4
d3e7ecbcebff509dffc1eadd1dfd602bb822560b	126222494	5	美女同事胸大B紧带到酒店把她办了
d9668989bd860398ce69f3dde70384347a3532c5	771379537	4	[140820][CYC]戦場デ少女ハ心ヲサガス
