00028140d7cc25af0a9ce75a63ed9728a2714c0a	770704865	4	MyGF.12.10.16.Alex.Dupree.European.Hottie.Takes.A.Pounding.XXX.HR.MP4
043c3b507f436f531c7935f3b1c8293916bee8fb	1288168405	9	第一會所新片@SIS001@(DIY)(DIY-025)実姉が「飯岡かなこ」かもしれない
052fb0cd55f924cdc0d8831f3c5468711894f321	1542041241	57	javcc.net_CMD012-SD
05d597e908d5a06bdc8beb165a7e7300d55d9332	362086258	2	Bobs.Burgers.S11E13.720p.WEB.H264-CAKES
0a28890f9250230940e91ea26ca6f219a2fe0a42	878114571	1	MILFs Seeking Boys India Summer
0be9a042ff880ca8dec57d8cb763e14ba362347a	1041146531	32	黑人大JB就是厉害，女孩有点吃不消了 叫的好慘 高潮好几次 极品校花级绝美女孩被操，长的好漂亮 大力抽插下表情好看 内射长沙偶遇的小骚货露脸国语对白
0f64639a9cd14787d09ff49efe252807620980b0	606833559	32	190611少女时代女神泰妍性爱换装 爆操淫浪女神-2
0fb4a57ebb8edbc0960f2ec586055c0814058fbb	45444068	1	【车载经典】高品质 ♫ 怀旧记忆 ♫ 宝丽金珍藏 ♫ 全粤语对唱 ♫ 一生中最愛 ##_H264_AAC_360p (1).m4a
1229e2d397af28f723e2a01251e73d92c3c8ac1e	2699252161	5	[Thz.la]heydouga4030-1825
1693b29682a47a661d743dea3ff90a77ba676121	1345821258	7	212121@草榴社區@東京熱 Tokyo Hot n0875 最強淩辱三穴不眠不休24小時串刺中出完全調教 破壞姦清新美女楓乃々花
17edb317e9b58a33b569be283ff277337b277f1c	860034779	30	下班送女同事回家停在人来车往的路边口交高清无水印 眼镜妈妈给宝贝喂奶.那一对豪乳太大了,绝对吃得饱 阴毛非常旺盛的商务女模特，服务主动让人销魂
18d6c26b0655d37cd0f0e957b288d48e49380101	537252064	41	老板娘女兒換上絲襪獎勵員工福利呐 巨乳肥臀前女友口交喊着要吃我的精液
18565f8f4817c5878d2ca79f32f9db4a04952e77	249913344	1	100821 제시카 크리스탈 SM.Town.Live10.Tik.Tok - FXCN 1080p.mpg
1ba5aee77da95118bcfac656cf1cb47f991550b0	148897950	5	白人外教玩中国女人
1cb696ac3c69fbf9b20166f85ea6caaac94309a7	693567413	13	www.Torrenting.org - Nubiles 19 02 23 Alice Shea Sweet Alice XXX 1080p MP4-KTR
1ea7faa5697ac5d7d9712db783c182d4da18a085	2437511900	28	有情有义
1f8777f8d8439387eb1df2c87b35758f37d8b7dd	892557049	1	www.ac68.xyz 【宿舍啪啪】在医学生宿舍下铺强推护士女生她一直想拉上帘子还是被干
1fca7ad9fe900c9a4e42be124af4c8531275f0e0	533431077	12	酒店再次爆操95年漂亮性感美女Aimee第二部,强行要求拍摄加上操她时有点粗暴生气了
1f389de7719910340ba65d821bc91e955a16a4f3	51278495	1	[EAC][120314]TVアニメ「只有神知道的世界」角色CD - 神のみキャラCD. 神／桂木桂馬 starring 下野紘 [320K].rar
2093a34ca8f4b881d2f757b335c3a402fce1642c	175940609	12	泉州嗨哥找来混血极品女神一女三男丛林约战，露脸
204345c745a3840adfdbfcef2a8ee0bd713ab3b5	2190651164	1	SDMU-490.マジックミラー号_成人式を終えたばかりの友達同士の男女が初めてのお酒で我を忘れて人生初の真正中出し！.mp4
20790b57df857bd631e9d61fe6825fb139b34cd3	801744	1	by-click-downloader-premium-2-3-2-repack-amp-portable-by-tryroom - Downloader.exe
21ccaea118ab427e805c5fe4eaed914e2b90ece2	582581691	1	www.ds28.xyz 身材苗条美女主播气质女裸舞自慰1223一多自慰大秀 自慰完光身子站起来骚舞诱惑
241594615aef6662e2da13260fee00473d2a00f9	66349865058	117	步步惊心
256adb3694fcb7d67fe770c48829d3424b773823	38275631809	9	Prison Break. Season 5
2b22d5bcc1f3b9c4ec218fdabaac774766e1254a	2121793887	5	Z412
2b323226f765389df97fca8795c0b4227dc594c9	1183816707	1	SayUncle X ClubBangBoys – Brenden & James – Craving For A Bareback Fuck.mp4
2cdede7a39412e504e2604ce7d0d3b5f3898a438	315097684	21	0505SMD09
30490dbc71a8a12941ab709596a2846e1d741f67	338980301	1315	213
33f21ac66fb006e7cd67b712962f84d5d222efed	17139868332	5	10.01.18.Unknown.2006.Blu-ray.REMUX.H264.1080P.DTSHDMA.MySilu
342547f3fd815ffc13af8e54e42d30604f5dcda8	2856733887	3	The.Appearing.2014.720p.WEBRIP.x264.AC3-MiLLENiUM
35dca49885f7c15d997280f32e8f67cb278a580f	592410419	5	[有碼]身體和心靈
356d418892b7a5468fba55d9e378b79262bec992	423245578	1	Skyler.Mckay.Squirting.blonde.takes.big.anal.Fake.Taxi.squirt.bigtits.mp4
35c09554bd26d53500991ae27d1af2da809f2bc8	1543702927	37	0517-ipz381
35682cbbd9d355a61aa146f124b1e9e67ded98f9	734603584	16	11.d@n0560
37fd4e82c839522b7009bb26885246037b619103	763558312	94	XL Girls -Klaudia Kelly - Breast With A Side Of Buns and Glory Hole Hottie New 2 2 2015
39cece59e8aaeba01777e34f8776ec90bb2268c6	69431258	1	Japanese Girl vs 002 black Cocks -unsencored-_MPRT.mp4
437661b2820a9dd1cc0eadab2e2277f1b0132a28	259925362	3	青师情侣玩无套口爆+武广高铁车长康娜
4521a8dcddf5052094e91cd290742f0c70d2ab88	294561374	2	259LUXU-1095 Lagju TV 1080 – HD
469b4ca726bbd863d122577ab586aab4865fa772	768819011	1	Next Door Taboo – Andy Taylor & Damien Stone – Stepson Swap Part 1, He Wants It.mp4
47d6af9a8a631aae0a4c87a2dc0452c789679134	12227078	29	[Matsutou Tomoki] Exchange ~Osananajimi to Irekawari!~ Ch 2 [Chinese] [熊崎玉子汉化组]
49e9a1b239297009911bfbf644f538ea8b04d2ee	249410701	11	【淫满魔女】X-Art - The Red Fox Rope Priorities
4d8b2c0cae801c20f8bf6a71726f1dffe6e11b95	2239773783	10	赢家.Win.It.All.2017.HD720P.x264.官方中文字幕.btrenren
4f23ab0df29fcf7395b4e73f4fc85664122ff47c	953942278	11	彩票王宅男@第一会所@密会
51d4557ee537dcb1e0068205ca0b0f8c07677f27	2438913076	57	SCOP386AVI
53160c18e4523acab326ffd747de8f17dce07fb6	1470103797	15	VOSS-007
5b635f71a8a3a4f7b76d83a4acb3e8d7ecb5bf85	1085800562	287	刚从师范毕业的清纯表妹 新买炮架國產夫妻情趣做愛 國產極品巨乳人妻-嫩逼情趣內衣做愛 激情狂操 精彩視訊美女 看悶騷蕩婦 極品身材美少女是如何操小熊的 放開他 讓我來 国产经典小熙公主夫妻与单男精彩自拍高清视频国语对话.值的收藏1 丝雨自拍VIP视频之四合院篇 五星级豪华套房口罩美眉与头套男手拿DV自拍
5c3f1e00c6be5313ad6b27e2badb1c45ef14ad01	801744	1	clarice 01x01 - Downloader.exe
5ee4330b28bd7baf96a8c8f0ac87a6975f9f08d7	221179985	1	[J2][加速世界_Accel World][第04話][Declaration_告白][D-Jade_720x576][內掛繁中][MKV].mkv
5f9c7fe0be1f4e17921a45d42f105f53cf538194	1288367632	123	JUX122C
5f4e81eed74f955d96a4c72248e98d293e4a76d4	940572794	19	MOND-104
629d179c5d4b14158fbdbdc152fb704463151562	1094987101	20	【性吧论坛.com】Alissa
62dccbe7ef909c2e3e123ab5c1d1c1869bfc3e82	969245629	7	8400327@草榴社區@SKYHD-069 店長推薦作品 藍光天使第69號降臨 Sky Angel Blue Vol.69 淫乱天使福山さやかSayaka
63575a6ba8b90ea176612f48ea24d2df9d9d6e3f	2213508904	4	DDFBusty.12.08.15.Carmen.Croft.Valley.Of.Her.Va.Va.Vooms.XXX.1080p.MP4
64bea47bb95f3c57a2fb726f1642290fa9980ffa	801744	1	The Great Escapists S01 1080p - Downloader.exe
65e624dc37250ac2ab7bce5f22638f738ee72727	110319086	1	Kitty Yung - Buttslammers 3 (orgy).avi
65c9f7e3b743853a6402017dba78136ab1b0fa72	122760464	1	(成年コミック) [LEE] ケモミミ温泉へようこそ [狼娘汉化].zip
65cb31ffb560ea31adea9482fa5c3cb17381a289	706536276	10	1Pondo-122913-725
658f27e9bf853f492cfdbe5f13c82d8300a1e2b9	461465990	5	白嫩漂亮女美咲
695eb987a44ac4bbd2c27b878824b2b18c2f0bc0	1385876881	3	[STAR-794] 飛鳥りん 濃厚ベロキス接吻乳首舐めエステサロン
6c27d0f11747f8220e6b1fa7a68851aa8720b951	2705850613	15	XRW-006
6ed134d4c088fca018ddd15761cd364f054146fe	993661949	5	lameizi@草榴社区@Red Hot Jam Vol.74 着ハメCandy 神田ねおん
70a569a57a2f6cf1566e591d573550fb6c4196f3	723290021	1	GayHoopla – Adam Von Flip-Fucks Rico Vega – The Hottest Guy Adam Has EVER Been With.mp4
72bbfe522019635c95e5ad4bdb4897e75890e32c	207898396	10	【猪头爱爱】【SEX8.cc】 微信上认识的叫我大叔 唉
73842d0f6a935cdf45b419bcc90e80734e368ca3	741859600	5	[ www.Torrentday.com ] - A.Blade.In.The.Dark.1983.DVDRip.XviD-EBX
768a8c2bafcb193ebaff55e550da085066ae95da	1007285195	1	Courtney.Simpson.POV.mp4
787f869bb9636f41e900eb59b1a6e21e5252f75a	406103267	2	EuroSexParties - Marina Visconti - Double Bang-mp4
7969336238e472808889e6ff206ce2e6acfadc64	1538161828	1	[Tokyo Hot] k0729 Go Hunting - Misa Kano_hd.wmv
7a698f5f5b1077b0164b525dc7c77c5543e77dc9	735877571	6	TRP-009@Touch99
811c9f064f7df9413668100583128a58b8dc7f3f	733091840	1	ruikiriyama.avi
81be0a7013bb66f85070d13c462fdab825649ade	2670028109	14	xxx-21808 by arsenal-fan
83eeecddfd115a7cb62c76d7870216eb76dac8a5	343408888	31	1030f
8561178f652b7121557da61e32291253b39cfbab	3261775195	1	AEW.Revolution.2021.PPV.WEB.h264-HEEL.mp4
882dea9005a316278cb63e8d4e4f1b81b4afc2d2	939678009	149	C0930-hitozuma1227
8b1fe239be7ccaf5e6b1836a061be4f906565baf	1189783192	3	(MIAE-055)
8e26e8d0a05e15c0b78fbc373e4f37cc9be7f44d	1146453312	143	APNH002MP4
8ef9abe46ded459771c31253d6d1d252c5b53871	1658020667	10	GTAL-003
91f09e117c8c341c568b4a0041ab1c540f0acf7f	295637044	2	FrolicMe.20.11.28.Katy.Rose.Woodland.XXX.720p.HEVC.x265.PRT
9113166d2b4a3c3490e9a000baf15612fed5a29b	1831950573	1	IPX-118_hd_f01c1f3cb64f867a59305157f893e739.mp4
91e86ad59924cdb1329c1d52060b1156900d9df2	580339986	6	韩宝仪精选集 之三 [WAV+CUE迅雷快传百度云]
93b170dd4b2a155ad6f1a83f5ece791617869c0a	801744	1	Club Seventeen Excuse Me 10 - Downloader.exe
933fb7415c941f185c2ad599661571950bdab271	199346144	7	被160发大量精液侵犯的美少女真正中出
9306b7070a20ba26536e7b80a0cab9b5a8fb1c92	1130939770	2	#_afs002
94ffa87493dc7c43cf900d9f4c88ff2d76e06aed	1011284050	1	wa-190.mp4
97c1ce18420d1a64e8f8b8dd3e13b344c3d35810	1233602241	2	tokyo_hot-n1125
97a2a2ad3b470cefe48fe55d6b333ecbafe49997	1177974940	63	mvsd227MP4
99b9adf31103ce9f05edc7651944e2aed680d466	708167845	4	三个夏夜
9ddd0beab29f3186582b6d73e859c13605b7a05b	434936108	8	1 新疆梦郎新作西域风情之爆操刚毕业的维族妹妹 身体很敏感淫水很多 用首先给她弄高潮喷水再爆操小骚货
9dd7ab578e13cfec1fbb76eadbee42ed32f1dad9	2382167154	5	[thz.la]Apolonia_SerenaWood_FirstTimeEnvy_3840x2160_30fps
a2b657b1dfb865ed7ad58b24cd82bdf029ce9084	302569630	7	olo@SIS001@vagu-064
a4cec3bc41cff2d66ddb1f993da9eb2abe6a020d	527516208	7	277dcv-117
a4b7bde2f0ef11a041efbaec211ba17eebaec94f	801744	1	nos-chers-voisins-f_tent-la-nouvelle-ann_e-25-12-2015-french-hdtv-720p-x264-jimmy - Downloader.exe
a6c0eb765768eaeb5697c0547ad63e4624875312	1025456579	2	PK (2014) Hindi 950MB 720p DVDScrRip SAP x264 Team DDH~RG
a96d6be6b8bda214ae5163dc462a559ede4a05ae	1049276537	17	IPTD-734 みのり先生の誘惑授業 初音みのり
a9d9d610cfda6b7193f2a5c789934ef6d581f0d5	4393198664	10	170407 뮤직뱅크 여가수Cut
aa57fc3c5f347459b69fd4b59676dae200aa2c06	1482199814	123	JUX413C
aaefc8762a737290b3567e910a450a3f84ba3c49	1352837385	146	JUC970MP4
aaf04510607286e0100864d936dd06f7bcf28afb	3721437654	5	【ses23.com】Mia_Sollis_A_Late_Afternoon_HD
af86e8aa564ae97e5903058b125eb88ea8be7694	999049459	9	BT-103-想把臉埋在OL的美尻中中居ちはる
b0bab370765e891ab65123fbad2f7e6f090388b2	801744	1	GINEBRA 4 YOU - Downloader.exe
b00582f52f55f3cac2a8bc6105a5ce520bcfa0fb	953251406	18	FISH321-1125
b1fcfbc92b2fba02ee0a38cf78b69a83ce83f849	907741523	2	MS OFFICE 2010 plus PROJECT
b41c30632119b3975bff5c5e597ae3b3818bf9a7	742479219	4	Cause.Of.Death.1991.DVDRip.XviD-FiCO
b8f232b734b6c552ea593e55feb25cafba3b6e75	6474700792	9	第一會所新片@SIS001@(PREMIUM)(PGD-884)元地方局アナウンサー！カメラに初めて見せたエッチな素顔_宇垣ちさとAVデビュー！
b921c14fa3fcf027a8dfadf4a281ac24cb884b0d	566756376	13	why620@SexInSex@Sheer Desires[CHN.SUB]
bd24cd934d0b698e1821be4108f98ca7f4ae91ff	12793893	1	OFFICE.7z
bf74079485776fc7471407387f98974cc5e1441c	111412265532	103	《棒球英豪》(Touch)[台配国语日语][101话全集][1080P](mkv)
c00b163197451d6b703d465cb13cfbd5949e4f66	1685586433	11	wangxiaowu005@www.SexInSex.net@RSD-008
c247dde0824bdf2b76f1702bf7fea61df1bb3379	1531486866	20	heyzo-1828
c4e12880b9e223c7c9df6e91324d8864d644d63e	1618264453	3	VICD-180
c680a922671c42307074f993f5f1260ee2c11c5c	1618432802	1	FTN-043 寝取らせ 17.mp4
c7f1bbfc0ed9d0b92b0fdafe4a6e60ee0fd9bcbe	19561306960	2154	Domestic customers small video collection8
c8bd4f1f3d10bb2120eceea5b2188cbc3811c51b	2747594860	36	JUY-498
c8961a5a7a25484372cc94ee83fbe8b9a1552b5c	113922932862	6	[蓝光原盘国语中字]周星驰蓝光系列2
c80fdc5c8625143ed9526eaa0555ee0cb5d3b7ca	19646120064	93	01-46集.1080P无水印.求剧秒回微信公众号 影书随行
c9e1ea6eb0fec4a8eee4b5146daa559a9f3df42c	755989247	6	ymdha@草榴社區@大奶子浜崎無碼流出！爽歪歪！
c92e0b636983f1dcc99e341fcba7963b58e171ab	1141183971	1	[电影天堂www. dy2018.com]作家的谎言BD国粤双语中字.mp4
ca11bf0d598fd8bf54493c0c9abb4db2c125eb26	864398858	1	邻家姐姐气质美女约网友回家啪啪,被像把小孩尿尿一样抱起来,自己主动女上位
cc84981caeefb6ce0ce74e0490ab398727f73745	1182381691	23	8400327@草榴社區@風情萬種迷人小妖精波大身材棒的妹紙第九部 比朴妮唛还漂亮的白富美小師妹第十八部 國內網絡紅人媚娘網友聚會群交淫亂 國產難得精品女同調教拿來大雞吧也不換國語對白
cd82c195c0d5f214e46a0ff4975bfd6ee4516910	940049818	19	【遁去的壹】【SEX8.CC】HEYZO 0127あかり優
cf55e3a74b16dff595844c8e590947f745752988	1978295837	1	Kimmy Granger - Kimmy Gets Caught 720.mp4
d3f8c8f9df196c3204b8e1d3fb2ce0debecc081a	729913888	5	[無碼]19歲出道的AV
d4b97abe0f548a25dbb482cc371258feb883a06c	3488532071	11	重生.Rebirth.2016.HD1080P.x264.中英双字幕.rarbt
d61eac2b858c3f08acea63cd7be5ed7e25554fd6	8876838749	54	[国产][人间正道是沧桑 ][国语字幕][DVD-RMVB][FK压制组]
d85bde5a024c7300cb90e185d7977957ceee3885	592084749	8	若無其事@18p2p蔡慧如+彭千芳
d8311deb35a889af3c328933165b55acd4d56eae	450390626	173	[红馆www.97hg.me-www.51hg.in]微博巨R网红@小奶包 尺度视图合集[52P+35V416M]
d97177729063b18f382fa10a4c1ac480a84fed4c	5872025690	61	lxc2lxy0120@(MOODYZ)創立10周年記念 不穿內褲女教師 大橋未久 等10部
db1db8e57352de1a47c6634762f89eb4862a7633	1669283840	3	FF7
dbc625f45c8dd6eba1c439b4ad972c478e163a7e	910766960	5	[LKSUB][Chuunibyou_Demo_Koi_ga_Shitai!][06-07][GB][1280x720][x264_aac]
dca8a76563d4c41fa520d2e08c9f8c12794575a5	1696110571	3	FAD-1766
df917dc9dae362679a374c17ef7cbcd9b50aa4c9	166056575	3	91大闸蟹最新作品原创第8部：36C肤白长腿南航空姐制服高跟丝袜足交多体位强
e065a6b364be0a117c1bec44c729e7ead873b4fd	603255046	17	【贴心话】HNDS-022zizuorizhongchusisieahausu shan
e150ef90b9bc261deeb1258cd7b56c0b6d9ca9c7	44488126822	99	【HD一条街论坛 www.hd1tj.org】武则天1995 10DVD
e4d84a6ae83a60957bdeb9d0276948decfcb3a28	1563176657	9	midd-778 豐滿地OL痴女 佐山愛
e47bf59c52045df98f4f315899f07d036d38a14f	801744	1	the expanse - Downloader.exe
e5401bc44c2b154345963a3204526c7eda894b2f	801744	1	The Resident 3 - Downloader.exe
e6ecef8328ef0ba14d5f98c68b9aa00467cb884c	253116888	10	门事件-顺德杏坛门
e681bd541beae89bba0927375be397de63630e52	4211852897	5	【ses23.com】NATR-433.720p
ecb7f13cf13cd747f5b41508af70ecdc6b2d0a9f	25913303	2	Diablo 2 Lord of Destruction (v1.14d) (Direct Play) (RPG)
edf416e0ee76b03548ba3863ec0476879d6c0c45	637591145	5	某市科技大学研究生情侣性爱视频流出两人PK看看谁口活好对白有趣720P高清无水印
ed028e8f8a053eb128918b27d38f5053c4256b53	831906463	7	0899_sd
ee1236445e3e1db480b71ffff8dc53314d2a5014	33233978483	21	Asterix.Co.1967-.SWEDiSH.Mr_KeFF
ef3222a1f83006d83c3368df517df71715ca15b3	199663814	1	Show Music Core E215 100703 Yuri-Tiffany MC Cut 720p HDTV x264-RAiN.mkv
f0cdebbf6b39cd091d8077fd00cff0ccd8045b3f	186348677	10	好B都让狗操了瘦猴哥和眼镜男居然内射了美鲍女
f13845471acbaf5baeab29cb07078b12aec0388f	79649454	3	[2022.DEV]高速自慰这女的有点猛长的还是不错-289319.mp4
f1385ea4a50d3a7dbc99ebca6e71549e935cd6df	860123127	7	olo@SIS001@SABA-518_CH_SD
f1da28b2c53842b60a1d9354ab303c5893032be7	1501979423	2	VIP-D724
f265852e16df0b9c4f6cb40cfda5620bc973af54	319598589	3	高贵丰满悩殺度満点高瀬七海
f380b9387c06185f3543774a86644e2c95309531	601907620	3	JapanHDV.19.08.10.Nonoka.Kaede.And.Sena.Sakura.XXX.720p.HEVC.x265.PRT
f3eea334695e043084c34b0ae4384cfa2b1b9c6d	700109144249	44	Marvel Comics Universe (1080p)
f69622dbd94e458be6d5a978737547261bd3445e	1432833792	1	美妙之物.CoisaMaisLinda.S01E01.1080p.WEBRip.AC3.5.1中葡双语.弯弯字幕组.mp4
f8f58d4b00dd2d0c38b23f522c7fe94609e5a018	19047596	1	whichav.com.和嫂子出軌幹翻她 射完再舔乾淨.ts
fb091fe210542a274c1856d7002381fb291e91a0	131070825	1	Farming Simulator 16 CHT PSV-3DM
fe696cdabcaa1a423ef6be6fcef46b16a42dd48f	1003971154	1	DMBA - vol.70.avi
