10db888d54b496e41ed8a01075864f10edc4144b	8503951360	10	al-tv-3-dare-to-be-stupid-part-1-of-2-1985-07-07
21aace604414703dcf39e71f8a8bebe7873c942a	12971745	1	Shrek in the Swamp Karaoke Dance Party (2001) [Eng] 360p.mkv
2577b851216a8598903e39e0d2d49c5816a21573	3817097801	6	Queen's Blade Utsukushiki Toushi-tachi
43ccd1f10664f54083862771e7df61dc3b711a8c	275401022	10	Eclectic Spawn - 2006 - Noosferic
51d90f202455b0be9db921184afd8e476bb2beaa	1573013504	1	Kogda derevya byli bolshimi
54f781af331de47f1798c0b44bd7ecb8d75d75b0	5768695808	19	NAKED_ISLAND_1960
5a1a8a32564f4a37e78c96a9feed69d9070c1e24	253857920	2	TrueAmateurs.21.03.05.Jessica.Starling.XXX.720p.HEVC.x265.PRT
6f4e2b3cdc21072dc32f3a8c2f1ec05acd290c73	37518143	1	百度云流出自拍《新婚大喜发现豪乳伴娘和新郎原来有一腿》干了新娘操了伴娘,一枪战两凤.高清无水印完整版!
9a4c0609dba28bd2d7c262e5f4dd8c640bbc6450	1619539466	1	Throated.19.06.11.Demi.Sutra.Suck.It.Like.Crazy.XXX.1080p.MP4-KTR[N1C]
b0ced33adfcafd8f7fcae04544b13ec27ea02477	880545775	5	www.lyrics.lol - Supervillain The Making of Tekashi 6ix9ine S01E03 1080p HEV
f90fa796fb11f5e3f312f55eceebbc3b483dcd2d	179835346	12	C.B. Victoria - 1976 - Dawning Day [WEB-flac]
fe2a294c96d9a0ae03e6d5dbcc02a8555da75dfe	9430408623	26	[Elecman] Traversee de l'espace S1 [BDRIP][720p x265 10bits Vostfr]
