4cba528fc17a8d7cf0a9b97866f00e04e0d25a3e	21277408	2	NordVPN.Premium.v6.35.9.0.ENG-[WEB]
4c920c5a7815fa93635bf840e7e2b4542f4eb6a8	339494441	15	Amy's Ashes
582b406b8d0c5b422debb42e8f0739412dbf1c15	2823601525	2	LOL.2012.1080p.NFRip.CZ.EN.DD.5.1.H264-HDCzT
709d7b23ae3cd65f78f62309dcf7bfc3797ac432	21419325	3	2010 - Waldo's People v.s LA-X - Jackpot
71f7bbaa54b0a7410af53dbafc8588c7894f4b33	575358947	9	【手机直播福利】主播【拉克丝】极品好身材性感的情趣内衣，双道具玩弄骚逼特写，呻吟可射
7aba90bb938fdd06237ca26fa563e35d30b01e33	10849457	26	(C85) [ACTIVA (SMAC)] Hamidashi Ryuuko (Kill la Kill)
86c266e2a19d266ed35d84b1c20d730484a31480	787823118	4	Friday.Night.In.with.The.Morgans.S01E01.1080p.WEB.h264-BAE[rarbg]
87f58c266101cefcc91dcf1586e188af352cc984	1515044082	4	[ELECTRO-TORRENT.PL] BAD ASS3 480P
8dfdd30d5ec175b07b7439c2af02f6fef61d2224	1215287189	6	www.Scenetime.com - Great Australian Railway Journeys S01E05 XviD-AFG
a3efd97cbcdf78f5b66ffe11082eeeb20ff5ade1	1440	5	Favorites
afd95bc32a36c79257601a076a34998010c91d8e	333330686	4	Belle.Collective.S01E10.Reunion.Pt1.HDTV.x264-CRiMSON[rarbg]
c488797e5ee7715e915fec537a7e4feccc3cde71	806381705	16	Lightnin' Hopkins - Lightnin' (1962) [SACD] (2018 AP DSF-WV Stereo)
cdb552cd662e8e92787b692a5402d6657bc8b53b	6141407487	4	www.lyrics.lol - The.Burning.Buddha.Man.2013.1080p.BluRay.x264-ORBS
d582979dcec6e61fd91212ea8a0cb9072f648672	22182072	1	Intuit QuickBooks Desktop Pro 2018 20.12.4 R2 Incl
d75e5d300c0ff40830b586c6b55a129db1d62785	409171097	5	nero-burning-rom-2021-portable-windows-7-8.1-10-all-version
e5777b2dab735de356f979eb69588030bd8ae74f	61320845	55	SuicideGirls.com_14.03.23.Karanlit.Do.You.Want.To.Be.A.Bird.XXX.iMAGESET-OHRLY[rarbg]
e8a58c63e34301dce7ded64072c2d556b9138651	421224210	3	John Hart - The Last Child (Scott Sowers) - 2009 (64 kbps)
e8dc21b5ba61c86835a518467ff89ea9f34278b7	234498486	6	Глеб Бровчук - 2006 - Песни китов
f04aa0d80e9d978b64d1b31949c174a2d7c620a9	447715669	17	SHINee (샤이니) 정규 2집 리패키지 FLAC
f289605c83b6fe0f7c756e5393d388e0fe62e233	12145320	28	(Panzer Vor! 14) [Nonalcha (Uron)] for the first time (Girls und Panzer) [English] [Yravir Translation]
fbffd62753dc3325cfcab00c1f844dc77f7e63ae	225506363	12	Torrenting.com - AussieFellatioQueens 21 02 20 Rubi Valentine Dirty Girl
fecf2eca3b910af8ca4eb2fc2fb28cba32cc9cb8	547546391	1	6
