03ed0e0fe3232a2cd8255edb52e1f22a077fd501	178642825	1	ARM-155
0c873e81474c3e689e78c3027710845ce58cd837	175150837	1	jufd-146.mp4
0dc7c6770b8c4c6f68313b5467be586024cbae4b	302328191	1	MVSD-358
199d3f129ace565e7db2714fd2cbebabce7f02c2	34782787	1	清纯漂亮主播00后小花旦直播大秀 年轻粉嫩 激情自慰
1fe97d520a9f747f5916eb165d50eb8d072fdbd8	90817001	1	爆乳小姐姐露脸高跟诱惑 无毛逼逼脱光自慰看了直接秒硬
20be334f95461dbe4fd9a406f4b60cc50dfaf48a	183509773	19	[ www.Torrentkit.com ] - Good.Luck.Charlie.S02E08.HDTV.XviD-LMAO
221d952ac264635bb116f22526a63a0933dd8692	204325763	1	原创露脸双镜头-某探上约到极品美女,奶子细腻柔软,没想到吃鸡巴舔蛋蛋样样精通连做两次
2591e8c9ed6c7ed1e29e3098f13f53f661b7d261	1274911054	2	FC2-PPV-1774938
26a485988c8bb7d85aaf3f092dc482855ee3330f	28151674	1	【野狼会所寻花】约了个黄衣妹子先打打牌，舌吻调情上位抱着抽插骑乘猛操
2d0da6ccc21e71564d205b7b5e4c91833629b5c0	302328191	1	ipz-991
3418ff972c6f2084f86f7c356aedd8edc7aaa28a	47459602	1	高颜值极品性感美女秘书为了升职加薪不惜酒店被公司领导潜规则,使出全部技能伺候他,干到喷水了又从后面继续操.国语!
3846a074ea62caea420d5dd56bf058a809012efa	240414647	1	ap-273.mp4
3af6d15e53ec38d21f3c00298b4ac509c9c6e0ee	870798225	40	20 Adobe Photoshop Books Collection [Part-4]
483e67ae41b66a396f708d0bef09134b463942c1	273052216	1	wanz-430.mp4
4a6da944f7fa832c9f58ae59ca9c84740453acdb	35876879	1	短发气质年轻软萌妹跳蛋紫薇,长相甜甜的,笑起来超级可爱,粉洞茓超贊
4fb209d3ed4382326dfc7f5cac39d5342897c85b	378502521	5	[ www.TorrentDay.com ] - Sons.of.Guns.S02E08.The.Gatling.Gun.and.Dueling.Pistols.HDTV.XviD-MOMENTUM
50d6b08dc0db22660e6c5e8cb117be677e744f42	159160129	1	邪恶团队全员再次出动全流程套路清纯美眉！沦为玩物的全手法稀世典藏版!
53f665adde33614a7c0aac1b72fdcfccb0fe0b2b	175150837	1	EKDV-301-HD
5479d6d2f0e90d6101cb1fa4e56fe6cfa1e66ecb	21580722	1	粉嫩大奶网红妹子浴室湿身道具自慰，翘屁股特写振动棒抽插用水冲逼，掰穴自摸非常诱人
58e5ebc107448a500b9feff42141f8670a36e700	4957370520	157	Joy Division
58b88437750f598cdb924bec905b6f82b4865f50	12113865	1	眼镜男酒店激战美容院上班的黑丝性感美少妇,撕破黑丝激烈爆插,欲仙欲死呻吟浪叫.国语!
6d80a3851561a8cb29b685ad06631e692245296c	285182440	1	SOE-479-HD
7072fbb7cc70769a048f39fc9536590dc0a5f48a	55357136	1	Вербер Бернард - Кармические часы (Гуржий Ю)
7147eee648e29fe503404c2270eba7865c32925d	18812176576	155	EVEN STEVENS (2000-2003) - Complete TV Series, Season 1,2,3 and THE MOVIE - 480p x264
7359f5eaaf8413df49b623d406f7c870329a891a	534044428	1	酒店偷拍性感漂亮大学美女男的是个快枪男，美女没满足不让干第二次
74719bb0abc800fb3d0a46edcdcf2b6276914e02	47635593	1	颜值不错蓝发眼镜妹子情趣女仆装丁字裤 跳蛋塞逼逼自慰炮友舔奶头
7a5f8d9ecb17a45b5fcc6497bd323667ea472215	302328191	1	SNIS-111-C
88add8887570760eebfdec4867137016489cb4d5	43508721	1	长发美女主播喜欢比自己小的弟弟约排骨男弟弟啪啪啪直播操的满头大汗大声淫叫说好爽顶死我了顶我子宫对白淫荡
8d104f6fdea19e977699fc9f28dee600e21e7d51	222168936	3	RKPrime.21.04.19.Tori.Montana.Make.That.Pussy.Drip.XXX.SD.MP4-KLEENEX
98880c846d613da2626d0268896d74aaa43b6eba	46485534	1	街头突袭扒衣露奶合集-高清720P无水印
9c672cd84e51f996549c912f08b52ed11eef07fa	302328191	1	xrw-742
a20238dd5230eed2679a4431b2e42399147b7a62	21861204	1	哺乳丰满少妇从良家成淫荡的转变 大力猛草
aa774ed9ed531bfb68b4fc6902a4474df2a07b7d	14572138	1	眼镜男网约性感黑丝高跟紧身包臀裙美女酒店啪啪,体力太好,干的美女哭着求饶：我要死了,我求你了,我顶不住了!
aa4abbb8e8b957faabeac03f4292145fec15eed4	178642825	1	SQTE-325-C
add97ad4000a7bd2f32f0a6866a3c18746310909	6817891615	2	278GZAP-006
ad6a4e78e1075bac7e049fc510339e55f4fd4e46	27856135	1	风韵性感徐娘 老熟女贼有味道，奶子大逼逼粉，很会保养呀，还会来绝活喷水，啊啊啊宝贝们 我要在厕所喷水啦 哇哇~淫水~床上爆插屁眼！
b20724d98b4dd3a33874ab581d6d09433397913b	40458437	1	你的女神是众人眼里的母狗 全身写满下流字 被当泄欲公厕肉便器喷精淋尿
b5a55257f99a17157a4eb660dd3ce802cc67665a	21401025	1	黄先生探花约了个高颜值黑衣性感妹子，口交上位骑乘站立后人抽插猛操
b77bd6d03a94ece19e014b8664b5ae8a6cf1f0a5	91072379	1	【百度云重磅泄密】最新发现良家小媳妇，每次去宾馆偷情，露脸大尺度高潮抓拍，超清1080P
bdbc1269d7b74898a73921d661dcc68c5b58ba66	26978219	1	风骚少妇 床上用自慰器震动阴蒂呻吟 叫声淫荡 假JJ插逼自慰了一会 然后去卫生间尿尿 非常精彩
bdac04a89c5c0f650e412cedc41a569db8273ed9	30548865	1	【东京男优探花】以拍片名义光明正大套路直播日本白虎小姐姐女优,全程边拍边操源码录制,只能说牛逼
c6eab6fa40e405919ed91ceb4ba95fe242135fd6	186866019	26	Divers - Weiß Blau Rot (2002)
ca60ddf19c00478a54f280216eef1bca97d9346c	45941092	1	大庆哥再战极品高跟少妇梳妆台暴力抽插操的滋滋响
dc0239820eb2b7d930a968d71fdf94b820de872f	43432611	1	国产【迷奸精品】重磅全网首发原创作品！迷奸老板的00后秘书720P高清版
e67a20b369e32235337466b2da7229fef99d8eb9	31169887	1	酒店高清露脸3P单位长发少妇,有个男的要操屁眼,少妇不同意,最后被强行插进去了,大喊：太大了,不行,疼,受不了了！
ee59d9bef506c13630db56e25fcd09b6fb55811d	302328191	1	star-988.mp4
efc2b239c830941bfd8cbf731331116282f8f2c3	1363331550	4	StrandedTeens.21.04.18.Jessica.Starling.Tools.Of.The.Trade.XXX.1080p.MP4-WRB[rarbg]
f2f39d0eb855fd6ce35fafe22551b4158ac67d78	54753091	1	大奶子无毛美女超销魂的自慰到高潮 这么好的货色这样玩浪费了
