04c78d8819889d92c56592531e23c69930ac61dc	31119149	1	【采花阿朴】泡良达人，酒店偷拍良家小少妇，沙发上近距离啪啪，超强代入感满足你的偷窥欲望
0dc17ea1782c1ef5d3464ff888e0a6d797288e1d	87229878	1	北京骚货小母狗『DomSub China』在P站上传大量淫荡操逼视频 吸粉过万 高颜值好身材
108ecb86b5709077ac18c8e67ff2b89e7f5e2e26	44618175	1	91系列哥11月9最新【首发】孔雀东南飞 超强豪华巨制剧烈啪啪最后女主都站不稳了720P
119726c15366778b7948f3cdf55fdb9b793e721f	12863181	1	周末院校旁商务宾馆针孔偸拍热恋大学生情侣开房造爱大屁股漂亮长发妹子非常主动连续搞了2炮表情享受
14be04eb21ab4833804e0e2781fe28eba75dbda7	46210146	1	经典犯罪情色虐爱啪啪搞穴作品《重案实录水箱藏尸》激情佳作 强奸迷奸的剧情看的欲望沸腾鸡动要操啊
2a4177f8e6d97b6d8be7cca32f5a06957fdf7fb8	258092493	2	漂亮的姐妹俩轮流用小嫩穴夹住大肉棒第一次3P都很紧张嫩逼越来越紧没几下感觉鸡巴被夹断了
2dedd0222b04da20c24e34cd942dc6c77dd45104	53142950	1	91新人pony哥最新超火爆精品大片第三部-玩弄羞涩的高三女孩，颜值控福利，高三暑假为旅游，第一次出来找金主，内心抗拒，却又不得不任我玩弄 ～1080P高清完整版！
30bc724cb17b8fb31bd46438e0822790ba1fe516	87131198	1	精液漱口最真实口爆 朋友在外面喝酒 我在里屋操细腰美臀小情人 绝逼小骚货一个 边玩菊花边操 口爆射一脸
32f9adb721b60dff62ea3e1759107ac3ea2bd421	283922702	4	Power.Rangers.S26E19.HDTV.x264-W4F[rarbg]
3eaec0537adc5b5e7eb00d195fc8600e05de4e0a	40340444	1	刚怀孕的小美女到姐姐家睡觉时被姐夫趁机啪啪了
3fa234c028ea2543255d51214199685dc9ab2720	824277263	4	The.Amazing.Race.AU.S05E10.WEB.h264-WEBTUBE[rarbg]
4252d2432a5be6e63f18c309695f497f962772ab	60881935	1	内射极品大胸人妻 精液溢出来 大眼美女很可爱
547b725c120130d8a55168a7193d9b32411a84e5	58361916	1	最新2019极品爆乳女神『私人玩物』会员定制版-粉色电动棒淫浪穴 肉丝+脚环+乳夹+娇喘 高清960P原版无水印
5813c3dc492a0d11b09ad0876c7367f253bb1481	6742097839	2	Chernobyl.Diaries.2012.1080p.BluRay.x264-ANGELiC [PublicHD]
5db4efea521ac2891428248984a4846adc9927fa	24036044	1	全国外围铁牛哥酒店约炮修长美腿兼职外围女啪啪
60b3657299ed28b3499f2369411b24fceca77663	41790522	1	租我房子的天上人间上班的19岁娇小巨乳妹普通话对白
649b6fe109dde1667e30fbea8e88fac80b8f6920	363606085	1	高颜值推特网红少女@草莓味小仙女VIP会员精华版合集打包整理
6d38fc3ceb97974982e30ba898419f050d87d9c2	36237644	1	新晋实力探花首秀【红灯区王子】帅气猛男约操白嫩高颜值女神，大胸美腿温柔体贴相谈甚欢，花式啪啪超清晰展示
6e4ce5a032a99219ed5e4b1d5c733f37cdb53676	31535907	1	巨乳整容脸厚唇女主播,跟粉丝聊臊,想上门艹,又怕被榨干
714e5b8ad9db7112eea4f0ef8fd3e3e32c9c2b2b	47714336	3	Ashampoo WinOptimizer 18.00.19 Multilingual
8f4527283595e6e096f3f27a3ca46059258b2d24	3841205304	1	颜值不错妹子【香蕉妹妹】和猥琐胖男自慰啪啪4小时大秀，69口交骑乘跳蛋玩弄，很是诱惑不要错过
912fca9044921d63d49d89fe84ef776bacb97ba6	252849813	2	女神陈玉莲纯纯气质心动受不了一看就想操搞穴作品《色咒邪灵高清修复版》字幕佳作黑毛毛高颜值鸡动了
93751c1232cb51979a7d5c2f9d93c55cab510344	962672232	1	暗拍小姐上门服务，年纪不小的大哥激情不减当年，脱光衣服就开干，这骚逼很肥屁股真大，暴力抽插叫声骚浪
9b3860bbe083db7ed067dd49f4632a38db0fc0fe	16101396	1	酒店约炮偷拍玩遍全国大学生良家高颜值模特身材大三兼职妹各种姿势草对白清晰
a10dc9c7e1a24c51ab6952fc9a2a82dc5186a7c9	66743204	1	漂亮美女主播和炮友开了一间情趣房 在大圆床上口交啪啪 十分淫荡
a8175c4a96c0e9ee865cfef6d54f279496fef1c2	63546045	1	广东KTV的淫乱一夜(第二场）【寂寞泛滥的青春】三男三女唱歌啪啪，民谣摇滚一起high起来，洗手间3P后入欢畅好几炮
ad1be1a6179c0f0fa18dfa4f384566e5d884505f	108304383	1	康先生凌晨酒店爆插深圳97年美眉
b1a4cdf67fd8b49717f4bd337d633909471360c7	34029696	3	PassFab Activation Unlocker v2.0.2.3 + Fix
b34de8c236253114fe37d6ee56971bca0b578f5b	1535714882	5	La guardia - Temporada 1 [HDTV 720p][Cap.103][AC3 5.1 Castellano][www.maxitorrent.com]
b4ded26411b03457f9493d381512d65c156b112f	51847337	1	纯情少女骨子里骚，为了生活直播挣外快，露脸激情一多自慰激情插逼，浪叫呻吟想让哥哥干她第五弹
b79c269dd6939f892191616b5f7d43a78271235d	54898431	1	魔鬼身材浪少妇玩起来就是爽口活打炮样样通 尻得呻吟非常好听
ce8e079a4b7ef9fb330f98c78f8574b5647770fc	277122418	1	91系列之上海小伙又战身材白嫩性感的超漂亮纯天然白虎洋妞,这次可比上次操的更厉害！近景拍摄！
d1c88e3f2b4f5c48a10d4b3ad83d43ca4199d2ed	28053883	1	乱伦的嫂子性欲来了挡不住，主动撩骚小弟的鸡巴让他吃奶子口交大鸡巴，各种姿势爆草抽插浪叫，淫水能拉丝
d4a273ef6e05e029a0ce5528907be89a489ead84	28759220	1	颜值不错浪荡骚小妹妹1113直播大秀 激情啪啪自慰 喜欢别错过
d92ff7fe96bcdce310c68d0cdc5f041f994c2b7a	286343148	3	Hunt4K.E20.Nicole.Love.XXX.SD.MP4-KLEENEX
dee3fd5c4ac7fcc71db16493957acd6b75ebb4cc	40568888	1	丰满身材骚气眼镜少妇双人啪啪 连体网袜口交上位骑乘抽插呻吟娇喘 很是诱惑
ec27273a220d8de1637d8e89d6282106f141b667	16018539	5	Internet Download Manager IDM 6.38 build 22 incl Patch (32bit + 64bit)
fd013224fe4844c40e09ff01ee5578fcfdb80f86	36128590	1	高颜值清纯小妹开房爱爱自拍流出
