00b32d4d6a641ed8a39af9e449de6b67e50e642f	564517595	16	Jim Suhler Kessler Theater 9-14-2014
0009b48a0e0c326315345a65c375b2cc974ed3ad	4352029472	9	第一會所新片@SIS001@(PREMIUM)(PGD-739)濃厚、密着、セックス。波多野結衣
0079c219e3d4f5b0443bc506d939795958bad4ef	37259380070	176	[www.8KMV.com]触不到的她[蓝光原盘DiY简繁简英繁英字幕]Her.2013.1080p.BluRay.AVC.DTS-HD.MA.5.1.DIY-Quee@HDSky
01ec1883908b415acd855a0d33a1c9279ff98e94	1334570076	1	[I love My Sister's Big Tits] [DIGITAL SIN] DVDRip [720p] [.mp4]
02d2b6fcd2d2ac900f9f1fc840279336f964672b	1648941439	11	29.色胆包天情侣白天隧道里口爱，摩托飞驰飘过鸣笛，估计是被发现了+单位干部酒店约炮36岁熟女下属露脸，骚B被干到狂喷1米高(下)+国产小伙嫖娼记之九 小玲篇
0224346be48cd0dd5275cc1182f79c41ebc5e055	5507467612	12	2010-02-11 IESP_530
02d82bb3fa02eca8269425a446d667aad3462097	1349040392	5	25
02d98eda63229e1dc92ab9953d7ed1143b85ea9f	26424496259	846	滨崎步
02939ba6d0eac400c463ddc1cda29a73fe1d96a1	779568397	3	TheLifeErotic.18.05.15.Lilu.Erotic.Fiction.2.XXX.1080p.MP4-KTR[rarbg]
0311ec49a7cf154efec204c8862011af48f7487d	445586870	1	여직원을 벗겨라 - 소희, 혜비니.wmv
04bf771a61702733352722a09573219ea6397033	7203377821	3	STAR-476 - 安西教练
04675d067d0f122d51bac786b26abfccad77e2c3	1905779270	6	[DMC.RIP] [Банда умников] Развитие памяти. Brainy Trainy (2020)
057ae7729a6538e9e3b65c95673feb6ae823d82b	1566688018	2	Ilya Muromec (1956)
054006ebfe0e6c2b67a04830fe8aed0a5cc7fd3a	1506109883	1	Goddess Natalie - Cuckolding my virgin step brother.mp4
050ecd7af996b437282399a493c44b74882c8dbf	8416339099	4	Captain.America.Civil.War.IMAX.2016.720p.BluRay.x264-Manning[EtHD]
06039d0082b95237fd089386c5dc6ad5e4f80a64	1034113670	1	mdyd-663.avi
06e4940aa2bdffc6e3998df6802d6a07b0ae83a4	1598280503	1	VH1.Family.Reunion.Love.and.Hip.Hop.Edition.S01E01.1080p.WEB.h264-BAE[eztv.re].mkv
074bbf94822b37ad97b2b2248cb032ba38c82c50	2142729357	248	carti6 - filosofie, stiinte sociale, popularizarea stiintei (epistematic)
0733090703276c378f337ca510154b16f4225853	804951151	5	21
074853cef359f29c38ef4c05398a40f5a691f3ef	1084752122	19	老肥@第一会所@Babes - Henessy Modern Love
0877c3684f0b9965901802ae7aaa371f05ea2f56	4608516823	1	TmwVRnet_Sweet_Angelina_Hard_3840x1920.mp4
081f71926fc27fc6a6597c21cf0c40b5b0bd3a71	817768291	9	2021-02-17-05
083f69497b17b98192728a868966902207af1490	229911794	5	Russian Nurse And Policewoman Take
081050940d783d23f351ceb920435fe22c21adce	1210295655	136	GG003MP4
08f911248a42dea4a2e07312232272c2b0e4d2f2	1522863385	3	SDDM-973
09e5df6044d613e01df2c0a178b776cf13f2f80e	14870269	1	(SC2015 Winter) [RE LAY (Kuroiwa Madoka)] PL RAY END 플레이 엔드 (Ansatsu Kyoushitsu) [Korean] [Volanda].zip
097061c1f258e6b8473d910a291e0bdca1f90417	168769449	5	K-Lite Codec Pack 16.0.2 MegaFullStandardBasic + Update
0aefdfeca653157f6827fe7dfd1fc5f9c66552fa	1318755231	9	[WANZ-544]
0c802614d79db531644b668f6eb893e9f5f5454e	559139176	61	酒店開房草95年小騷貨 女孩有點不情願 全程國語清晰對白 露臉上部 出租屋和農村來的表嫂偷情露臉國語對白第三部
0c532b42530c87e58880327698c89191f26276e6	546562768	13	【曰上天空】高學費的時代,漂亮可愛的小嫩妹只好敞開粉木耳讓我草
0d2f2c0c1368fb141b1dc13fd8d263bda1428489	80443694	3	夜店搭訕背著男友出來玩的大奶妹子,嚇藥後在床上打著呼嚕被艹到噴尿
0dba48c31a03e29cbf7271893a2cebfbc1c22cb1	1293418741	15	zlczbz@第一会所@性爱48手 中文字幕
0dff9c02fa5488ac84cba0ac6f0d0e1e2f21ced7	212417762	31	1【ou89279546】【sex8.cc】女友大学寝室自拍
0d5ff2b93884aee447a22e3a8c446ff8cb076edd	3756506091	1	The Lustful Wife (Kay Brandt, Adam Eve) (2019) WEB-DL
0d87ca37d721c63a93ac4bc0fbbc014dbac84df6	2125176064	1	STARS-053
0db6fa122c34393e534df95abeea8692475a2dfd	1205277963	3	SNIS-833
0edf3df15ce8cd2de87d2fd333eee3e26c82d431	1049100504	13	加菲豆@第一会所@2015-03-09 heyzo_0816 美脚美女の誘惑～ - LinoA
0efd27a956c4b24f42196528b48e41291e63fa3f	1146853771	9	第一會所新片(MAXING)(MXGS-694)異常性愛依存症～人妻の淫欲性衝動～吉沢明歩
0e2d21e8c5af0aa46be499fe0531eb77b5657f59	99895347	17	Marti Brom & Her Rancho Notorious - Midnight Bus 2019
0eedb04c9a0c1a54a841f15c6a7eff0c3549ad5c	190804046	1	关于我转生变成史莱姆这档事 第二季06.mp4
0e67bf3a57da6fbdbc22c3d17e0cc65fd579387c	1970138735	25	兰斯合集
0e9d74c160883b7476475c2f17f1860ac7913c80	5326380249	13	[MAS] Akuma no Riddle EP 1-13 [BD 720p]
0e07ce28d9aa6d4fda4a3b2339efdc888223a2f0	510989866	1	Tajnu_Belogo_morj_xvid.avi
0f54688a388ace0f102f69b1b1308c599379e030	29880489818	1	Black.Panther.2018.BDRemux.1080p.AVC.AC3.DTSHDMA.Ukr.Rus2.Eng.mkv
0fb006c444ce3ef19b040391f0c4783b46f05c3f	943881203	1	高颜值极品气质美女应聘某工作室平面模特被摄影师骗到酒店铁链捆绑戴脚镣躺在床上淫猥
0fb7ce1e48005381a7422bd877d32071205a66f6	1952490800	4	Subject.36.2017.1080p.WEBRip.x264-RARBG
10da0ca9f0100dbb99e30dae8bb6ec9333299b0a	206161170	15	[69av]宾馆开房疯狂操逼自拍,默契各种高难度体位啪啪--更多视频访问[69av.one]
10f3c10d5f1f732d3de9f2a91759db4ba6444b25	17481550	1	Eva Mendes new nude scene
101da0c9349d5c731cc7e364764e548622ddef3f	10901435756	17	Beauties.of.The.King.S03.2017.1080p.WEB-DL.x264.AAC-HQC
107fe237b21390deaceebb10bcd658767fd01967	2066120934	4	Evil.Lives.Here.Shadows.of.Death.S01E05.Lost.Highway.1080p.WEB.h264-B2B[rarbg]
114b62f5e362a9b36b6a1f0a61debbdb28848a15	443196859	107	W2021-02-17-10
11b9b1ab1081044d0847f3ff7a02ce29b3811734	3726776921	89	jul156
11837d0eff107e952cb666263317cd78401b223c	570475693	6	olo@第一会所@heyzo-0881
11837b4b1d58476bd9885a328b1efa7257d08d56	806841357	1	Helena_play 2021-02-15
1289064e96ac2fad949aa352ad8d437325f31e3e	51702856	1	[Winged Cloud] Sakura Angels.zip
12c484268b894a200b07c8636ed461c658b0e375	2504449876	9	第一會所新片@SIS001@(Caribbean)(121914_037)慟哭の女教師～だらしなく砕け散るプライド～大橋未久
12acc8866d6269d18e987b1f3aed93ece9605781	1466724992	1	18 Year Old Pussy 10@www.sextorrent.to.rar
122672d1851d7ec08fef22952f0739161da708b3	1703792010	1	RCTD-383.mp4
12f2044c13edbcb01e8fde46da4acc7f24264bc4	337390074	16	1994. Frankie Lee - Going Back Home
12e22edf7d9f5c85cf9c3a08cae22cbdd6887af5	293289897	9	2021-02-17-06
13f12e9655672d4479fa235d03a219cea14a4f25	214936915	5	Deadmau5_-_BBC_Radio1_Residency-SAT-02-02-2017-TALiON
13636a1a51c2bb675e3cb1c6cf5c3fe3dd4fb152	1136288344	94	G0105011
13600e652a1438bd7c648a03f557a6a1c48cd988	193303918	12	Boytronic - The Original Maxi-Singles Collection (2014)
1393687c268866000206ec4f1021a26f08e33c90	2963958370	3	Bad.Guys.at.School
14fe50c7762e790386d98d791d7c2625ee6ff007	22541073	2	Mafia II-SKIDROW (Mafia 2)
14aad3432d6e3ace1c9bcc3be60a475361fba53c	440646288	36	2021-02-17有聲小說14
157ba9cb4f682813c9f51f5094dd87ee177fe51b	759641819	1	c598.mp4
15e361e905cb1f546fc7de75e22ec087bd473f38	285040096	1	Chopped.S18E13.Beer.Here.PDTVx264-JIVE.mp4
152c3276a9a3ab2183c3b58ecb5ee83791f97e41	455082080	29	[红馆51hg.me]-押尾貓 白絲製服 口爆啪啪
15cc23f646100bd04a13c04b4ef65eea89787849	739246199	1	[PuyaSubs!] Black Clover - 164 [ESP-ENG][720p][5CC3A5B7].mkv
15b068bec2fc3e0bbb449f7b467f85e34976aaa3	515674031	6	第一會所新片@SIS001@FC2-PPV-1682648
15c65c37b08a1b68c47223a492f6114673a13fb0	2236251923	1	猫的葬礼.mp4
1676d281f749b60207086846c8d0afe058624e42	1391077376	1	Territoriya.zabluzhdenii.08.06.2019.[RiperAM].avi
16d2085e23c6db2175bebb6fc7876cdffd297af0	996175039	41	b12317@www.sexinsex.net@gachi401 gachin娘! gachi401 Sexy內衣的俘虜⑮ SENA
17441916d97f8ec617d5a38dd494f2404976d035	1059744576	1	[MBC Every1] 우리집에 연예인이 산다.E05.140206.수상한 가족을 소개합니다.HDTV.x264.720p-iPOP.avi
170131ab3038bca6582efd010a607193a50d27bf	53104447935	7	Cyberpunk 2077 (2020)
183eb17a91c6fc26ac0540bcb1daa231a1ce8b47	2128299177	5	[ www.Torrenting.com ] - Swamp.People.S05E07.Devil.at.the.Door.720p.HDTV.x264-TERRA
189ce450052614296bd5ab96e0120fea8ff99a7d	1733347377	25	【150658477】2016韩国R限制级19禁[性感的假期][720P][中文字幕
18e71558a60807d710d84b4e97fdc42f63a88dae	18600183285	112	[BDMV][アニメ][130531] 問題児たちが異世界から来るそうですよ Blu-ray 第3巻
188f90e3f2d6bd04d794cb8fe492820085b965c1	5311976533	3	iene369
18113d861ca49056936cd61b78c1e62b0c4ba3e2	2919860425	3	[2022.DEV]淫女放牛班校外教學丸山玲音奈.mp4
18fd1048b3187b1869474923f2f051e55db0fbe2	734060092	1	[Oppa~]_Boku_to_Star_no_99_Nichi_09[720p][4D2F3869].mp4
1954f4cb6840b8c464110da506fab38209fada49	375371581	4	American.Greed.S10E05.Psychic.Fiends.Network.HDTV.x264-TASTETV[rarbg]
1957320bb6874e01405e34d48bd03082365a7996	173540103	15	【jkl66552200】【SEX8.cc】国产 留学生自拍2 成都夫妻自拍（女的太淫荡了)
19a81403c343840d390a97db3cd08d4051bfbeb0	684720587	12	风流倜傥洋老外马福叔叔双飞两个亚裔美眉玩 一个舔鸡巴几个舔屁眼 有钱真好
192a926fd3920ac3a82976949ba40da8b5633bbb	1027604480	1	Mmd zero two anime darling anime animo fuck it - (Anime Porn)
19b5fb436f079d99a3176ceab24a6474571e2aff	17827624125	20	Teen Slut Mae Mayers Multiple Squirts
1aeef7b78064cfd863d790b60dd32bb9d9d5605b	807796934	4	Twistys.16.01.22.Kathrynn.St.Croixx.Warm.Place.XXX.720p.MP4.KTR
1a9d703752887231579bf4170196e8232bb0bf78	544111124	1	胖男找了个苗条少妇双人啪啪 口交上位骑乘大力猛操后入抽插非常诱人
1b57fd9875bdef2815ef301b6a0b6ded0ce4d31a	317195015	15	【jkl66552200】【SEX8.cc】超清晰对白+車震
1bcad82a4c724c44953378f8972436d864d09824	47720734215	32	Black Clover - AniLibria.TV [WEBRip 1080p]
1b0d5dfbc52f5bb82abb87ce7f27af0beaa0c127	507117894	19	The Piano Guys - Wonders (2014) DTS
1b0b3f167aca7a9d53e2dc413e5cd8a0dd036656	3373432431	5	Ho9@www.city9x.com@二穴同時挿入生中出し_ゴージャス女優陣14名…
1b9cd27844669e6f0cd2e4809bd2e5e3d653966e	404842375	1	我的时代，你的时代第16集.mp4
1b3f31c7f4e7aca05ebe8cb9fdcbd71d1419b6a7	11608906104	25	04 - Anatomy e Gesture
1c0cd9d3df42ce1a40a68080a3d168693bf9242e	10099334252	3518	KillingFloor2
1cc42978004589b1e8db73f003a31caa11376c4a	610533592	15	Mrgin@www.sis001.com@FH-75把玩女子校生美鲍特写然后射在上面Q
1ce75abee798007fb56e63cd1debed4bc16fe760	3428285626	3	Double.Pounders.17.XXX.WEBRIP.WMV-GUSH[rarbg]
1c9c73a5613a242d0eee2909bd67629a2216b6bf	26362808	1	SkinPack Alienware 3.0
1ddd1231ee53ce4545b2d4fdf3434992d5d4105a	1341647633	4	The January Man (1989) [patriota]
1dad3f7159fc772fc0eec02852d5ca40c65c3a65	1067974883	25	evilcow@www.sexinsex.net@加勒~加藤
1df95fe080546281fade3a3e43d5e10d52a553dd	364854235	7	Bing - Retro Swing Is a Groovy Thing(2012)(flac)
1ec386e92ac932a25ed1a8436c652ff28227625f	22540956	2	The Walking Dead Onslaught
1e25e04894152f719354c53614266c8ce6187983	562972763	1	Kendra.Sunderland.Interracial.Icon.6.black.gangbang.mp4
1e6c452d9a4027059bbef9557042139683355ebd	4561855867	4	我就是这般女子.第37-40集.HD1080p.国语中字
1f01de5754894cacf4aea2ce9080da7a17566e28	2598997911	4	Horny Housewives 4 [BraZZers]
1f9c588a85ca18466ac3dc12e43864b76f56db5c	52880365	1	КРАСИВЫЙ СЕКС ПАРЫ СЗАДИ С ОКОНЧАНИЕМ.mp4
1f87390801d18123ac86fc3b5955d527eafe8862	636949462	1	被吓春药的保姆.avi
1f7b7ea8570bae550eabb1765136ad455f6fb581	118612415	31	boy100@www.SexInSex.net@不知名的国内某组织写真模特 少妇有点丑 但是身材喷血啊 翘臀特诱人 那一对爆乳流鼻血
1f34f8ccad132085173f785c6a40a89228893a87	882624852	12	[CASO][Tentai_Senshi_Sunred]
1fed6e20436a157c3d0e7df48010e75f21a877d7	100051069	1	Nashite.10.klasaciya.na.BG.radio.3.8.2019.IsUsPM
1fc1dbf3be3edd43a4631b0655d1fdb5b62661da	106592062	16	Craig David Signed, Sealed, Delivered 2010 +covers 320@BSBT
206ea78fd9fa228a55dbe5b6f165bb3c17f4d75e	2182022280	1	IMG_0591.MOV
206aad0c6cac0c049f14ebf512846983f445d2ae	13372329661	6	Cloudy with a Chance of Meatballs (2009, 2013) BDRip 1080p H.265 [UKR_ENG] [Hurtom]
202f3e983aaacb8f302ce13d7daaabe89c575bef	222586448	1	QAStandaloneOSXIntel_1125_1126.sotapatch
218ef88917eadae92ebd05be74e42ee9fa43dc69	4149757952	19	李丽珍之蜜桃成熟时
215dd814d25903d363a9045c35d2f9cab21b58d2	424003386	1	EvilAngel - Blanche Bradburry - Christophs Anal Attraction 5 (Scene 01) NEW (May 15, 2015) NEW.mp4
22fd8c268f0bb7d4301c432ac6aaba45ef388116	4003199148	26	[情证今生][24集][都市情感剧][2008][mkv]
22c7132bf56688317f39b01a85bf40e68671831c	133638369	28	哥俩一块儿酒店约操外围女神，先让小兄弟干，坐骑爽到爆!
2221822f020fb210f57981422489b890337adc71	639962743	22	微信泡到的长发性感漂亮少妇在宾馆真是饥渴如牛,上位时特卖力扭动 非常诱惑 白皙光滑的90后MM在自家床上被干的死去活来 巨乳女主播黑絲誘惑視訊 無毛女主播身材苗條三點全露～
227805c01e77293e8e73bd8e40b4353f2b7ccdc7	7267114642	16	Tokyo Hot Io Asuka 9 part
23cfd8bb6ff25b993475cff4951e34ead4c9517b	212234834	18	Epica -2021- Omega (Deluxe Edition)
245abc3ec47ff4bf88aa0588e4d66f10e97a832e	559939580	1	极品尤物网红黄乐然黑色透视装巨胸肥臀+高颜值外围嫩模啪啪口暴
24cffa163e9f435748385d9b5abe7bcfca855665	1493585619	6	1027-sdnm011
24a408e932251e1944df5e6c7de17121ebb85481	233248242	4	PornstarsLikeItBig.Devon.The.Cable.Slut.mp4s
243a10731a6ae9ab8be4041832a6d0e7feea94b5	22541063	2	CCleaner Professional v5.72.7994 + Fix
258c39db5cc135e3e02e58e237dfb75d8cda9b1c	189465788	12	Torrenting.com - HardX 20 09 08 Teen Anal Compilation XXX XviD-iPT Team
257a8fcbcf49678cdc33cac818f4fd0b066a1c2d	198732992	21	Urshurark
25dce8f91ee2135f1811b7371d3a62006c5f71a5	22541073	2	System Mechanic Pro v20.7.0.2 (x86x64)+ Crack
25e42bfaf9b63f83bdfb1746892d6ae8e6518bd0	102589790	271	reddit_user 89
26c0c00dac10f8c6fdcdcf8285a9505b29144b0e	1551570145	1	{Brazzers - BrazzersExxtra} Anissa Kate, Aruba Jasmine, Peta Jensen, Ryan Ryder - Storm of Kings XXX Parody: Behind the Scenes (720p).mp4
263c5002e3a0f6a35117d6a0540b8a9d8e0795dd	1458516786	9	第一會所新片@SIS001@(妄想族)(GDQN-007)隣のギャルママ_事原みゆ
2791a2978c37d9c00f0ef2797dc527880611ac1a	5916188241	13	bur00564
2700a3975a6d9a8c53e11ba031551c9f4306ce6e	2170117252	5	CMV-053 敗戦国の女4 虜囚姫恥肛バルーン浣腸電流地獄 姫川きよは
27722a52a7a500cdf2e5abf1c973c21991985682	123412938	98	ComputerDesktopWallpapersCollection381
27f60625834fd5c22d016bac8209a0867f582aa7	2145227447	4	Sulla.Scena.Del.Delitto.Il.Caso.Del.Cecil.Hotel.S01E01-04.iTA.AC3.WEBMux.x264-ADE.CreW
281289b5e7c3267b508b4bd0bfadda9185736233	1537345654	5	Руски синтезатори
28f7bd01a9923b00aae321fe7ff7c70f699a9f87	1027604480	1	Kitty Anime Cosplay Squirt - (Anime Porn)
28418643cc2a8f6306fb96ac4e9c6e1f41ecf8c0	1082977974	17	FISH321-20150212
288f3acd26a9502230882e11de045b391381ebc4	2683087299	1	{BangBros - BangBus} Alex Harper - Shy tourist does anal for cash(720p).mp4
2872bac7ad8b2bd7b7517dfe9464a25ead8fd5e7	781782	1	Nekrasova_Zaryana_Kak_nauchit_malysha_govorit.4_oshibki_roditelei_[pirat.ca].fb2
2905243f65263006f4ed21497d436be5b9f10e66	20652900814	53	国外天体海滩偷拍精选合集【上】[19.7G]
29841d6c30293682802bc285aa98cc94f826187b	371670581	1	刑警之海外行动第30集.mp4
2923bd97cc594b37642752397d2e11e3a251dbe1	35449747840	26	【HD一条街论坛 www.hd1tj.org】ATV港剧：战神 全25集 1080P-MYTVSUPER版ts 粤语中字
2aad63272e6b94bfba29344e6bc7c0b49cfa7822	13915918216	10	Fors.mazhor.2017.WEB-DL.(720p).ExKinoRay
2a886a6fd6348ca35c1aa180ad33ead5bd66e1df	1506990156	7	第一會所新片@SIS001@MD0100六人行公寓Ep2六人混战强制取精AV篇
2a331310e937182e8275bb397e107e3b6a62a3ee	1598030034	3	EYAN-091
2bb6dfb81704a8ac362c2f89cca276f6c3234b1d	723280637	5	El Inolvidable Simon (dvdrip-spanish)(TorrentSpain.com)
2bd6789be91876d65faf8fd22dd4c9d94c911a1e	6432654023	1	Bundesliga.2020-2021.Leipzig.vs.Arminia.RGSport.mkv
2c2953b262917b06746a8f32fcb1e6628cf69ef0	892426303	13	1pondo-121407_248
2dbf7a05de18520717064e413646eb2725df8813	49912069936	63	6901955571500148465
2dfd21fba0d9634b01ab7c0182a9176207b3871d	3163963420	2	[22y.me]okyh-037
2d1a5500752fc98ed9cfeadb7ea63db735134334	9342491	25	[nekocan (Hiduki)] CHILD PLAY (Super Danganronpa 2) [Chinese] [新桥月白日语社]
2dcf19fb9da41f09759cfc09e25ef891185b3c36	1020663907	7	4
2d11b89ae6254692ea75b94e80ffd4d7c27393a9	1493963969	12	[RBD-828]
2dc4cf1f90cfabbec3904fcb3797af12777520be	27347324	1	Core Mook Series Figure Pict お宝フィギュア天国.zip
2d8ffc0d6f054207a6c953d8d4eee154bb9d60c8	1520351262	1	Snowpiercer.S02E04.720p.ColdFilm.mkv
2d4bab9792937d3fb9b9c8d01ef54c003f51e8d4	962420775	1	Pretty Young Tramps 2 - Beautiful Bitches
2d312c86c0c5de23224edf482b3be80731d9a3f0	1922185677	1	ufc.258.usman.vs.burns.prelims.720p.hdtv.x264.mkv
2e311680642b618034d38aa366238be276cb092d	1779957976	21	夜蒅星宸@第一会所@最新pacopacomama 030316_042 和服の似合うアゲハ蝶 中井智子
2e987e812c6221c048dc74e3c377b4239ec7a33b	3008575435	5	[thz.la]nbwelsapreston_4k
2e728d1ae93c0f9bfa5f92ea4575d03ca4dc0d96	631724760	12	【曰上天空】TMG-46 DSFWERR
2ec7f0f3877500f851379a43ad0f83f19f17fdbf	1902845372	6	第一會所新片@SIS001@FC2PPV-1682472
2fa75c68fa05c4b6560bc897ffdf0a67dc8bb517	1312933503	147	MAMA227MP4
2f4a4bd42531f2910c589bb95232f0972882047e	728396	3	Post_i_molitva
2fd7728437cb7146f6e9b78d2813ab3769855ff5	617629726	1	[Pikari-Teshima] Beastars 2nd Season 06 VOSTFR [Web-Rip 1080p AAC].mp4
304d88faee20163b433a596db7325e9ebc90fd43	54869888	3	Nature Field Guides eBooks Collection - Fungi[Team Nanban]tmrg
30f9ad5425d7ac89854d6e122078f86f52d4c776	2426185728	4	Razve.Mozhno.Mechtatj.O.Boljshem.2020.WEB-DLRip.shevanlk
304aa39158d8aa0e2a176701ab4a9fba5ea30da9	947844782	2	TeenFidelity.E454.May.Hot.XXX.1080p.HEVC.x265.PRT
30e4aad37076243565f735f5e47d205a87864ad2	493488335	21	Placebo - MTV Unplugged 2015 FLAC (Jamal The Moroccan)
3139a0e45c341a80008a2fcfd17e2526426f5b51	1417098391	121	YSN346MP4
31f739b5d94504c03e747554c946319be5c1fb72	4751170	6	Becca Fitzpatrick
31c869c006efa7792175739da7112c22d729d0af	597042902	5	02
315373aea3981ec705b7955859af325df5646ef1	1643800	1	Голос труда
32aefa9ce0137529012d773bf5f47c5d9e13da01	1987927064	1	两个女神顶级风情演绎勾引让人想操《夜生活女王霞姐》字幕佳作 乳房很漂亮很挺那时的美女就是够吸引操到挡不住啪啪性奋一下
326aecbde55ba7c09d33f3da83f45e0432961702	1794708885	2	Penthouse.10.09.09.Watering.Hole.XXX.720p.WMV-TBP[rarbg]
3301a6585d753a87e58ce75659c7ba8b7010ee1f	1472242216	55	MUCH039
336d845c3973afa9ca66c00bed9e2496a4603538	771413500	5	06
3335c09d06ac57a49e7ba23c7356bd151539d9c0	720555679	1	WWE Friday Night Smackdown 13 February 2021 HDTV 720p.mkv
33db69b21add23b71d83371e46aa6af433d859fe	133100521	9	极品亚裔美女美的冒泡大战外国大屌第二部
3452cd5eea93b9b29fc7dd3152fc27100eadbf3f	888901907	1	Daydreamer.S01e120.2021.02.09.iTALiAN.WEBRip.XviD-Lukhash7HD.mp4
3452cdd6df3031439c72de44736caa2150a17fa0	176584026	28	WHNZ30DYSTO-9656
357cc570e6ea976333312aae552cdd01f8cee60f	1400144520	3	tokyo hot k0312
35515e09111f2fd4bb05ebf72237bc6a484d4871	466217206	1	天水来的姑娘BD国语中字.mp4
35a79e2864748a602c848412285feab92b57da94	1246797144	9	第一會所新片@SIS001@(REAL_DOCUMENT)(MOP-004)黙ってAV出しちゃいました！04
36ed251ffb42a60d142492b9c2b7a9a1b91703b0	259771626	13	Bryan Adams 1984-11-21 Westfallenhalle, Rockpop In Concert, Dortmund, Germany SBD
367e63dd81bb53a2d1284ea0514b9be0ae80b7ce	33996522643	151	VIXEN NATURAL BEAUTIES VOL 10
37f173de6c9c5c905f5d475d376be10b3efae3b2	904501318	57	珍藏严凤英
38830a54c90bec8dd048b076fda9ae0be55e9c02	22541072	2	Wallpaper Engine Build 1.0.746
3805c664b1b9aa66a290dedaf8eecef31103cf97	208689982	1	[XFSUB][Naruto Shippuuden][698_478][BIG5][x264 1280x720 AAC].mp4
38e49189a0df378760e1a33db21866643e1e8fad	1158619136	1	chuchelo.1.avi
39d854a07b3c469d0a547d5a901b24c3d51bbc44	8033110980	2	Now.Is.Good.2012.1080p.BluRay.DTS.x264-PHD
39a834323e546fe83bb8cc604cdcf494fd010fa4	379286406	1	刑警之海外行动第38集.mp4
3af970189a82c67667e6e61a694f1a0ca0501805	333475616	5	HandsOnHardcore 16 05 21 Kitana Lure XXX XviD
3a18a42f1d4de355e6167ca1f582dbbd7ccf3607	58075463153	123	合集_周星驰
3ae1da338aff97173df4867bfea61d94d2c7371e	946402264	1	斗罗大陆第30集.mp4
3a5e1da1bb37886af5a4586575c0a414095bfc2a	327762222	1	[WhenGirlsPlay] - Keisha Grey, Layla - Have Your Cake and Eat It Too [Twistys] - NEW 06 APRIL 2015 NEW
3aea8edb62671091ac507f9ecb3b1be2f3492443	734603264	1	Schastje.moje.2007.O.SATRip_RUSSFILM.avi
3a1bfdfefdff8640981d63168591753ff3179554	1433258738	6	4
3a89fa321592b406b19c00eb010654e1f623e957	36765729	403	草榴社区@转眼间丶受伤 [長島超助]巨乳俏女医生 2
3a546f485673a7f95e074d7d843169efd3238be2	3750632388	9	第一會所新片@SIS001@(Madonna)(JUY-328)欲求不満妻の日常完全着衣誘惑_佐々木あき
3a689154f5d85e0d64c059d0f6ee9824c17d05e8	86063208	13	Thomas Gabriel-2018-Long Way Home
3bb2cf52576b7ec7ac869de6f205f7c66b2c6514	549442967	35	已婚95年小姨子怀了我的孩子 偷录女神浴室偷情被发现 采精的小蝴蝶之人肉精厕使用说明书【黑丝吊带袜篇】
3bf16bebba3139d7924a1b34fb3fac3ae7daa547	1312701365	29	17.Pure_MILF_10_-_Pure_Passion_~2015最新强档~_清純熟女_10
3b478cdfd952c8655aeee86146f9f55bd5fc6767	1747587971	38	DANDY610
3b0feb041e1a7c5ada34a870415999e9aebf9570	333074579	1	乡村爱情13第3集.mp4
3b6e6a7bde242c22fce062bf30e310b68aa23471	9576828921	196	CorelDRAW 教程
3ba3106aedb84cd673aeca60c5ad9c4e2fd8c9da	2329693281	19	YZ045
3b6571fb5c2bb20bd4355f81a4623348cdaffffd	427084999	1	赘婿第12集.mp4
3c0e54b6d4999c94a02a0272729ffe954059bf23	2162234036	1	Artist - Rude Frog (438 Images).zip
3cd9d53b506b23f85ce54c2bcb0c1457bc5e0f30	36295137	5	On Level - [EP] One More Eternity (2014) - SOUND-PARK.RU
3c7b2989ba4d714f72f856f8e0ab16e7dea2533f	68460024	1	Sketch 70.5 [TNT] mac-torrent-download.net.zip
3c531c0904a139aed833eee5fc8739f78d98dd50	169017335	6	www.SceneTime.com - sMothered S02E08 Shes My World AAC MP4-Mobile
3cf0ae2b08912a97cc6392e4f0d8537e39f364e7	1092611385	1	My Sisters First Anal Vol. 2
3d313036bb245d8c4c281c169ee2eb3c5c2f5465	114180566	519	[胯下有杀气哦@草榴社区]海贼王同人H漫画合集
3d5231d6e3674bff3f008c6711b7ec8dac9d7188	55089462	6	PICA看片神器精品-天使妹妹的车震好嗨
3df1750f4ca45bb7c6c5f82b83ccf310565ae39a	149963	1	Cowboy Bebop season - Downloader.dmg
3d6a852dfad8b4df3fb0a76b4bf78e36ef0757e8	711459692	34	hjd2048.com_180606自称体质差挺耐草的少妇型小姐有点遗憾这次没带丝袜-10
3d4319feb5f8ac61d61cb6267d7d5a67374493fb	2763621937	32	hjd2048.com_190110大声疾呼虾焦躁中出高潮狂恳求肉棒堕落-10
3e5ff6fbd0cf627393d9153e36309a7b40132f0d	485831628	17	Marley, Bob 6.14.78
3ed7a5796394d8ea7c9c0ace1ae14ecd47595ad5	601695152	1	24.zip
3e6ae5e6f3a4b90f2ed20150ffa3f8f478e5d5f7	8140838814	6	SRNA
3fb47c19b5141c1e47b31555e6a9066ab5fd960f	733204016	7	Smile9527@[Tsubaki House]Club Naked
3f8cff5873f1924a17b19a778970a7240572ba48	1101183483	1	Danni.Natasha.Malkova.Nicole.XXX.pornalized.wmv
3f44c5d20164db674fe9c3a77a677b7ef77e979c	978235345	1	【女神驾到】极品高颜大奶眼镜美女挤奶自慰 这种性感肉肉但是又不胖的身材玩起来实在太舒服了
3f4319d8a08c2d2c4b3fe2a80b6ea3afb9e7a99e	1642557079	3	Asian.Addiction.XXX.DVDRip.x264-SLiEZE[rarbg]
3f1def4d8afd52d9be3fcb21720044d66b72c0d5	3739222367	15	孤殇泪@第一会所@WANZ-796 「もうイッてるってばぁ！」状態で何度も中出し！ JULIA
3fa346b05b9654f30d172ee0847899360fe804e9	10682886136	7	20190105p.(HD1080P H264)(Prestige)(118sim00015.9ea2err1)産後感度と性欲が上強制立続けて爆潮連続生中出し計14発！
3faa02793a84ecb6ada01db913f61e5d3509d2ff	65080089	3	用黄瓜插出白浆了
4075e22b8074ef9ade2defa7c75326e51f969001	149963	1	Silicon Valley S06 - Downloader.dmg
408fb9b746fbd10d98c0ca3537d6152a82498902	261600971	3	Ennio Morricone - Navajo Joe (2007) [APE]
40e02dbf2e819fd7c53eb1260444318c70809769	721884707	5	18
401dee67f0804d0140acd8495def466a7dd0f781	1447664421	143	SNK002MP4
410ad0b231fb8946aefd8668ca0077d56630ec53	1203893150	39	sama-884
41af10069bb6a86ccec7b1e4aeb59ee88e933bcb	2208001214	62	30X Grannies Creamed
41791640d1c1ec9227d24565dfb91daa49510eda	533324722	1	povlife_indica_reign_full_hi.mp4
422e4212e35fd0cca0c6dfd5005b325cd6cef121	212445053	8	同事漂亮小媳妇酒店偷情开心聊天打炮兴奋的小脸通红国语对白
42fbbc92ba8055d9ba81c85ae3669beee832be4f	323492748	14	Heather Nova - Pearl (2019) [FLAC]
428826b19b809e3cc0e9b4de2a8cec9a80651365	662020733	1	parm-032.mp4
423d87e8c5f7ab727c54ec5225de681ce77b63ac	572601687	58	2
42a30867c9e4b963240f0759b4f414fd3194c8c0	54915125248	253	Star Trek TOS - Season 3
427b394e3c1a362df07ad4893d412eaa926c1ff6	4570996356	8	[www.ziyuandi.net]大小谎言.Big.Little.Lies.2017.1080p.WEB-DL.H264.AAC-英语中字全集
435c9d0c9a0834c8673a4629b93cf118c586a41c	5975109	25	[Kuchiki no Uro (Enma Koorogi)] Karasu no Ongaeshi (Mahou Shoujo Lyrical Nanoha) [Digital]
435eb0676b22172db6afee8b19b7559f07b12241	1305022112	13	IPX-570
438ef96902473df0445886e4808e91e47af10381	368926512	1	刑警之海外行动第29集.mp4
43c7da77942028a33d111b60f98c1360ff384586	14283736037	37	上善若水@www.sexinsex.net@VIXEN系列两部4K高清[无水印]
43c17a46a0316b618458b45c254fc8b4cc1e83e2	810592663	1	Riley.Reyes.Dark.Meat.8.Evil.Angel.anal.bigass.blonde.deepthroat.toys.teens.interracial.black.mp4
434d8ecf8088bd10295d53edd39337fc19bca4f6	108693549475	485	!!! Japanese Uncensored [ AVI ] VDO PACK On [ April 2014 - June 2014 ] By ทีมงานบั้นเด้าอรหันต์@NongPink.CoM
44573f6bcc203dbe6df21ef1fb952f306a968947	287399766	5	13
44926dfdd349ad7982b057a476f47500f73c0bfe	930310341	3	Storyville.Bolshois.Babylon.720p.HDTV.x264-C4TV[rarbg]
457a602b81f3a81601be7129c22d96b23c61667d	1549620222	21	【入微】HMPD10048
45eb0c3e6632f8c69b334c79435395ba3e84adae	1314342907	3	#_IESP619
4512d801e8d791e6f7fdf819249738040a6488ec	618649677	1	我的上高.2017.HD720P.国语中字.mp4
46445f840f08ba5557382d229b7167a5a25d056d	1011338814	1	HKD-08.avi
46ccb916ebce5c967ea9df10bd3f1907aee3b27d	452112871	39	052210-Jukujo-club-ch0038_01-WMV
464e4293b7f2695db2c21204c3ee2e4eda74ea88	1321206352	147	堀井友香 美形妻-人妻の肌を精液で汚！
46dac701ae3de6fe6eec9e1629ee309deee4a3c0	1118830592	11	WANZ-311.つぼみ.私の弱点が周りの人にばれてます。 つぼみ
46a9b08d2ebd31913c9158c0c8aa81eb38b0e8c7	103379334	1	Monica Orsini - luxury girl.avi
4653a41074ce6c4cdf2b8a55550c3b175d9bf6f2	476316109	7	I Fucked Her Finally Valery 我最后也操了金髮妹的屁眼
473c5082a946d5ff895482c1ea65249533faa960	1449311792	1	[AV] [deeps] DVDES-469 ホームレス JAPAN 無制限生中出 路上生活者軍団 VS 羽月希.avi
47a5209e8524c10b9dee0bec91c45e29fba02ef5	378472628	28	Crawley 2011 High And Low
48870454d9a5fe70019248ad6a41938c14a0e43d	244928613	8	门事件-情侣做爱手机视频
487cf5e8435c29bd4581800daf6fc6f8f59e8e88	270494034	1	[Spizoo] Noemie Bilas POV Pounding (04.05.2019) rq.mp4
48a8c89a83b5b8d318edd64e7b014596c9223fc7	1005870471	4	HardX.20.09.08.Teen.Anal.Compilation.XXX.1080p.MP4-WRB[rarbg]
4876f17726ccffff42f189e92b125d16a689d4e2	1885863992	11	SSNI-793@AD
498cbd80a99cff2cefe8cdc45d63159470533383	153548760	3	Nick_Jonas_ft_Ty_Dolla_Sign-Bacon-1080p-x264-2016-SRPx
49b4402eaf002626bb25edb47cde7f0bd63997f1	1471699140	39	bf271
4ab90c4e298daaf2df229230f8995f94cc548236	977495035	1	MEYD-468
4a4aa7508af342ee7c8036f4470084b5b0e96238	741642784	1	ZYH8JR368.mp4
4a1d3839a6d877b4b2251c5ab64103a7f1bc0642	358136596	4	Guy Double Target Guy Youma Kakusei ガイ 妖魔覚醒 ep1 [dual audio eng subs uncensored]
4a514a4ce99261207331da8a3936980dd85b5c80	52122869	6	The Polygon - Stained Anger (EP) [2013]
4a59c267457f6407b20c7c7a83b6861f23247b96	1539908751	4	Bang That Black Bitch White Boy #4
4bde46f5abb7ee40891b7757f66182b3217a0f47	649986530	27	Harry Connick Jr Winspear 11_2013 16bit
4b4ced440efc575a298afaaa89baf6eb5f02abbf	328828196	1	WeLiveTogether - Aidra Fox, Karlie Montana - Licking Hotties.mp4
4c297dcf590a67921672eaaed8563fd01aa80204	4497680	40	(Rumiket 02) [St. Rio (Kitty, Kouenji Rei)] Love Dashi 16 (Love Hina)
4c7e311428b2d14f91053cb0f4a587b37f527131	1027604480	1	Hot Anime Girl - Bunny Girl Fucked And Creampied (4K 60FPS) - (Anime Porn)
4c6b69790f45b468ee8e109384a2525a60fb5c64	1979250260	30	SNTH-011
4cfa16983e068fa3ecd0b1d5d6d10d31e5ebdd82	801744	1	My Friends Hot Mom Vannah Sterling - Downloader.exe
4d76b1f76de28246837ca22d0e795d1789601b09	1887538360	2	sandbox3
4d83ee8a9110e65c3ae1da33c936636e7e863d1a	8594890765	6	The.Ruins.2008.1080p.BluRay.DTS.x264.CtrlHD
4df05abc919091d7247500171e57e033f50d0635	233821555	4	24.Hours.In.A.And.E.S21E06.HDTV.x264-LiNKLE[rarbg]
4de25704d8283cfab98b6218367fef560a7ba0a8	631119700	2	91大神KinoLu最新豪华精品大作-内射篇：艺术院校96年清纯白嫩小萌妹，可爱眼镜小萌妹背着男友约啪，说:我男朋友干15分钟，你都干我半个小时了～1080P高清完整版！
4db3afe6060e3ee918bf4f3b87eeea03059389dd	2806239724	9	【sharemovie】【sex8.cc】DVH-562 - フェラチオコレクション女子学生版。
4e1a5264387657b500c00d6792f0e9773ce2295f	607749665	68	skf2005-05-21_16bit
4ef337acd46e06639aa2345009eef7cdb3c959e2	150127870	28	跟老公吵架，开车接我去卧室操，车里口完家中搞
4ed2dc6e47f37826bdf67029657943f92783d2e3	100911984	1	Victoria.Summers.Playtime.solo.mp4
4f47544047dbd8a0a9e2968b02720e59ada5191c	734463255	4	Supercop
4f1ac1fe838dd847c111437036692267fefb0c2a	1292388358	1	AsianCandyPop - Tang 2012 (720p)
4f082e4abc19e95b49f6f31b14cb143abdbee669	433016575	2	[7sht.me]長 的 很 像 蕭 亞 軒 美 女 身 材 一 級 棒 和 網 友 露 臉 無 套 爆 操 國 語 對 白 想 不 到 帶 淫 蕩
4fe18f10a6595e31db20a7db3468d3f305550ce7	228888463	1	UB08.wmv
508f46a0c87b87b72d259c0401103ec381488094	639771692	1	Rance 01 Hikari o Motomete - 03 [BD 1920x1080 AVC 10bit].mp4
50cd02e279f12a667cb4b37a4efd23bcba1d0df9	334978007	1	[120127][H-Game][ZION] 双淫セレブ妻 狂乱の果て パケ版.7z
5126b63412df76b4184074e0aa1b3c9adeae2a0f	363434893	2	Hot.Butter.Popcorn.1972.FLAC.CUE.Lossless
514dd3f180f0cd853cd9f402fa0667f188ba9b55	796700790	61	Willie Dixon
5187b9e081483468b5538d349756f717c11b288e	13863674	1	Eva-Mendes-Nude-We-Own-The-Night.mp4
5164f103b39087d0facb35f6a0883a4d801ba1e8	1060576485	1	大冷天小老哥酒店开房微信约嫖个卖淫女暖暖身子态度有些不好不肯一块洗鸳鸯浴
52a3e472efd89da99566e51791fb85db7925b741	738722008	39	jesuisliang@第一会所@松下美咲~転落秘書屈辱轮奸肉便所
52b9fb54c0484c0de415df4459e26c1b4e900a80	979216351	1	91大神物是人非无套内射情趣内衣高尔夫球女教练的粉嫩骚穴1080P高清版
535f64e02a4bec44d93b77f04b4b5be29aefff66	574093556	1	gaoqing younv.avi
53c6e63afce6b94f92b137174070f955d04099eb	16090373864	29	第1季（全15集）微信公众号：hjbyg1
538f179a1a5136b98f604dc541c2bdf93a9449fe	912571886	1	Udemy - Python para Trading e Inversiones
54de2543a79724fa6605965abf3b8d54cfd49c0b	13987164	1	[Kuroni] Mechiku no Kuni Daisanwa - The Country of Female Livestock ep 3 [English].zip
5442d40df38ae485849f8c1a11aabb24e441742a	16595549778	71	King Kong
54d807d790fe59c8b8eb32417a690d70bc2c4d2d	1867145543	1	Revolution-Ace-Build-20191022-setup.exe
54c7693e6c22a8a798023ee2d08278c30e825141	1000702412	1	MIAD-451 Reverse Bus Tour
5475154ea2fd638ce1cd8874264042684a8ad782	12141413	8	Ходячие мертвецы
5425be795c7ba5a7cdc1e828b4fbad1a5586b4e4	8277191	33	Kikaikan 02
552d375934ae757b306444aaa6f291058d3e6818	351112051	1	MilfHunter.18.12.24.Janna.Hicks.Affordable.Housing..480p.MP4-XXX
553c1ff522f6ee5744ce91d8ae367a9159a5dbb5	4875497526	3099	真·夜勤病栋游戏CG
55b9a0d124c67ac9a09cb7200dd1de8c5b4023ce	1228352388	5	[thz.la]anina_silk_right_in_her_ass_beauty_gets_double_penetration_8906d1_1080
550862f430d12c80db0ba197d3cbac7d4b4c27d0	1210725361	6	olo@SIS001@-ebod-549
558c73f7768a3c6b6fd05a0d31c1d2cca256fcd6	476030615	1	TGirl Pinups - Tiffany Starr.flv
5631b91fcc620e809fbf7ad0e8e89d78caa8eb03	266588748	1	Athena Palomino, Prince Yahshua - Just One Drink (Blacked).mp4
56823643ed8cf5f2dbbf4847150aba9cb55efbe7	982658638	1	www.ds42.xyz 【极品女神系列】36D极品爆乳女神床上多姿势乱操好猛 叫床好淫荡疯狂 高潮时候淫水乱喷 高清无水印完整版
58944a7fefc91889aef0a2a4a3aab866a08fcb57	1274459071	52	Farmer's Boys
58d3ee50955341c68edfda6ad79e80c0c10e788d	11248295	74	Pintando en Todo 08
59090f647c485beb36f83b8133b3de8a792aa127	296815491	2	DaneJones.20.09.03.Best.Of.Lovely.Latinas.XXX.720p.WEB.x264-GalaXXXy[XvX]
598c765d038d04ffdf9530bdb51b9d8c33802356	1471811020	1	lulu-on the bridge.avi
59df3237f83207e31a64e1a1aa5e0c67088d6568	1236228539	181	drivebytruckers2016-02-12.flac16
5991422a466887224896d0de3be3c8fb4cb036af	243345756	13	Ambrose Akinmusire - 2020 - On the Tender Spot of Every Calloused Moment (web)
5b2489b80ab8eefa3866fcfd9d6a595613842930	4695182722	4	Feet
5bcecc52caee136f3aa509e94d0030ee5075b044	1953605010	7	【蕃薯精品】【1080P】【j金刚王：死亡救赎】
5be9b5510834b180c7b4cc8ce6aa28b435bd8c51	735214511	7	PB-086(AVI)
5bd93ffef0b9ee74739dbc8ee9d4508faa81c36e	57162847	28	The cheerful insanity of Giles, Giles & Fripp
5bb9ba07cc12363586bf9459451feb75e90cfc96	861468471	29	【xyz8441094】【sex8.cc】嚣张的鈴木（中文字幕）
5b41b9ab5d38102be0097fb3f066f1d9029709ae	1357894232	4	Desperado.1995.720p.BluRay.H264.AAC-RARBG
5b376c192706e8348446226407f1c76742524cf8	68265388	167	COMIC GEE Vol 5
5d6b47486b1f289c449f3463323d9224d407553a	1040540231	11	草榴社區@豆腐人~卯月麻衣
5db398b73a285f0c648c9966d456efdf6f2b5c6f	1544857180	13	oksn-279
5dbfdeb863caf9fd93c8da5efc0854abf1fde1b2	2049011930	1	031_3xplanet_Jukujo Club 5461.wmv
5d12af1825631b3e3b8c9c3946d267d4721e6fc5	294497859	8	ymdha@草榴社區@跟年輕和美麗女佣人押切姐姐搞在一起了
5eb102cb956baa75053facaf55d0ee102fc9d21d	456556872	1	120408 장나라 - 너만 생각나 [인기가요].ts
5eef68842f26eb9c38a01d4da53e3b6eb7370527	149963	1	Frasier season - Downloader.dmg
5ec91d547efaca6acf4e5b0904ff93e840a10fd0	101094191	5	fall@草榴社区@[にびなも凸面体] ネコキノと雨の町 [悠月工房汉化]
5f07f9bb4c4d77c5d674701033e3e71c38ddd551	1831497728	1	Piraty_online.iso
5feeded1ba9e33e06883b3cded12dc0be123f475	2089770920	1	阳光电影www.ygdy8.com.丝绸之路.BD.1080p.中英双字.mkv
5fdf0289e7595517cb58af2bed9c9faf3a14667c	343646631	1	14.zip
5f9a0aa07a2eced021357301e5163bffe73cdcb0	27010658224	52	[Erai-raws] Kimetsu no Yaiba - 01 ~ 26 [1080p][Multiple Subtitle]
5fb64f1c577a258d2f247539f718f5c4ac618bd4	20413092	1	The Office V 9.rar
6087f804c23f38b758b0557c2fe3b0a61564b63c	656770797	27	2021-02-17-1-30
6023b61ee1b17b349fd662387ee0ffbd7a91bd45	289574217	1	小幸福第18集.mp4
60414c626088e1130f38a717b0e08c471529177e	939263067	1	019_3xplanet_ESK-259.mp4
60d94831197761b4c96bb0dcbf8b06e2a72640a6	23007667456	10	Первый.Отдел.2020.(11-20.серии.от.20).WEB-HD.1080p.H264.AAC-BULGAR
60566fd98fbe9ec296e6da4260b21d72d8eaccb1	1849309586	24	550.(金髮天国)(1225)魅惑の熟女巨乳を弄りまくる_BIG_TITS-RILEY_EVANS
610655a2acbbf159d15d1b49ba98ec4641d86414	19150193992	1	Prince.of.Persia.The.Sands.of.Time.2010.BluRay.REMUX.1080p.DTS-CHD.ts
61202bb84b016f7ec79b83e780bedffd1edac287	380030976	1	SR.2018.08.27.SATRip.[www.RiperAM.org].avi
6132a68263e477b2cb204e892c201638ce7201d1	914266225	3	Flinch.2021.720p.AMZN.WEBRip.AAC2.0.X.264-EVO
621e7c913f22b66456d55940b803505890a8da62	17586282	2	Revo.Uninstaller.Pro.v4.3.1.[Portable]-paulonline
631ea583085c6327faaef6691d27a47b1deafae4	5880289717	42	[家常菜][38集][都市情感剧][2010][vcd-rmvb]
63dfa5735c861532afc0bbb3cac43448cd025de5	415760398	56	91新人 约哥(非约约哥) 约清纯邻家女孩打炮，新人首发 完整版
64ed8595443819de2c477c67d37aee00c273a609	7382059008	22	The Man from U.N.C.L.E. (2015) DVD9 NTSC
64aaea8713b284db528f3915d548d929b6d04b3f	49759571	1	Spy Hunter [v4.15.1.4270]+Crack
64d1a8be9e86f51971d3fd083f9ed9b0133826af	1463369092	31	【神秘巨星CI】我看过的connie最具诱惑的一部，白皙的身躯，丰满的美胸，实在太美
6581bdc8c879d7f8515d56a81f4cfcf0011b7f10	1992023141	4	Aische.Perverser.gehts.nicht.German.XXX.DVDRip.XviD-CHiKANi
659efaa7cb5ff19e4e7de9ad408bcf0094488852	58247786381	49	Teen Wolf
653b2effac70da8cc367f2c3c71ce628f6eedd9f	152179202	17	Anacondaz - Перезвони мне +79995771202 - 2021
65b016bd82674b5903e4aad553841cfbcfed2db0	1100523221	4	Light.Years.2019.WEB-DL.XviD.MP3-XVID
66884bc848e703aab0fd8addd32f764c79104f3f	893	1	µTorrent.lnk
66c5885d962ae2c35563da422a00b619c3bc3fd5	1873281268	5	Z214
66ef91f30a41f589035cc75f9eb71aedcca98ee7	453249476	4	Disasters.at.Sea.S01E05.WEBRip.x264-ION10
66496a2635cf45da7cb35a8ff34a8cad08498bf2	1016618677	64	KNCR043C
6755c00e7e1ed0d9c7257afaeb01e1277839dd18	4224545384	44	RHJ-346-DVD
67ba1c200f465cf9d4b6ff8bba00f8912f1d60b4	18341701218	3	[霍比特人3：五军之战].The.Hobbit.The.Battle.of.The.Five.Armies.3D.2014.BluRay.1080p.HSBS.x264.DTS-HD.MA7.1.2Audios-CMCT
69a0aabbe8201d192c8f65a2a51a91343e7c7a23	1197819506	5	[ www.Speed.Cd ] - Sightseers.2012.LIMITED.BRRip.XviD.AC3-AQOS
69453289649248360e7ff04dbb65f32a7933b331	473164846	8	Романтические разговоры
699a9114abbe214f60eb0addca64644ab7075e64	2620599613	9	釜山行.Train.To.Busan.2016.HD720P.X264.AAC.Korean.CHS.Mp4Ba
69f0c103977d2ea1e253b0b626e709cfeb446fbb	5352099328	9	【SEX8.CC】JUL232
6a4da094afe35c213363077b978f6c37b4475da3	349592199	138	MG - May 08, 2012 - Cherie Deville
6a38f4e3ffb58168f23525cf75e2590098e9a4d8	21595494310	11	DayZ
6aa2d1429ded0f562f7ea6fdb8a4096b0cc0d0fc	1344817885	105	SKY-258_fhd
6b30a5ce684cfb10393f873850dcc754b2848406	837860223	15	【贴心话】SDMT-220 qinqinomuo
6b79e7dcac7012a53982bdd4728e778975555830	307210528	1	seducedbyacougar.17.05.11.julia.ann[tk][480p].mp4
6b209d0465e8592e41252caa57b2f29180b39532	4029154028	104	yako014
6b67a4bb113ac65cef053663facf96ca2e06d73e	9489085140	3	In.The.Loop.2009.1080p.BluRay.X264-MySiLU
6beb70d000be89264d68d0450804123667363b43	5927989228	6	第一會所新片@SIS001@snis-160-uncensored
6bc576d15cfed1d24a65912f026c5933a3570a5d	981820426	1	torrent_54.zip
6b4fdf27388976bd65674f05487c93fb24970a6f	697305482	13	MKD-S54
6bcbb3d7eee6afd79a2ef1a58fd48cdcad19ded3	12314884979	36	国产精品合集30部
6c9be832ffaa9b618ea17474ca1716be550eb87a	4079488898	7	思悼.2015.韩语中字￡CMCT清风
6d10e23f0592d4981a1b67a2a9d87d4124481a54	1418550312	15	[ThePorn][CARIB-061220-001]昔僕のことをめっちゃイジってきた女が普通のマッサージ店で本番をしているらしいのでリベンジ中出--更多视频访问[theporn2.xyz]
6dd4e747af99c507d35d92729f865a14832c5d63	23792442	3	NY Times Bestseller Fiction Top 15 for June 17 2012(Mobi, Epub)
6dda5bab7e209554aeb43ef7f6d871f0174ac478	10209791531	5	The Adventures of Tintin 3D 2011 1080p Bluray Half-SideBySide x264-XPRESS
6d30825a03855994a566dab4d4d4acaef9084292	887585687	15	【特务】【sex8.cc】天然素人082713_01 性用品送貨上門的女孩
6d18ecbf02d0993a0b4cf4ced1a6a21f62b46596	408358673	7	[高清無碼]夏安藤迷人No.2(杏堂)
6d0ab4b69dd80bf9dafcdee469e70eac326204e3	196187603	12	Secret Keeper - Emerge (2015) [FLAC]
6e43e37f1604d5ddead207d52d743e25ea69bb0e	717281855	7	[女郎的欲望][2001][684.05 MB][BT先锋][btxianfeng.com]
6e07ea9e1ff28910120e10abcaaaca650cbbbbb5	567426954	295	US-11430 IsisLove ArielX CeceStone
6ee72030b61ee809681c0c9ffeda235a491465bd	1143052062	1	Kira.Queen.Tina.Kay.and.Vicky.Love.Horny.Models.Pool.Party.Euro.Sex.Parties.orgy.bigtits.mp4
6e84b6ab297159a601819a7b6b852aa53eff1dc7	16058857417	287	[BBA-Raws][Walkure Romanze][2013][BDrip][1920x1080][X264 10bit FLAC]
6f7868ef9d79b0c72b48afdf9e1a077eb41eb643	4702681959	4	Dachniy.otvet.(Vypuski.za.2021.god).WEB-DL.(1080p).lunkin
6fdaacefac462aa9fb19a9f2925531b836e46672	12365356366	119	排球少年（1-3季）
6ffcffd5abbf0873ad011221daa9c73782e89a73	122368	1	5 signs your relationship is over.doc
70ac94b4357fa0195fad9712a90202a3ece6947b	502451617	1	KrissKiss.18.07.13.Teen.Fuck.On.Kitchen.And.Cum.On.Pussy.XXX.1080p.MP4-KTR[N1C]
70446aeb3740a879b85a782d0ae325d2324a55d0	1250927684	1	904_Fantina_3_HD__.mp4
7043d14d49b23e6a6970c5d65de8b49f2f2e01f4	282010964	3	Devilman.Crybaby.S01E07.720p.WEB.x264-SKGTV[rarbg]
71b53bd060dc64aeb6d4c111f80aeb4d9c5e6a2a	177228094	12	2005.JD Parran & Mark Deutsch - Omegathorp [320]
71b655cfb5d80a9f688d058801bb4ce6e9e00c57	720363016	7	Busty Lesbians Cathy Heaven & Kayla Green Cum XXX SD
727d3a4169e9191471c6db53a1cbd8a1b2850e47	6149231018	4	DVAJ-377
72f42a8e2c96a270f0f1a26b8ce17cb2d9e1dc56	45544710676	20	Realizatsiya.S02.2020.WEB-DL.(1080p).ExKinoRay
72173709da09686bbf5058fad2e24e404ea73e72	6160408	38	0214fhd歐美15支
728f6896c29a8fd99c764637caef68de53b9a7ba	1181118532	1	CMU-005 全国熟女捜索隊の四十路五十路の即ズボ熟女中出しナンパ.mp4
72c7f9b7dccc5d3ba0d4ab02e12c40dd7b832def	1059950992	1	女主播约男主结果半天硬不起来，直播间喊个粉丝来免费干女主，在地铁站的公厕里就干起来了
72f592274e6e8a83324768fe1bebf232ef97c2ef	224928165	1	Melody Monroe - Entranced By The Melody-2518-480-chkm8te.mp4
734730039f2079902187d9c35ea183219dde137a	633214856	4	The.Wall.US.S04E07.WEB.h264-BAE[rarbg]
73623aba5d31293a1eb3e070e1edd0f106918b88	3203280914	1	www.ds78.xyz 风月海棠最新搭讪170cm大长腿黑丝高跟空姐跪姿主动往后顶进去了大鸡高清入穴1080P高清完整版
73181043ed4d9c0d16723fd8e97bdcf8248a6e9d	4425220217	1	Squared.Love.2021.P.WEB-DL.72Op.mkv
74a233d9587b8a3ad4d4506774c253024172e400	81641532	9	Ruins - Occasional Visits (2019)
748db68195665e5abfcfca1091c741073c775732	1501005905	1	TPPN-058
74d636714ef800a65c4ff0bf2edc3522ec10ce38	765741592	15	2-01-16-41素股百下刚好射就有奖金 甜蜜情侣挑战淫荡小游戏
74a071ab74eafd692f6f11f77d46c9afd6c3549e	1110922693	4	Family Business (Digital Sin) XXX NEW 2013 (Split Scenes)
752d34b24b60ce9901ababc1b6612c0d56ac2d19	369101531	7	15.[法国四级禁片] 母亲，爱情的限度 Ma mre (2004) [中文字幕]
7541d0cce921c296ad7fdc6391148436b789ade1	1623184862	4	BH90210.S01E03.1080p.WEB.x264-TBS[rarbg]
764abe31c62a16ebb2d56f8fdf1db1bbbea07723	26073261	1	Mirror for Philips TV 2.6 [TNT] mac-torrent-download.net.zip
767b8db4447a0f23afe41497345f9efe5a46ceeb	228372719	1	都市男女的爱情法则.Lovestruck.in.the.City.S01E13.1080p.H265-官方中字.mp4
762f9b35698c27bf30a3d8a21f10a3d2312a34f0	599887010	1	荆棘.E07.1080p.中英字幕.WEBrip.H265.mp4
76a3cba4e512b5effc1c34e9abd7a3d4942fa8fd	6504693538	4	We.Not.Naughty.2012.BluRay.720p.x264.DTS-MySiLU [PublicHD]
77dc474b7cb7260adb34166457b0b0a0bba13931	586849633	1	16.zip
78fc304b7c49ae3a071ca9c334d96fdb5548f214	1558367785	143	BDA047MP4
78cdac5d70fd29aeb5acc7afb74fdd0ebaaf0324	701529125	1	HGB-37202 Juliette March, Tommy Pistol, Mickey Mod, Karlo Karrera and Owen Gray
78281f14d7c63db4fff8655c58cae45dadf72858	7448653815	210	30.40 Years Old My Holidays Without My Husband [UHD2160P]
780deb47cb758b3172b299c411168eaa68eb835e	306800968	35	17 Crash
789c33394dbb43f587922e7910b7b45869923bae	1129766782	1	RDT-166.mp4
78f2ff4c9816e3c815bcfafa100b880f8833bff0	560277901	4	Kenan.S01E01.720p.HDTV.x264-SYNCOPY[rarbg]
7941094d7a2b60ce62a4b6bf8957c68dcc6f5228	8090989136	11	Pulang Insanity - Director's Cut [FitGirl Repack]
79464d2149ced3791e4f520a33d968b1b8497542	165161054	6	39 汤先生(色魔Philotes86)新作番号DHZF-001-高颜值极品大洋美女,身材样貌堪称极品中的极品
7976d24e3d88a49a7ffb34eefa227cf3beaa8ed6	356154989	11	Blind Endurance - 2021 - Humanity (FLAC)
7a4bbe77f093446a338fc2a6515850c52bca2474	1468403712	1	Секрет столбов Шаолиня.avi
7a6b9bd6d250eac281a1c3804c7ea2c9526c89b6	918552829	13	W89
7a5ef5fdc8ce7362e78c3042636efa093d8007be	1838372425	1543	718照片
7a58275d29df2bfd3db01a4e87e4712b88ae9bc2	4785744807	3	夜独媚作品-顶级AAAAA5级情景剧情片高清
7bd74dd1a0554702a1cd3837872a190fff5c711d	202167662788	154	KARMA - KRMV
7b1e0177ecf8761ff9876caf5f7e0aa0ab48ee30	33146086	1	[TWILIGHT DUSK (Aya)] Onaji Juku ni Kayou You ni Natte Ii Kanji ni Natta Onnanoko ga Koushi to Hamedori Kimeteta Hanashi [Digital]-1280x.zip
7ce1182f9b4619de1337d7fb399299cc4f8fe725	119975598	28	夹腿狂魔全程后入，不戴套狂插翘臀紧逼
7c3ec98321b6dfd0cebf50fea2ec7e9e43e8d643	606424999	4	Britney Spears - B in the Mix- The Remixes Vol. 2 (2011) [FLAC]
7cc963684453c3250e196a2312f02f7b6cc3b45b	1813752075	1	玛琳娜的杀戮四段式.Marlina.the.Murderer.in.Four.Acts.2018.中文字幕.BDrip.AAC.1080p.x264.mkv
7c33119adeccac86e37ad5386dcc708b4d0456a3	1618123452	1	Starman 1x01 El Recreso
7da98da28246ff1c8da2d9fdbd9f2f4d24fe0f41	7466620	1	[Himitsu Doyoubi (Matsutaka Zon)] Otona no Omocha no Goku wa Kiken ga Ippai!_ (Yes! Pretty Cure).zip
7d914901665ca3d7e2138dc2d3a156c67e60815d	72083600468	77	CAD教程
7d9d3f81afee589ce3893f3959c83455c6a82f98	577143804	61	Дафна Дю Морье — Дом на берегу (Аксентюк Валентин)
7d34bda2c5865b8faf71ee5f0eb7850f3486b8e5	4165622202	3	AllInternal.15.05.02.Dolly.Diore.XXX.1080p.MP4-KTR[rarbg]
7e0c92a25139ef1e88cb87a091152cbbb2263f13	37027250176	1	Species.1995.REMASTERED.1080p.BluRay.AVC.DTS-HD.MA.5.1-Solitude@CHDBits.iso
7fcdb1cc067afb6a00037d2be9e3595c4d0cf490	58601098	1	Let's Make ★ Character CG Illustration Technique vol.7 [Fuzichoco].zip
805588d94427d643c12c5c2471e217e2252a6829	1525647788	6	第一會所新片@SIS001@fc2ppv_1683388
8032441c101db7307fab4463166c0e2d71870c61	1869087001	5	Z038
80ccf924786a0d70ae4b948e546a5a539e5fdf80	3631207633	13	www.Torrenting.org - KarupsPC 19 03 02 Nathaly Cherie Naughty In Nylon XXX 2160p MP4-KTR
80fd37918e6f1acc0471b5e15547a52cac749b82	207643644	14	Blackhawk County - The Oregon Collection (1974-1975) [WEB-flac]
809dff39f9050016c9ce1af57bf0b28b685dfcd4	9927883	28	(CT12) [Hikakuteki Simple na Panty (Ouse Tsukusu)] Nayamashi Quartet (Seto no Hanayome)
804a59f76e8a32b62f23c63df1cc13dce8a4f4e5	4576751616	10	ITAL-USSR'88
81642796ebbd93f3240897bd0c9e9a23fb65020f	134354730	17	Kristoffer Gildenlöw - The Rain (2016)
81ae00943beb939cefd8792100215ca44c7ff384	1697047294	5	Marriage to a Billionaire By Jennifer Probst
8171061b156c097cda3bc30fe7d628b54e4e84ed	923394067	5	FAA240
82e6bf4ef18cbae41a75afbe41e9c53adbd8a73b	1701148623	4	Smash Pictures - Pink Velvet - Doctor Milf 2014 [FTO]
82c9f9457ad6703623a2f402d76eb282b81b729f	1250555557	55	MEYD068AVI
82225f40d8cad1f6ab9c154ab1997efef946ada1	2654804177	1	玫瑰人生.mp4
83403c46031253c04abbb89c7c66fa51ad182644	1146495860	55	珠海职校11电商吴雨自拍流出 在饭店认识的极品92年美女被我勾引到宾馆穿情趣内衣做爱,还问我爽不爽 微信泡越到长发性感长腿少妇在宾馆真是饥渴如牛，上位时特卖力扭动叫声急促好听
83ad58f5478e4dbc08617e2faea60f389536c27c	356226744	1	ADVO-069.mp4
83f6c3c4c0c96b3cccb5520699084153d1d4e5cb	404328183	5	07
836ab4a24efe127ecbcc2a2e87687349bf5d8fd5	3382592	28	[てんじ] 幸福論 (アルドノア・ゼロ)
84404215ad15f78afc2b3ca78f3ea2b08fc04c9f	1201023486	1	清纯妹子主播居家寂寞发春自慰 完事后求男友操 太骚了 淫荡对白
8464d32ed279f5743e0b39b1448cd20591c5defd	10122770209	7	Tensei shitara Slime Datta Ken 2nd Season
85db8c45469ffbcad14edac480a8bb63b3917105	675136299	1	VDD-013 女医in… [脅迫スイートルーム] Doctor Mio（27）天乃みお.mp4
852fbef5f2d512521fce4328658f228c813143c1	254960302	1	Nakokoi.avi
86226e5aee13f9c4071523174576614638555c82	2086368	3	Макс Лукадо - Он всё ещё двигает камни
869565efbf3c6f342d28d559974cabca4dff6a82	910114057	1	神秘博士五十周年特别篇博士之日.Doctor.Who.2005.50th.Anniversary.Special.The.Day.Of.The.Doctor.中英字幕.HR-HDTV.AC3.1024X576.x264.mkv
86997c3854d851438dcb13377c7fc8fcb4194cc6	254308360	9	in.ernet.dli.2015.145656
87c3e682f1d9c5a2d577735c87703c011c32f75e	3990356206	55	冰菓[中日双语字幕][720P]
87c7775d5607e5b3169c0bc755bfda7927098075	363795470	1	刑警之海外行动第34集.mp4
875ba986a85991d6f5bec07ea13555daef671689	631728816	27	2021-02-17-1-26
870a3198c18e55c5984dda4c27635c93265eaee8	3375902514	124	aionms
8886fd52016859763ca557deb29ddda715c7597f	764035561	3	Mommy Got Boobs 6
89e5ac6048e95123be0f13129bd6d2c5828550da	2393238488	2	Jupiler Pro League 2020-21. Matchday 24. K.A.A. Gent — K.A.S. Eupen
8a5a0190858b29b25d30398b8412c29fd252cb48	2361917452	5	HD-hnd-454
8a86c1387a999d9777812e00b4a808de0c0b8166	1786165762	4	Doctor.Strange.2016.WEB-DL.XviD.MP3-FGT
8aa7f9b4868a777c59771e4860686b0594f5a180	2342396810	6	FSDSS031C
8a271b4aa500cc1c33e264d81558c42728b556bd	144628196	1	骇客破解家庭探头窥视辑 不同年龄夫妻居家性爱生活 孤寂人妻手淫辣妈哺乳更衣（十二）
8a6d1876ce28b8645fbee7fdcf31c5430bda4af0	1132527005	31	JUY921
8b9959b5e19154f37dcab435aa202b02f93e785d	2474641396	5	[麦兜·当当伴我心(国粤)].2012.BluRay.720p.x264.2Audio.AC3-CnSCG[中字2.3G]
8b688652f94b89ee8a4738dd47026c5cd75c8a90	1939341582	6	CRAZY-MDB-243
8cafdccc2b250451b4f86ef60b95ee482a693d55	91348877	455	2019-05-14 Casey Calvert - Your Wife Casey Calvert Gets Anal Fucked !!!!
8c260cda9c78e649ef0b3a0cbd5829b5a045c8ff	67885	1	The.Outsider.2020.S01.REPACK.SUBFRENCH.XviD.EXTREME.torrent
8d668965b46a9bd5cb4f2ec5a166fbf49e7bea02	34431905	1	Baniewicz Elżbieta - Gajos.pdf
8d85713f23b19691e6dfcbcb3f1d81e74bd98cbe	6527528555	27	Swamp Thing S01 AlexFilm
8e31265220a10f5112a4945949334db242491c10	3421186797	1	rws.16.03.24.alektra.blue.and.nina.elle.swingers.on.vacation.part.1.mp4
8e197fbb65de6a2c175ddd761cff5f86d3181e31	1862402170	11	珍藏
8e8cd2aeebad8f2f0a288dbcc9c5e0cabd58d05d	1577789042	64	VANDR117C
8f1e1865bd3bc73ad41465ae40d56d0b82ac8a3c	249588665	1	[JYFanSub][Hataraku Saibou][01][BIG5][720P][MP4].mp4
8fd8ce7e026f87ec7d10ae90a83110c75319a553	2875300374	1	Robin.Hood.2010.UNRATED.Directors.Cut.BRRip.Isl.Texti.avi
8f435f1434fa63dd21e470e10899b4089adc6697	350521019	1	27.zip
8f94073532442283b06779f3bf35f2c92b973aa4	435128320	1	Castle.S08E20.rus.LostFilm.TV.avi
90c05803c7299bacbfa21c2dc85aa12ec91bc908	1445911384	4	VOSS130
9092f9020a1e0a3ad11453b30c0361a431da2c4b	1151327028	14	JUX-182.織田真子.日、兄貴の嫁を犯します。 織田真子
91cffb34a79ffbc3a1820d1f953036a32ecada54	1739778836	4	444KING-029
9106bb41632ac8cb4183c0d9e61bb31dd15253ae	1293418746	39	老肥@第一会所@Babes - Molly Bennett Happy Anniversary
9293bbceba552d58f126d340392acf3200b2f767	592526724	33	【Weagogo】这两位邻家姑娘太美了 学狗舔着皿器喝水，两位都是非常丰满的身材 搭配紧身情趣装
92bb034dd7c56d69b7e90d9775ef4cff72129df4	1324512992	64	OKSN240C
93522e67c2cea142121fd8070bc8939ee052f87c	716777197	1	最新网红少女『依依』大尺度魅惑私拍-齐逼短裙 性奴淫语美乳精致欠操 性感包臀掰穴自摸淫荡美穴 高清720P版
942220d3d2a5610fc44b172d1c35ddbab9c19615	209966461	6	[MHR367] Bodaishin - Laghima (2020) FLAC
9488778aa6c20bea5aa38c13250491347d32491d	1776899741	60	GFT275C
94d0f1439b0ab75aaff0225e6b333c79e9d98c23	3307902046	1	Snezhnaya pyaterka Snow Buddies (2008) BDRip 720p.mkv
94f4c2a6023da12b3c0283dc767644853eceb17e	340464632	1	[夕凪薫] 気になるルームメイト 全04巻.rar
954b72cf113f2bc844f619494d470721a41a7053	616264932	2	AssParade.20.04.20.Arietta.Adams.XXX.1080p.HEVC.x265.PRT
95874bbcb8534ef06d3123d9087d1419b94b0e73	6352348578	2	Palm.Springs.2020.1080p.BluRay.x264-USURY
9568ff40ca834bf21e59ed45c24d2bcc7843df80	634602171	5	140912mio_karina
96ba26af85b4b02b2b17c05ae88a2ba54924a8d0	147767861	1	(成年コミック) [アンソロジー] オトコのコHEAVEN Vol.13 純情ビッチ★男の娘 [2013-12-01].zip
966294484f1d40201d44cabc2b5c4b528d2524f1	352385475	13	Ember Falls - Welcome To Ember Falls (2017) (FLAC-WEB)
9792bc0127458ac0565cb83fe276469a942b6634	32203777	12	asidaibi@sis001@黑丝MM开始装纯玩电脑 后来居然被干出白浆 继续猛烈抽插
9906451cf0a79cd78c25b5bc497918d9383f5405	392512715	5	33
9960c93e53df28c3a11e74f25091d6e9f2d96c3a	448748714	58	STP11227
9a3516aa02c53ed73a75da901f48ecf9c9193551	16857837774	1	袁腾飞96集课程.rar
9a266430f0dfc0bfa9fc64d8337078cc16d36fca	1197745097	59	MDYD942_CAVI
9af7965851bb08321186b4a73ee9b7941ea4eafb	31840946080	61	[使徒行者 第1部][31集全][MKV][1080P][无水印]
9b380f97ed96006a0b5ba9518cc93f4f131bd119	1608932324	1	Adam .2019.hdrip.720p.subesp.mp4
9bde0e92acdb1a0d03f6fbfad05148ad5d58379e	8120051359	49	0328rbd827FHD
9b2d91877ee554fe7c87990ba7ec9d64d1cf21a0	3455163709	2	Lex_Steele_All_Black_Showcase
9ca8d579f9ad6fe56e568a5747872ecf88e14bd8	467438402	1	Nicole Aniston Gets A Creampie.mp4
9c2934bb2806df72e84ce3abda67508cd2fa26f3	3304891688	10	1973 Keroko Demetan 개구리 왕눈이 EP 39 - KOR
9c62d0affa27c846976ef6f3eaceb07d5a05bcf4	750265930	9	第一會所新片@SIS001@(Mesubuta)(140811_829_01)世間知らずな巨乳コスプレイヤーがキモ男なカメラ小僧に逆ギレされハメられる_奥田羽奈
9d993684f018f2de61ed1532be8a2ae046859c41	2293403819	1	O娘的故事 Stoire of O 1975.mkv
9d9e5bcaf7a68cf257ed05a150812d22d7d51d62	520808806	7	HollyMichaels 黑色大肉棒爆操白种女人粉穴
9e1f81e857d8a8a20e9a2aeb1b1b32ed5dd5f53b	1635576931	1	人妻少妇很美丽一看就冲动的尤物啪啪作品《性爱的果实》字幕佳作 气质女主角温婉挡不住硬了性爱很销魂
9ec9a6e0ae8ee8f011acec07f5f2df6b107d8350	1353865666	1	49.zip
9e337bcf4bc8af1fa535ffb1742d467c300bfb7c	1476239827	2	Marc.Dorcel.La.France.Profonde.XXX.DVDRip.x264-MAGNETxXx
9eed7d94be0f3d3d4375041677fb1b0defd5f77c	1169109512	22	DEC002
9e6bb50b56d955fc2682aa81456575ed8b6c9892	138417862	7	G0216026
9fcd9b50c80274efde0b387e42c322b53cf7399a	2178437272	1	12.Strong.2018.1080p.WEB-DL.x264-worldmkv.mkv
a1e5cbf877a6f2b638f5793f1f1f01ea8d8cb35a	3081074513	4	YTR-082
a1832d8da05c8373dadb0526a73ad9f8f19d5170	733480031	32	190618女模口活一级棒黑丝性感美腿各种体位爆插-3
a2d7239d3c20716b94305cf880fcdbe76f4e180c	6516657	1	[Noshiki] Momokan Dzukushi (Ookiku Furikabutte) (English).zip
a28f66b9d1697038b45a11dc9896198a68a99f5f	1917980903	1	2014再见歌舞伎町BD720P中字.mp4
a2355b6c4887af287d7c36cabd7d704b5c143d93	45038572	9	2021-02-17-11
a2f0e2766b883edc60ddb502d652527b127b99a5	783312485	4	姐妹的隐居 2020.HD720P.x264.aac
a2da01d2f884ecf229f8d2da690462825f4233c5	1579338045	3	31 风吟鸟唱最新流出嫩模 苏欣冉酒店被摄影师edison玩逼后入翘臀1080P高清
a2a410179310e4bc149a2bc7c6d07306e6ab88e7	375139629	1	刑警之海外行动第32集.mp4
a31e1d7b38512239c67245e6b88882f08d8ba515	531941425	13	【TXH】Caribbean011913-242kuri-
a3c48e4e720b2cd3180407a3d98c9884436057c9	6177182156	875	������ȫ��
a410b3fc46471154bff9937869e3829b343bfa06	22541073	2	4uKey Android 2.1.0.12 incl Keygen
a4fafa0b3fb4cad5d41816c23544fd7d2f100f65	893468036	41	【神秘巨星CI】成人综艺金钱万能系列主持人户外搭讪美眉完成搞笑情色打炮任务外表斯文眼镜美女身材SEX操到高潮
a461dfd8c29ccd4c45479c4c642d5fa1faf55aab	607187146	2	Mr Anal - Dana Loves Anal - Dana De Armond
a581417aabe664c055b7998dec9be4da88800e0b	2508485774	9	第一會所新片@SIS001@(Heyzo)(0001)浴衣deデート～夏のデートは刺激的に_星崎アンリ
a5272992a754a8fcfc0cfac4cca23b6f4f5b6011	339245652	9	2021-02-17-14
a5f9c76e8ad106933d9ebb941ab24bf5bbc8f648	1492333717	3	#_ARBB004
a53dd186546e04c94d58b5293141fd1b3d69e68a	1510310798	1	fkc_slut_gets_fucked_by_cop_in_her_flat_1080p.mp4
a6336df89a439849d72159451957d47bd9ed0f99	657653288	3	PornForce.21.02.01.Marilyn.Sugar.XXX.SD.MP4-KLEENEX
a6035c86269b437bd2e4f5c8887ca0c5ce24aeb5	2237374644	9	第一會所新片@SIS001@(金髮天国)(1132)日本刀中出しに嵌ってしまったロリま○こ_Krystal_Benz
a7bed84f4c7d1d992dbcd7060b8d8e18f1c36902	734623540	6	ymdha@草榴社區@Mikado.Vol.14 猥亵美少女の凌辱中出雨宫妹妹
a7db97f4bcbb2cb884ea3525ac4b24a4cec13ea3	1132388598	147	MUKD310MP4
a7970fb3a7dae801414ee5cb5acedf277a3a2aa6	778851362	6	6
a72d7ed64a1448c96dd76d94ebe002baedd7e4bf	760235487	5	03
a7405a7869d1588c72cd2cc2ddf1fb1654e7edf3	1828	1	uTorrent Web.lnk
a8e3dbb5dda9da37eeed42895b6dea3e14f308ae	2248982721	25	YZ053
a928a89f7b2bcd71560f42350b11bbcd09dcd537	1468293892	6	SDMS-429-AVI@Touch99
a9a64ec7b870fc67616e7ad06dda6c6eba262fcb	3196163601	1	KLEIO VALENTIEN 20.04.2016.mp4
abb6c7fd2b81be081a7cadaf18263e580b192695	1467975680	1	The.World.to.Come.2020.Pk.TS.14OOMB.avi
abddd760cb4f869aa70205bc7487c425a5e3ae99	30306239	52	43
abeb369d5f8d601ea3e34eafe868943fd86189b8	2541748288	21	SAMA-750
accac5d3c01e714ac6edf2769e129511f4228b5c	480773781	8	HISTORY OF POP AND ROCK MUSIC - part 342
ac0894b1c3a86f14f2721c26f802c31f8b50307a	1466380288	1	Cowboys.2020.P.WEB-DLRip.14OOMB.avi
adb492f3f30b236730a972821da64f0ba4777ad3	369308804	1	Annalise.Amateurs.mp4
aea2e33c23102486eab63aa1bfdd16ebe33d0f30	2564919648	16	Strange Sex - USA Reality TV Series (2010)
ae5fee00bafc068a4cfd161c4d3a4becfa28035d	1517404008	5	05
ae6d280e4ea9e473b7706a7ee7c76b9ffb7d876f	2365017440	3	HD-dasd-586
aeb403963dad42ba60a335091bf2ca55dc803dd5	582097218	1	漂亮美女主播风骚学妹的性生活0211男女双人啪啪大秀 先口后多姿势啪啪很诱人
ae15c190ef7175c4e450cfd45bcd914c96a492f3	18590490042	1	Encore Vol.15 (S2MBD-015) Harumi Asano [BD Remux].mkv
afd7c198c77653e45b74164d37c0e06adb33b0c2	1397986842	29	20.Pure_Anal_Pleasure_4_-_Pure_Passion_~2015最新强档~_處女的超爽肛交_4
b0d94b683d867fbdf74251d7db1b816a921dc24a	417424744	1	[Ebony] - 2021.02.16 - Scarlit Scandal - Scarlit Loves The Length Of That Big Black Cock Fucking Her (480p).mp4
b0b925f3d56e140af6809e640cf5dacae0b0db7f	2529444055	20	GwenMedia - The English Mistress Pt2
b012ac7f2472041207be898b30e64d5164753ce0	2519826212	1	MilfsLikeItBig.15.11.21.Bianca.Breeze.The.MILF.That.Fucked.My.Brother.XXX.1080p.MP4-KTR
b01172e6df46c9e13b95f56b6b79130307ef84ee	1108937275	7	第一會所新片@SIS001@天美传媒TM0062新春拜年之幸福来敲门
b12bb692559428b88a54b98d536ef19a2e097c82	1261427517	5	11
b18dbe1c60a20db0b10930a5add8978bbd62ddae	3408672162	1	Is Genesis History 2017.BDRip.720p.mkv
b280004dc12b5745877ba7e98ea280d639f14053	767967424	4	FirstAnalDate.15.12.15.Cheryl.XXX.1080p.MP4.KTR
b2b3ece56927464b091f22e41f14d11875d9e758	253675898	16	Captain Beyond - Dawn Explosion - 1977 (2004)
b3a03f30e2b631c45e6f41bd334c497bb746969d	961581390	7	05-08
b3ad79192caded03a31824837a406aabb15e37b8	1206032974	6	第一會所新片@SIS001@fc2ppv_1684210
b317be90be43a8501b7435b6ce0c39abb65f90ee	3410725222	1792	[MPLStudios] 2009-05
b49cca855959e70cfe54a08108db75fd743fa70b	31045093771	61	欧美MTV 1080i DD2.0 btwb006@SiLU
b4d7014d1b95f0190142d87e62246e325401d90e	1519776617	3	The.Dark.Tower.2017.BRRip.XviD.AC3-EVO
b4c62cd1388d5f0af7b0fdbef57ea3afe8d0ba8b	2306691586	9	heyzo 1104 順從女人工作室 北島玲
b40199a5af645820615185664c68d3dda97da896	4031292	1	不雅照 女明星不爱穿内裤 遭狗仔队偷拍露底不.zip
b5d54c9c55af8a6d2ec3451765ac28319e937480	5948948480	28	kikbokser_[torrents.ru]
b55ad4642eedacd579455341d46e53f7082a3ada	416901360	1	TVBOXNOW 暑假FUN FUN FUN - 廣州長隆旅遊度假區.mkv
b68ab55f7805f8f08de0b30f1a0684ac441bc42c	1188094804	10	SNIS-900.夢乃あいか.図書館で声も出せず、抵抗もできない状況で痴漢されて…。 夢乃あいか
b64727c0f98838790eb97bc6eba72dae14faf8c8	272731690	6	[150130] [Liquid（リキッド）] 大催眠ERE [Full Rip] [bmp]
b77f02102e01fe6dd4b41e96c5444b70c8a1a20d	28664065594	154	Jujutsu.Kaisen.S01.1080p.WEBRip.Rus.Jap.Sub-IIIu6ko
b7401d377ba1803d60e89c97758e6d954f617934	22541073	2	MS Office 2019 ProPlus Retail AIO MULTi-24 APRIL 2020 {Gen2}
b7be9991e10847551270c3cad456c41c6ad5f26f	8538758	22	(GCC18) [neo ultimate works (Kagura Kouyou)] Touhou Chichi Nikusai vol.2 (Touhou Project) [Digital]
b75a0cdf6e5e0441e22da3d1437e1c06cc37b785	2617396336	1	HND-328
b779ee7dae101f5b4241fe302b9cbb7e6d49f3d0	565092192	1	c78214.mp4
b7a64c35c82c4503f30d4b5b136769a5a45ee1da	513016053	13	im520@SIS001@EBOD-274
b968ea709b4191cdeed5e169a1ceee8b0030e601	289885574	9	325998@草榴社區@最新加勒比 Carib-030212-957 下流的身體 後編 小日向みく 卑猥3P濃厚中出
b9804e7bd89ac5fafeb3f56c6676adf9f9542113	1702366520	18	HISTORY OF POP AND ROCK MUSIC - part 353
b9efab1ebb631862035676668382e4ed08bde948	7678722065	47	cherish@第一会所@瑞树ララ(饭岛奈津美)六部合集
b9ab60bf0f0980fe4e2d208ec70089ba8eaa9ba9	1469198336	1	operacija.svjatoj.januarij.avi
b9b3371398d9babb6e8eee96fb98ca3973fc88cd	5695049334	1	Best of Dorcel Club.mkv
bab86e1f757cde0f540771b94fc4dfa296d0327e	1266516198	1	ABS-159.X264.480P.mp4
ba3a4106fd6dc93b06e233b976bc2de36eed8add	48269643	1	[White Lily (Mashiro Mami)] What are you doing the rest of your life (Love Live!) [English] [ u Scanlations] [Digital].zip
ba8c575a77c1a108cfdcc8566eb9168f30b5dae6	1778370133	40	Dead.Mountaineers.Hotel-TiNYiSO
bae344fffe387b5b2e93f3f3116c263dddfff7f9	5478245245	10	【一本到】メルシーボークー 13 パイパン娘の淫モラル性交 松岡聖羅
bbfa9f1c955a5b3ed22001912bd6d469ed883f4c	738674605	6	www.Scenetime.com - Worst Cooks in America S18E06 Opposites Attract XviD-AFG
bb2a1519c566ef7d37db3c46b0cfdcc1ab72e5f3	465111764	5	15
bc4159d604d4bc08670db2aba509b391a236e45b	10597177182	1	DOCP-234
bccaaf742883ab2807237b3d2fe66764fee60170	675966184	1	p1291_her_pussy_gets_wet_when_he_pays_her_for_sex_sd.mp4
bcc7f7e1e00251e8dc02bbd58734d6a6d524e495	6170535	1	GV30010FSEH.zip
bc3bd35b2c179116372590f8d5ac76a50aba41c6	944133404	1	斗罗大陆第31集.mp4
bc930c3c2397494a3d816b2f136f2d1ff57c6bd2	4554092694	48	EBOD583
bc419aec63f55e791e9dd4ea3cd8e7eb957905ff	1794336219	7	olo@SIS001@hunta-537
bd73fff3742042ef0aaf08718c1ccfd9baf93f80	1386173946	60	09.cead009
bd952c21da4af5d94cf112d78ed88431506f66f1	609189346	8	[Thz.la]122317-562-carib-720p
bd7966953496a05c6f58a58eb340763a21f35cf6	319829338	17	Billy Childs - Twilight Is Upon Us (1989, Windham Hill)
be57d23a268d4f7e9c4cdd54d1132abc7efe602b	2393933226	21	3-10-15-2 透明變態人間精品
be89671ef2df434ac7db71b1bcbb11d7736f4965	26430055130	146	Дружба - это чудо [rutracker.org]
c05ba4c29717aa478a4af93889db00decef1094c	53714110762	22	Shameless (2004) S08 (1080p NF Webrip x265 10bit EAC3 2.0 - WEM)[TAoE]
c0f90eebccc1d9ce81f4eda4493b1bf8cd5d728b	871737460	53	49.venu515r
c16195ff167cbd95693a258355e4c43e2dd64606	2126275432	2	SAMA-830
c11044048c8f24d1002c5160bf85888f8483ce26	834369119	11	[LegalPorno] Susan Ayn GIO1733 (06.02.2021) rq
c1f069e76aefe85e784200e6502c4a4f8f333b3b	2446299675	48	1114-javbo.net_sero336
c19d2ce0ca1ef158c29ffed07fc2ca984442d151	2279763194	1	MIDE-624
c1eb6e9205ae91c89e0ff8b3a4042484a4d77f89	14665425097	63	上善若水@www.sexinsex.net@PublicDisgrace 系列六部高清[无水印]
c134ee3af956df4ec9347bbc5035a7ec693bbc90	318177472	6	9
c1eeabbc75adf7166ea3438a2f4b85a8d4c0fdb3	949839618	123	DSE741C
c1e186da135c69b3320a090e46a736fc3d15d9d0	1770084792	4	Boober Drivers
c2e80fd1abd738333a2b2cc41100d097c0a67bd3	2274655229	102	Warcraft Books
c37ceb8e88d067a0032cad5ae94b7cd9b7f49839	22541072	2	WinRAR 5.50 [English] [x84 + x64] + Universal Patch
c359c27549f4d2cb0ff14264987b81587dedef6f	36168379	1	German milf Lydia gives a heel-foot job_MPR43.mp4
c3f2633ffe3fddef803ce95b22319cfaeea24a83	1323506939	121	WAN222MP4
c3abf52c855cf3db086cba87423a7277af7b6492	4284927	16	[Hybrid Jimushitsu (Muronaga Chaashuu)] Hybrid Tsuushin vol.15 (Prison School) [Digital]
c30e77c00b38f0ffdb44c22bf09f65e73901939f	2225053763	217	Solar Fake
c39444dc39087d25ef532b3c8c22aa4794b57cb6	1095250888	1	ii.16.06.29.kim.cruz.mp4
c34b5694a3d3521ce27e847394deacce0cf24dfd	3023044764	25	ABP-488
c4b572d0c4a5767ab04b8df19251d23c9bbc040f	1066698944	1	56.zip
c494fec316b67237bd519e44d7ef1fa2a10084ac	803382518	1	angrobert-wmvh-1.wmv
c4af49cbdb133f70d7fb660bdedabd8c3c1c96d9	4197912576	16	Parki.i.zoni.otdiha.(3.sezon.01-16.serii.iz.16).2011.XviD.HDTVRip.Gravi-TV
c54380259bcac3385088f2b473ca043c4a040882	22731935	14	高清无码超漂亮中國妹子留洋戀上老外的大雞吧 高清露臉有對白
c5c3cfe6e9e17f322093ded56ce13e9e51d086e3	929306070	19	032112-973-carib-HD
c6f4686e677ca03d00f46b77407a129b52fd9d87	1853423756	4	Disconnect.Reconnect.2013.1080p.WEBRip.x264-RARBG
c7dcf6f70f4299e50897d1024bc81abc4d724f16	1206884835	3	[ www.torrenting.com ] - Austin.City.Limits.Celebrates.40.Years.HDTV.XviD-AFG
c749c06440f08551e32c2d04eef83b543448241b	801744	1	Sisters Natsu no Saigo no Hi Ultra Edition - Downloader.exe
c776e115966088f74f49b7b9ded8b5a28ff14bbb	158346645490	298	adorage
c72d8bc5399c8b0a1dc863c0825be14df5ebe6bd	2611173198	19	pacopacomama-032213_869-HD
c82943b9cde6adc30407be04d9c2e84506f07c25	1687425704	29	110509rain by arsenal-fan
c8282453733afc914f3b9bbdb3623e8d372fab3d	1574753732	64	MIDE200C
c825639d2ad1f349ef7151998bd3b160f7af7fb2	242764608	1	[fix404.com]gachinco高清日本美女放尿.mp4
c862339e8cfb7a2a8908d53a84346fea2b8098c3	364274022	17	【贴心话】Pacopacomama062613_934sh
c920b61b6f7b3bfcf7f4914cebccb4961eecfe92	734238720	1	Harriet_the_Spy_S3RiAL.avi
c94bbf280111faab698accbd40bd2d48a4fb7b97	1413322546	111	wii-u-nes-fc-nus
c90db8301cd1232cedc78f6347bdea72b016cb9f	106313046	1	Playboy Serbia - July 2013
c9109626a6be1833547b1bb4f3296a53106422a1	1255521652	10	1pondo-041814_792-黑絲美腿無毛俏女傭 極上美BODY美女松岡聖羅
c94b91d5cb61955c90e2949c4ccff7311bcd20d8	2328876137	1	To.All.the.Boys.Always.and.Forever.2021.lati.mp4
caa247ea32ea7fe1b08de1ee2c808d2918f84b04	4741232149	10	@Lorelei Lee
ca2fa18d9137b626e7db060bd5a21267ba05a871	1520259237	1	Petite HD Porn Kyler Quinn Desert Fox.mp4
ca87c94e4eb5987983b794b44c268c91848c8fe1	237199266	5	Lesbea Cute Busty British Girl Face Sitting
cbd7c400659341b82caff882a60a6207edc47b2f	22541072	2	Call of Duty WWII Digital Deluxe Edition (CRACKED)
cb85f76c87303d816f55a00e2c779e6804369c4c	2986420661	1	Naughty Office - Holly West HD 1080p
cb3a5365bbbe02242a453794092341cb0e593a95	10481097354	16	[Kay Parker] - 1977-1991 Filmography
cca01144dbaa3f03cd579ce5174e6c27100da36f	22541072	2	Call of Duty 5 World at War v_1.7 full game -=AviaRa=-
cc8e6b998d397408b2577739413ae22cf720d992	11239217847	99	[流X花Y][01~50全集][2018][ 微信公众号：新剧分享 ]
cc404b03360b08bf634012e08fe22a0cead8659c	4988551349	6	第一會所新片@SIS001@021621_001-1pon-1080p
cd6e0677e84a0be3d0fe3e77455c5390e4de3d85	741114748	2	Ratburger 2017 Movies HDRip x264 with Sample ☻rDX☻
cd7eaca78fab742cf3de956e3ec659b7b4f862a7	124061227	75	X-Art.com_17.10.16.Pink.Violet.The.Tightest.Blonde.XXX.IMAGESET-FuGLi[rarbg]
ce4b3bf2b96588537d42acc791ba6e4fc9273311	3871345090	7	怒海救援.2016.中英字幕￡CMCT犇犇
cef8b80a1683f315328006f3582cbccb5ca0cd6d	204141234	14	白嫩的清純巨乳主播黑絲情趣女僕自慰＆比基尼爆乳外出遊玩 (9)
cfc771e01d194ccb3b101524325d97a253082bd3	479332972	1	Alexis.Fawx.Angela.White.The.Best.For.Last.SweetheartVideo.15.07.2019.lesbian.milf.bigtits.gog.cosplay.mp4
cf513cffc69a73bdea8cc0f553f429fcef55f3d8	1115995729	13	www.xBay.me - KinkySpa E46 Marica Hase XXX 1080p MP4-KTR
cfa68ef2e7844262800e730c11cb40756f76f2f5	1067662805	6	STAR324 柏木のぞみ 初中出し天国
cf1f389e1fffdffebe77add183110cac787d3bf6	49374506508	657	Kosmicheskie.jajca.1987.х264.Blu-Ray.1080p
d0384aaa1b81da27b56cb313c6f525da82f2096e	231000983	1	Misa 29 SD.mp4
d012c645197381be2e6f08696c2ba1543419fbf5	11160582861	1	X-Men Ostatni Bastion - X-Men The Last Stand (2006) [1080P] [BLURAY] [H264] [DTS-MASTER-HD] [AC3] [LEKTOR.PL] [NAPISY.EN.PL] [ENTER1973].mkv
d0b851ea8da237458ca6c63bca8635e6c4e588fd	5955691505	8	HAVD-957
d1260d8839c6d7c0db505e14dce0e5c3962de345	765018864	17	Confinement Sister Teachers [2006] DVDRip
d17c95e740f1f2de8af6d8b3092021075790afa6	924620221	77	[嗨咻阁网络红人在线视频www.yjhx.xyz]-（萌小兔）震动棒自慰窥阴器窥视35P图片1V视频
d1a5241e32129bed7054e8811c19ac2d45c3bcaa	2389534756	9	第一會所新片@SIS001@(ROMAN)(HDVHJ-004)巨乳な母とグズだがデカチンな息子との近親相姦_北川エリカ_園田ユリア_松下美雪_藤江由恵_春日もな
d1211008c78001c55a1e2392264438215632cbe6	542765672	2286	[板扎福利网@WWW.bzfl.vip]@网络绝版流传各种自拍私密照，不看会后悔啊！
d29f010d13de35ecb5c749f57b9b9de13b307559	111425882733	85	【蚂蚁仔www.mayizai.com】[寂寞空庭春欲晚][全40集][WEB-DL-104GB][H264.4K][无水印]
d2f1daa5b1fe4db177e1bd3dbf25ff0d5ac4b15a	448586539	5	AssParade - Moriah Mills - Huge Booty Delivery
d352cc8fa5115796972ffafd70e84ffaca94200e	1527848871	9	kmhr-021
d3980d750cdb067727704db580b2fd2e4295e149	1709696158	4	FilthyPOV.21.01.04.Michele.James.XXX.2160p.MP4-WRB[rarbg]
d30868f5d6613eebfecf07fd0d581554dd3a6e5b	745663667	1	ipz00141-03 秘密女捜査官 美雪ありす.zip
d339b426b6624a5b27fa47426c1da20b19805cdb	2150812440	3	Extreme Jiu-Jitsu by Leo Vieira
d434fdc2d68d59756b553edbe9c0d8c425626134	553953063	3	Adobe Acrobat Pro DC 2021.001.20138 RePack by KpoJIuK__SoftPilot.win
d4debb9f6024b0c216a462bd5bb2e427e2a5ec35	10216166	1	Mastering phpMyAdmin 3.4 for Effective MySQL Management V413HAV.pdf
d49db666f69d1cacef9ce630ddd183b0f1a0e24f	220460048	1	MomsTeachSex - Kit Mercer (Masturbation Is Wrong) NEW 15 March 2020.zip
d423956a85f0219fa01b2096182278b8c43588de	3644056	22	(C92) [Kuchiki no Uro (Enma Koorogi)] Nanoha Refle (Mahou Shoujo Lyrical Nanoha)
d49907df3dec67f9e2bf8657010d07948d4150fa	1638810289	1	PAOD-0014.mkv
d59e9ac15ccff41dd4ee6c38771d47801e39f11a	1566146560	1	Concussion.2015.DVDScr.XviD.AC3.LTSub-TRL.avi
d53a56e13df7cd9494e22ba7311ffd1499c87f3d	55444042	4	Sugar.Bytes.Unique.v1.5.1.Incl.Keygen-R2R
d59e9c58e0952f00d74dcec9b038e6a6222d31a7	126711572	1	6003880.ts
d6f68fa409ffb745c863d6d48b1ea9ff20129e49	432767503	5	23
d61baa2bc69705f3a390a9d3277e05adf8a03afb	439934184	5	2018惊艳大鲍鱼胃口大开
d7359657f49288271f8613bfda27fa33eb3e9e0e	595721604	1	美女主播骚女与冠希和炮友先口后啪 最后口爆射在嘴里对白有趣
d780d38b974e4cdb9e633fb9125712a904b3093d	421683765	6	老板的妻子
d7c9e7719faa62ca517c5fe27c1b10ed06245b88	1346671286	1	where_evil_lies_[tfile.ru].avi
d7ff06ff1451f445732fc6a6e30846c6ef5e4dca	14825697	1	Genetyka molekularna - Piotr Węgleński PWN.pdf
d87f756d44b858bae6cbf53e810d0f6030ca3c3b	15276414349	83	16部中文字幕
d836c655979fad6530726dd13b1b640f9b4aed60	375121447	1	乡村爱情13第1集.mp4
d88ed5eec33b1ecf8b7d5316589c8ca14f712d79	880956176	5	34
d8feec33a2666ad260b5333fb6b3c2334a7b16d8	999816800	11	PPSD_005
d9575b13e1e4bfe76d1ee015366fd3ac5ab7da2b	166056669	3	老污龟出品27-黑丝吊带大奶师姐淫荡取精1080P高清完整版
d9e4699cc06f59ad3cc60e637d94e8d5b69c8468	1568314138	9	第一會所新片@SIS001@(SCOOP)(SCOP-217)童貞のふりをして、モテたいという理由で個人水泳教室に参加。突然先生に勃起したチ●コを見せつけたら
d9ce56c36c398912ea83d299cbd1a0677691f2ae	473174603	1	韩宝贝_20170726BA[immcu.com].flv
d92ce6a79fcfe432356dd6873d05a0e69d9622cc	2593652889	41	lihaolong6188@www.SexInSex.net尤物宝宝第二弹
da4496ef95dc9bf841e9997d173e637325bbd744	10970259879	1	Sea Fever (2019) BDRip 1080p [UKR_ENG] [Hurtom].mkv
da9feb54f8b3ccfa54664bf1d98cfa7f69f53353	380995815	7	Monteiro Young & Holt and Friends - Montreux Special Reissue Edition_CD
da29d606dfef67e41170868c1f133bd1aaa4b49b	730394719	7	Passion (2012) 720p BRrip.sUN.sujaidr (pimprg)
da584f92de00f9678b365f19469f4d16a62cb4a1	228159538	5	9-1-1.Lone.Star.S02E05.720p.HEVC.x265-MeGusta
daa06b6297fe29940cdf1d4452da57eaa66014f2	2004037470	1	OnlyBlowJob.15.10.05.Nikky.Dream.XXX.1080p
db2f4a3792e0f0ed0ba539b93b6d9c0aa3682f06	1288441047	1	2016大尾鲈鳗2BD720P中字.mp4
dbd602da3af84887f7bc9e4781ea0a112d793c3d	1901542431	9	如山的巨乳压得我没有法呼吸
dbaa6c16ae39529229d9497dbdb0f9ca317d515d	23169230	1	MOM asks young boy to cum inside her on LIVE vid.wmv
db3daeb6c8231c57217c00417d53038a7195a0e1	3404601947	3	Fucking.Berlin.2016.BDRip.720p.x264.5rFF
db3dcf3b4d498bc4008a42d3e0f277c7fcca0bff	1382615936	122	GG133MP4
dc877428a1b2a57ff9623c8e8bd05e52d69e8901	337515683	1	刑警之海外行动第35集.mp4
dcb0701ddb3c472ca2830f61cebfe21aa877f370	1952822862	9	第一會所新片@SIS001@(Caribbean)(032616-126)卒業したのはいいけれど、元CRB48の厳しい現実_夢実あくび
dc4bcfb648ea270df705cf36d9eb5c44bd6a9277	545187113	1	Wow.Girls.Elly.Jackie.Pass.The.Oil.Please.XXX.cPORN.wmv
dc3e15a448aea9a5745243a9d8b02fae6c13228a	141048040	28	想看制服01年职院顺从炮友果断安排上
dcf24b9721c1e43264b4d9471ffaddefbe0914ce	2660914549	309	27-12-2020 mi mix 2s
ddced66e23e571fce3ed4b8b26ffe82b25f5df03	4867104216	6	All Internal 28
ddd8f075daebd796e901240a17b76dbb9bd5d832	4435916313	1	Denver Nuggets at Los Angeles Lakers 04.02.21.mkv
dd8cbd9dbdc9797b0d1d25f8fa23f4f413299777	8494057	26	(C92) [sagejoh (sage joh)] Burnin' Loooove! (Kantai Collection -KanColle-)
ddb1a589eadf26883b779f0f06e75fc9bb5ebd9b	1766310312	6	Weird City S01 (2019) WEBRip [Gears Media]
dd5d76714da2a0910d6baa1014f1b460bb53a8ac	2057808591	8	【sharemovie】【sex8.cc】RED-155マニアの皆様
dd338e18324c9c57ce168fcd15218fff05ef4be9	55801036	2	AbbieMaley.20.12.23.Tests.A.New.Dildo.In.Her.Pretty.Pussy.XXX.720p.HEVC.x265.PRT
de992438187a7216b53441799becc4866cb6a519	367434561	2	Justified S03E07 The Man Behind the Curtain HDTV.XviD-FQM[ettv]
dec0eeb53c65603d6f0cf374cb4a271fadce8682	1003654050	6	12
df0590bc3ce8af5b23a5aa3035c1900228eeed17	1412365280	8	caribbeancompr-121114_030
df5ac51b271fbd2af571efec0b7147529badefe1	2771913695	1	MomPov.E383.Breeann.XXX.720p.MP4-KTR
e03c9b20b53e660e7c7cb36174a16b4160269a1c	411042037	13	im520@SIS001@MIDD-717
e08d3430bc3120ea61dba26dbfd7e04ac231c6a1	1406782837	1	26.zip
e1cbf4b97af60fc5c618f62d50a934cf2ad6c992	3493531076	73	Naruto_Shippuden_Clash_Ninja_Revolution_3_USA_WII-Scrub-DiiTOX
e13b15ad9f4c3105724b112ec7f5a0a067f365db	332166268	1	乡村爱情13第2集.mp4
e2b454bf8b88dee3f0fa4d26ad245a4f4d62c288	22541073	2	Microsoft Office 2016 Pro Plus v16.0 VL September 2020 x86x64
e225ae154eb4374a36e54c91fb962453dcac8cb4	18634429452	29	Video
e30cd595b6dbd17dc2d7e3076589aabc4ad9d882	4659589113	1	过年精品系列.zip
e44ca458a6b89885ed7a2a699021118020eea93e	1115160667	11	娜塔莉亚罗斯骑巨大的公鸡
e43a28e466b1e23d94b03476e4e78d0e5a110d51	652751167	3	Ass-Capades
e4b94a217e23ea10203726270ef550bda6889851	1585947121	1	Desierto.2015.SWESUB.720p.BluRay.x264-FiLMANTA
e4533c66f60ece71d82c103b5f22b8567f4ebbef	658837508	1	BC-153伪娘.mpg
e50bc7608eb692f9f1ec67149417896cccdf78a0	424492694	3	MDS579
e510553ad81ab7781c79da9bf726070aaf8086a1	1032117273	3	3Below.Tales.of.Arcadia.S01E11.1080p.WEB.X264-INFLATE[rarbg]
e584ed0eb90e000c6120a7a1f76e1a047d1d1eee	364166823	17	2006 Dropsonde {Touch TO 66 CD}
e6228a0509698f6f8710f06c1c69ca4d0428ac11	121422865	11	Devil Empire - Inside Infernal Anthropy Thrones (2019)
e69b2db9b805bef48632c8cfc8a2c115a41d6532	13143671328	14	[whimmux] Rio -Rainbow Gate!- (BD 1920x1080 H.264 AAC)
e6f7a9377b824f3f6a09174b9575ec02a5e1c449	111860705	19	Closed Room - 2012 - Closed Room
e66fb313affac9c1a2a1dfd92e8f3b07b3831baa	2022958309	3	어서와 한국은 처음이지 시즌2.E144.210204.720p
e66fae8cd790e03d50f3cdeffcf7cd42b52824bd	7466559	27	Amazing Set of Fantasy Places 3D HD Wallpaper (Set - 2) ~~~AbhinavRocks
e65038b1e85468b243bd9e7818087d10d8542fd9	1307607552	21	【121yyy】全裸保育園
e762b3fe3d777d6781eae3d196f7aaea3505a602	439490023	3	Mark.s.head.bobbers.and.hand.jobbers.Britney.Amber.Britney.s.oral.creampie
e765f1a77902b83d3c3e191ff4028a36cca14cc1	7219235	1	Pc Hacking Software 
e717514b94b69991395c169fea4dd660858893c2	35409438522	124	Rocco Animal Trainer
e8b195e0e25bc95b4a39a440387fd8b34c15e916	1309116702	64	SW215C
e8ca34cf744be43f9ae6f70716a127bcc925e819	1008232201	3	Once.Upon.a.Time.in.Wonderland.S01E10.720p.HDTV.X264-DIMENSION[rarbg]
e8fb709b61ef549c86c76ce5da61e99f605a522d	106741403121	81	Black Clover 1080p
e8dfd8fbca5656020229bae35ae04d9c7d3a7752	734587218	3	冷月无声@草榴社区@Wicked经典剧情片-最后呼叫(Alektra Blue,Tori Black出演)
e82208e391546583cc9ad87a61006ac499f14ddc	418632517	14	精品区华裔纹身黑二代朱大少啪啪超高颜值女神级妹子冰冰先射后背第二发再颜射
e99fdecb8a8e53a5008496461dc613672e15aefb	653802957	1	Cathy Heaven (Anal for my Mistress - 14.06.16) (540p).mp4
eac63c59f488ca036f302b0e4b431b13375c373a	1197807669	3	이젠 한편으로 끝내자 국산녀 소장용 총집합
ea924887315a67a9c5f4fcc73f624ecc7bdfd6ca	744599146	4	Hella.Crazy.2008.DVDRip.XviD-aAF [TGx]
eb86cec622998c9fa72a160663928b956788c49a	2866623541	1	assparade.18.02.19.alicia.star.mp4
eb0daa62cffb5889272a36d5a2bd65355cbe17ae	1491268623	3	冷月无声@草榴社区@以喷潮闻名的捷克美女Dasha【第二季】
ed92938157db4bfc5f4acfd9121b47286524d45b	2911918650	1	Juelz Ventura - Dr Juelz The Naughty Professor HD 720p
ed6bca23ca7678d50090112a86e769ef7e54988a	109093847106	271	7645327402654875641
eda99f90a221c88a76af1d130a1c43d89314448e	4237854304	12	Greatest.Hits.Of.The.70's.&.80's.1991.NTSC.DVD.DISC1-kakadu80
ed5458386514df9bb8d049775fc1452f743e6a91	1201618121	3	OBA-326
eda5db342bd5cad2241186e7b51ed7dd540385ab	4332936971	20	Pes.S05.by.mjjhec
edf0c93f7f450af1862e14ba404a58e83ce847c3	22541072	2	WinZip Pro 21.0 Build 12288 Final x32x64 + Serial Key - Cracking
edc15b4a757632c37a2c368e5dc0fdeb8529afe8	13648421097	9	초면에 사랑합니다 The.Secret.Life.of.My.Secretary.S01.Part1.1080p.NF.WEBRip.AAC2.0.x264-LeON
ed1a346bf916d9d7ed44f47d9b76e444204a63ec	2685051793	1	Ass Parade Kendra Lust Fucks Her Friends Brother.mp4
edaeea078d3305d2de2d4d8a46c68acb49a597f9	84624899	3	almezoryAE.CoM-16262208_201610
ee08114a19407e401be797e454a2152379949a18	1388494101	30	MCSR230
eeb2a08d2b204ce8545f4f92fe0c8cbafd62e048	953053677	23	VDD-075C
f00007cb0fb5210bf14440aa8cbc895bfe736a00	2437317518	27	152EKO-093.HD
f078deadbf017aeb7758d04c5caf1ab8d3bbe1a0	461189725	2	MassageRooms - Lucy Li - George-on Lucy Li wmv sd
f0ac68cdc849794b1a1b97d34b172f68123077a3	31379359513	168	知乎公考
f0d1e5f761c96157b2b65f92c8cc577e43ebebc7	3260515536	5	12
f1095d7b524e446569e9bbc26ce623acad98198d	576765952	1	Nancy.Drew.2019.s01e03.WEBDLRip.NewStudio.TV.avi
f1a20a0a9fa6341d66992c7e9ea5b36644253dbc	3637274714	1	雪国列车.Snowpiercer.S02E04.1080p.AMZN.WEB-DL.无水印中英双字.7meiju.mp4
f198fb9160ccb5a126a25560fa06e2d4c5d2dec4	732305417	1	The.Bodyguard.German.2004.DVDSCR.XViD-UMF.rar
f171573c00642e4e19e1659076a5a5431b8d08ce	1383715864	1	Кутилы (1965) AVC.mkv
f2673674ad45b9568a7ca8fb4bac8511cdd09d09	1892320911	4	[44x.me]ZUKO-127-C
f2acae6d1d792ac47002935ea150dd9e3fe36f0f	1634166341	10	olo@SIS001@1213-精品合集-09
f2c64f5d2b4d531e430ac56f984632339e9384b6	416805276	17	Madelin Zero - Dirty Purple [FLAC]
f2a55a817dbaabd25714c8976c044644fab8c8c5	22541073	2	Need.For.Speed.Rivals.Digital.Deluxe.Edition.Repack-z10yded
f3e125166cb23eaf2f7c4ba9268c41f979c37336	1490846423	1	犯罪现场：赛西尔酒店失踪事件03.mp4
f3542db8eb9724142464268c6fffd3b193be5e70	253176587	1	seducedbyacougar.17.05.11.julia.ann[et].MP4.mp4
f3f3b581920abc228d7dbf643e2544458f622f80	626390072	27	Moonbound - Collection (2011-2017) WEB
f31f3e1a395a9e993927d685d7b6630a5cbf98ab	2425880588	5	HD-pkpd-012
f3bfa59e8bda1bbd77ff308cdf13d808b6abd9b1	209675712	1	last.comic.standing.s09e07.the.showdowns.hdtv.x264-w4f.mp4
f4448b676e8335e9496a9168abf6f9500e17702d	22541054	2	Adobe Reader XI 11.0.10 {Latest Version} {PDF Reader} [UJ]
f4f47ab5b6c9257c60112b1a829ad1f09393b842	1275404643	1	0715-近期国内扫黄严打和几个老铁组团到边境县城红灯区找姐到旅馆群P没给小姐小费临走被骂了
f470968037b30a045a686ce451f8f7eb63ea2e95	573925699	61	VA - The Deep Sound Of Ibiza
f474f6e4dafc7b153d0255adff621932263e01a7	3705444584	5	Struggle_With_Sin
f431d83bf4bd239b0dce978b4ae1b80a7684cdb4	1446496458	2	HUNT-356 AVI
f4b806ef670c6788983219d3a834c53bbdcd19e1	865141248	17	摘心客@MDYD-810美脚黑丝女教师 南纱穗
f5a7c3311e7999e76f898e7dc440caac91070963	565968992	303	红馆51hg.me]-萝莉黑丝制服诱惑[5V508MB]
f5f204dc76d3bf9c759b766f49e8145767d853ca	573758002	6	7
f570b9144569b2d3d6b3bd7b9c26014a64e77bdd	74800473	1	YamadaKun To 7Nin No Majo v26.rar
f55b8c7d28d22e1d4d1f215b2d1695f8098abdf3	7045147855	7	杀人回忆
f6ef2496f48aa0c4c387be132b0f0d22d0ee1f14	2005711358	2	SCOP-083
f626b3bc3c78db3acdbc3a09cd019e09d17e101e	1813798912	1	Rough.Night.2017.BDRip.Isl.Texti.avi
f6c88e7758cb5a53734c2409019a173ec3280e46	1038999103	5	【ses23.com】babes_bg_coco_de_mal_th100814_1080p
f6662893a91335d5f4fa41002b5f645167606870	1437868372	2	Monster.Hunter.2021.HDRip.XviD.AC3-EVO
f6afed71a31a90fb8742c39f0584ebb512cf5f8c	1951988648	1	024_3xplanet_gachinco_gachi878.mp4
f637bd1b3b29c640923ae756bc6646a1c6a7b8fe	3611401290	24	Fate.The.Winx.Saga
f75e29164489ab8f76b4f668ab3e7b8feabbef06	4952644760	641	Cocteau Twins (1982-2005) 320kbps
f762eea5f7fa625cfac257a89c3dee24d9d8814e	22541073	2	Euro Truck Simulator 2 [v 1 38 1 12s + DLC] RePack from xatab
f72db0061334de5013bccf156e5d86223676caf5	3454340385	2	BigButtsLikeItBig - Rose Monroe (Cocko de Mayo) NEW 06 May 2014 1080p
f70585ec797cfdf8b2383d66993bbbf36d3a8df7	154281317	1	九重 りん (Dome).zip
f8322d40fa9fab0730d74fa28c2f6f263078d258	193524250	13	I-Y
f84559f48c525d60d74e94692478180b84919a6d	1471082496	1	Walk The Line 2005 MUTI DVDRip XviD.avi
f8e3a13848412042ab13a6d661d9d28288a5639a	1768286741	9	第一會所新片@SIS001@(Pacopacomama)(061413_927)雰囲気が壇〇の人妻との青姦_中西美里
f8e87e775378d7b610aac7a01b6ecdfbae508dbe	1823702855	107	Y2021-02-17-01
f8a5f69b617b1f5681f5acbd20fdc535cf3ad0c2	979947904	3	IAmEighteen.15.09.29.Jenna.Reid.XXX.1080p.MP4-KTR
f8383e6b82e4388d559c91f8a1c4a4efd0e013ea	2869532978	1	The.Place.Beyond.The.Pines.2012.1080p.BluRay.Por.FKMETAL333-www.anterux.com.mp4
f875c17981e4f48549b19732950471e9cfcba9eb	945383142	44	0322beb115
f9c885f7ee757511756158d6b5461f1179cb7f2d	5025538551	3	光阴的故事.In.Our.Time.1982.BD720P.国语中字.BTDX8
f9c841f4546b00938076e2e2d26ccaf08ca75785	910382018	1	www.ds74.xyz 骚女欠高利贷无力偿还甘愿当性奴隶服侍男主女主变态有钱夫妻各种SM调教对白粗口下流淫荡1080P原版
f905fcfcf9912216c77a8d3c0234dc716ef0879e	931593714	1	50.zip
f9a20715ca89bb4a6bba716da0b51e13faa101f1	25028787150	123	Throat Gaggers [TNC - Pr[o]n Mania Group - OZzzik]
f93a699fff4b8c6038651ccf31c92c95bbbbc5f2	305577984	1	Кунсткамера.Инвентаризация Вселенной.2014.SATRip.Files-х.avi
fafe9ca1c614192c9310f6335f69c8f1662a869f	563923546	65	网红开直播自慰吸引大批观众点阅自慰潮吹到喷水
fa1ba7cc1eed2c013218be94609cac097f39a8bc	345499386	13	午夜之恋一站式成人APP超舒服的追击口交2次射精吞精 蕾
fa2bb25c1fbd061e5086892d3d888949c92621f6	827495	1	Ingrid Betancourt - No Hay Silencio Que No Termine
fb6411b4f0af9e378ab8f07322b87a59f985ed1a	260777617	7	Road - Road (1972) [APE]
fb2dd43a77d0e8afe674fc87ed1a7707fc228b20	830380761	5	熟っ子倶楽部 本物素人---長畑瑠美子
fb5281ef7625623ee413517185dff90c0a6ef658	10962665236	43	CAPPV-110813_701-FHD
fb10eaef6db156192a9785690431bfa330d30e74	22541073	2	Adobe Acrobat Pro DC 2020.012.20043 - Old MethodSee Description
fbcfae2bf765dec0310ce2c7d3310b45585c4dbd	1831862645	9	rsb@www.sexinsex.net@Wキャスト 初中出し×ダブル失禁×レズ乱交！！ 雨音レイラ 星アンジェ
fb20ee3419202d95f9268dddfb568e4ebc8663d7	3591374897	122	Slipknot ALAC
fce08a905596d335e9a71bee1f53bff332c97c49	596330897	1	正青春第36集.mp4
fd44d380204180a6aa3978d750b76bdfbbc45f02	265059863	10	年轻漂亮女网友被后入快速抽插 2部
fdb9bd7a00c56e874775eb3a5d793808ce57a12d	367347921	1	国模 小宇极品私拍高清视频
fd8c45adf05c0f25cd9d87d9c50b7c1e24547c69	6510566898	7	第一會所新片@SIS001@FC2-PPV-1675277-1
fdf7b13a14dc8efdc83da66d998ff7d1a7df2892	6632976672	17	Collar_de_Esmeraldas_68-84
fdcbb584974f2e6b32e00b8abb46a5606ccb20d8	175177146	1	15.zip
fd678ad10a29a4a73bcb90197663fca88dde19f1	1032024601	39	Extreme Ladyboys
fd61999ef9fdd5804b128efe1ac5b8e36044c0f7	1268981501	50	MEYD064AVI
fefb2868d38118107804484972e7b1db6a521070	1309343489	7	KCDA023 R30 GlamorousSEX
fe6f2fd92b7c0f0fff6ff87c3e4e57c98fe0ac72	398426232	2	[DOKS-294] いきなりイラマチオされちゃった私
fed726bcdb763a2da59c83e205a2d60fd247bdb9	613277265	1007	2019101263
fefd106627f3038c571aa97cbf6bb6ebe2a825cf	3702625241	31	hjd2048.com_190223黑社会纹身女老大貌美身材正点剧里让各种男人操 -7
ffaaf8986fa8afbbeba4f157803d813341ba6fe6	758480370	647	MET ART
