008e419e2d684dfdfdccdaed281dbcd70930c569	54412264	1	这女主播也太没底线了大白天在公园勾搭个饥渴小哥在路边凳子上搞不时有路人经过
02d48dfdd66c4401e1db48bb48fd0517bdb3354a	1177081848	4	SexWorld.1978.Theatrical.720p.BluRay.H264.AAC-RARBG
03458a0c7b00b19f546a70ab672611b93d695286	1179920413	1	【猛狼出击】新晋探花，风骚小少妇，69啪啪姿势繁多，角度专业体力过人潜力大神干得妹子直求饶
05ecad5d91f827cd14f5e7bba66b606cb7aecb08	28596023	1	“好深好舒服啊插到肚子里了”极品娇小骚女小蛮腰大屁股各种激情互搞极限倒挂金钩爆操到高潮突然来电话了对白淫荡
05bd358ce37ca711d4982af05a2d692c10a5a670	1290221132	30	mypq.xyz-ESK291C
063cf7769d91bf4d817071cbd6e11e042004d21e	28592351	1	精选全网高清作品系列19：puppydog紧身牛仔裤健身美女私教极品身材淫语叫床高清完整版
06ebc783498cbda4614dbeaf58209b1de1fab667	67263409	1	秀人网金牌摄影师果哥出品-极品爆乳女神王俪丁之白色高压宝宝 爆乳丰臀Q弹特欠操 淫惑挑逗 高清1080P完整版
068c11c03ff8b5b05f701f56d1602267c88fd1f9	330444455	2	缠绵雨溪QQ高清语音诱惑和全裸露穴特写收费视频
07a817116de9ec64db25140f561bf6c63a77f6be	530141978	1	嫖妓达人夜晚闲逛城中村发现个女神级棒球帽气质美女,经过商谈300元屋内啪啪,上衣还没来得及脱就插进去干了!
09eb31f7740db03576a8c419a1a8833575117834	60001256	1	猛男草翘臀美女 实力征服 叫声可撸
092f937210530e4b81c504269906cad1960f9839	73995745	1	竹林深处，是偷情幽会最佳地点。每次来这她都很兴奋，直接说要
0a595c8c02ef8302a3ccb6a5d93462e6c6fd41d5	31149791	1	新晋实力探花〖大王叫我来寻花〗重金约操172CM极品平面嫩模 36C美乳 玩穴专家 玩操妹纸高潮浪叫 高清源码录制
0bd26aa88c5aafaa93b00296822992010a570100	35309616	1	颜值女神性感小锅巴全程露脸大秀连播两场，身材完美有气质大奶子晃的眼晕精彩电臀，骚逼很粉就等大鸡巴
0c4bc059f31289113777ca01e59a1a638aa89413	32349719	1	00后软萌小萝莉约小帅哥啪啪，身材娇小玲珑有致，粉嫩酥胸鲍鱼水多冒白浆，啪啪完不满足还要再自慰才行
0d0d2e8efc1e79ba73324e2fce873d0ebc9dcde2	283760771	16	Beethoven - Piano Sonatas 18-22 (Maria Grinberg) [flac]
0ee1d9c0a9544d987c597aa475f74080491250e9	22881410	1	露脸3p 女友闺蜜一起插，女友在拍摄！第二部
0f544a70cdfc3f88189756a58f2563f201ca116d	146728211	2	PlumperPass.21.05.05.Heather.Jana.Head.With.Heather.XXX.1080p.HEVC.x265.PRT
0fed5738cf051c85da80f21503b05d1507b7ac91	19275543	1	御姐范魔鬼身材性感外围美女酒店高价服务土豪男,见男的鸡巴太粗大自己一个人不行让男的加钱把闺蜜叫来一起干,国语!!
0f06aedb1094cec1c41b46aa88f23aceb4e8f8aa	33338091	1	漂亮性感御姐却沦为性奴小母狗各种调教冒险淫荡
1085797795b3bec58cdd3303176b763162cf368b	440498707	1	周静香美女 在韩国找到知音天天被后入 先被挑逗 然后变着花样草
1126a28c8581c8741662418b339dea8349be7e5b	27172449	1	性感眼镜御姐热舞自慰大秀，脱衣舞椅子翘屁股道具假屌抽插非常诱人
11d3f43a885e4129d0f4b735f6b547ca54985590	22351137	1	韩国女主播各种骚浪诱惑，情趣高跟，奶头特写，屁股非常翘
12fd2d3d998fde862e5199b3db065679ab8f8f7b	5834337067	6	ipx-659
1203c03f5a08a6405f5d173758dd5a13a2da4095	169056538	2	Luckslinger [NSZ]
1450b8623abccb7915535e0c7e876729d6e30496	37037961	1	【全国夜色寻欢】一哥约操漂亮外围小萝莉，清新可爱沙发口交，粉嫩乖萌激情啪啪
14dae0192c5cf5ba427eb55d2d94b9fe09671ba8	222440780	2	【泰国特色夜秀】超刺激群P性战两混血猛男VS极品美乳女神凤凰姐妹花排排操轮轮操震撼
14fd170f652ccd5d9c1ac82546560a713dc8a3a9	29376362	1	非常激情的小两口露脸造爱自拍第一次见过这么骚的妹子亮点是妹子的淫语和高潮时的状态对白超级淫荡完整版
16aca81ea67ebfe9b438798707d4681704b6c138	28413429	1	女神级美女身材极致诱人 颜值好奶子嫩 各种姿势表情销魂
1863bfccdbd116369e889cd8c38de53b39377d49	1092161307	3	MasterChef.Australia.S13E18.720p.HDTV.x264-ORENJI
1a19e7648f947977383566fa9610514f38a1821b	23423284	1	有点婴儿肥的可爱卡哇伊萌妹子大胆裸聊 真会诱惑勾引男人
1a18605f1b18ba3f0bd11d81cc009b5bc9c5dc4c	503032597	30	Getting Started with Arduino Web Editor
1adf311e626daa656387b74a220db2dd3cc89053	24788141	1	约炮极品良家小少妇，这粉嫩的无毛馒头穴，大长腿高跟，风骚尤物，身材太棒了让人看了就想犯罪
1a9d4820e8f60e850f8927c6c99dd7749ac75480	810475581	2	FakeTaxi.21.05.12.Marilyn.Sugar.XXX.1080p.MP4-WRB[XvX]
1af5687c443d383167f1253733e48132d7c08cb5	44171420	1	国内大神strawberry性爱日记 偶遇的D奶气质瑜伽教练 可儿 22岁
1b28d5a4863bd5e4fca4e1f76a9c78ac1c794b6a	35887488	1	骚气丰满妹子浴室地上多种道具换着用跳蛋按摩器自慰大秀
1b64ddcc0102ba9310447a57ebbf2e7233a0e780	22416347	1	颜值不错美少妇 激情自慰插穴大秀 淫荡
1c52050e1f2cf26e4b50fca6f9ead2af2a67521e	79078297	1	高校一对眼镜斯文大学生情侣套房造爱把沙发推一边腾出地方干搞的很疯狂抱起眼镜妹干的她尖叫
1c7cce20ca50e053b378c2670c440b84e86e2493	31568511	1	新手黑娃探花哥们陪同酒店网约大学生兼职援交妹屁股又肥又翘他俩在床上激情缠绵哥们在另一个床观战
202c71f0a70dc782c4cb105b543e5c79c694f8e4	2095279693	4	TeamSkeetXAveryBlack.21.05.11.Avery.Black.Thrown.Into.Temptation.XXX.1080p.MP4-WRB[rarbg]
2197e0ba6d69d2e557d02329ae35b82d74d46463	202892666	1	迷奸骨感美女黑丝背插内射,眼睛刘未流出作品
23abf96b0dc8d734f307f9da0f16deb61d14547f	192288439	1	嫖妓达人城区外小按摩房泄火丰腴成熟阿姨丰乳肥臀性经验丰富先吹再搞爆操阿姨饥渴呻吟说宝贝快点给我
23b096488bef5b732e706c6d8603f226516d3f9c	22881849	1	酒吧门口又捡到死鱼一枚！！！强行拖到楼梯间慢慢玩 最后还射她一身 反正也不会有人知道
23b487c92f50b854778cbf400bf4f6384a504df4	289522947	1	扣穴洗浴穿 黑丝睡衣展示形貌
24ea167bc49af31ae5b8ed5bdab39397df23c2cc	38940613	1	极品高颜值女神 臀部丰满圆润 胸部大又挺 漏奶抠逼
251206dbbdd00b18586bdc6d393c71ce6198fa1d	23632086	1	颜值不错气质眼镜少妇道具自慰 脱下牛仔裤近距离跳蛋震动逼逼非常诱人
254e0d2e6f4d248f1b882eb3ea572da9fc9ebe59	84818238	1	一路向西伟哥小区搭讪个戴眼镜的白领兼职站街女自称是个速记员带上楼顶出租屋吃快餐
27511205f21c81cd3651bea6b775af800d5bf040	284917962	11	Jefferson Airplane - 1966-11-25 - Fillmore Auditorium, San Francisco, SBD [Flac]
270d37f1dccb86b6befd7407ee90ac8bc64a1877	22045376	1	中医养生之道会馆暗藏玄机制服眼镜美女医师搞起生理特殊项目推油口嗨毒龙啪啪啪爽得不得了国语对白
29414047a321cb55476b75ff8011a47dcc952a49	33009968	1	野狼出击约炮好骚的良家，边说话就扒光了，深喉口交69舔逼又亲嘴又吃奶子还让抠逼，沙发上各种爆草抽插干射
2ae1c29d1d151d2e7a37c6aa29e3361e09a6837a	29909311	1	午夜寻花第二场丰满身材大奶妹，撩起衣服吸奶上位骑乘猛操晃动奶子
2bb489424abed063f3883ef84c4262d5e50ea0dc	32971576	1	36F黑色高跟巨乳美少妇沙发上调情抠逼后床上激烈爆插,女上位骑在鸡巴上差点把她干翻过去,呻吟浪叫.国语!
2ce78bf3ccc5896e0201e8d4cf803e4244c2d709	55604863	1	耐艹的大奶美女露脸 撅肥臀等待大J8后入
2cb8fd041684b5089a1d8ab50a27d482b1140792	381994270	1	精品视讯系列-极品美女主播各种诱惑大尺度大秀喜欢的不要错过
2d1e5c607ead1e9301d957d4e2bd52545084d044	48267043	1	66仟宝宝-极品高品质美女和热门无内一字马小妞同室
2d81279783c5fcefebbdf3d3d3bbbe31e48936da	26130825146	11	The.Fall.S02.ITA.ENG.1080p.Bluray.Mux.DD5.1.x264-Mirkoianni
2f98c78a4d53cfa11060e12a9e8a55ae96f24f18	47851556	1	三河推油超爽的一次，被一个黑丝少妇玩转鸡巴 撸得蛋蛋龟头都太爽了，黑丝美女的手好好看！
2f5c5867087b7913c731c50bfa5f0aee6da328a7	43033605	1	高颜值白皙苗条嫩乳翘臀妹子居家发骚扭动勾引狼友淫语对白
2f980f60ef9b87885f6a49d7e8c456e2d462e7b0	42316286	1	帅气大表哥居家爆艹大姑家女儿小表妹,主动扭着屁股等待大丁丁进入,臊的不行
2f7c3d88f607a3bb78467b0d087c81b12e31eee3	133583958	1	我没想你在我心里 骚逼被情人啪啪抠着 嘴上跟老公肉麻话随口就来 男子都在偷笑 还真能憋住 可怕
2fc206201a25685d9371b3a84c3b157cfd1ff5ea	35287479	1	高颜值性感学妹白虎嫩逼诱惑 肥美多汁好敏感 无套内射
3035b63eea950df22b6d7439029173e8f5434c89	32629354	1	【铁鸡巴探花】约了个颜值不错白衣少妇，换上情趣制服口交上位骑乘抽插
3175cf07c4a42548239d9b1081bb4d4f71375898	273821605	2	蜜炖雪梨汁白皙红唇粉嫩美乳妹子自慰，脱掉内裤玩弄粉穴翘起屁股浴室洗澡
315acd81c7354b577e9361a1ee39d55cfa3af0dc	36410627	1	《女性私密保健养生会所》男技师给老公无法满足30如狼的欲姐少妇推油抠逼爽到抓着哥的手不放
3185f779bed8379ae2c553a1fb1dd91e39ddf0e4	63716794	1	漂亮少妇震动棒自慰秀 自慰前骚情扭动很淫荡
32bbfd9cc8677ae57d7b95c9a407de2c33db0471	84263301	1	【2019真实灌醉】【国内精品原创】175长腿模特被灌醉啪啪玩脚作者全程解说
32f0ba44f21c9cbe755e0f2ef9d45b905819c2e6	29111672	1	极品身材妹子直播风油精涂逼再用茄子自慰 爽的喷尿 这小B太嫩了 听呻吟声都硬了
330962da52bbcbde6275c19c538369046056c48d	919156317	3	Deathcheaters (1976) [720p] [WEBRip] [YTS.MX]
33dc81a0792755cbfdf9e6ceea4006da3a8db0d5	14318299020	9	The.Flash.S07.720p.Ultradox
3433fcfbb7a6247695dd12739d292533b38a4985	26963935	1	172CM女神级无毛性感外围女酒店被帅小伙各种高难度动作插的直流泪,男的在后面插她在前面哭,人美逼紧.国语!
36d852a91f187c5478e9fcc54b0230c26110c181	41203351	1	大连继续操大奶子情人第六部露脸
363ba94999edaea77f1c56b718113e9736ed5fa0	37761356	1	丰满身材骚气女主播地上翘着屁股跳弹道具自慰 粉色肥B高潮出水很是诱惑不要错过
37cce64243139bc69bcdb7d96aa42747000fced5	47519244	1	台湾SWAG『琳琳』剧情网美空姐艳遇已婚男 老婆电话查岗 舌吻舔穴丝袜任你扯破插入
3774f466d36ae9bfa0d4ce5fbacc0557224b5edb	39217424	1	韩国版裸贷韩国极品美女自拍69位全集
37b86b7a932580dcf534eceb64fd53d7da9ac5df	48967531	1	身材不错的00后舞蹈生和男友玩刺激 滴蜡SM爽的高潮浪叫 黑丝高跟玩出性爱新高潮 无套抽插吞精中出 高清源码录制
39abe6789db6008a72e6342b0f397fdfa5b0ce7d	27822304	1	下班前把女下属拉倒会客间一顿猛操 外面还有同事小骚货开始不敢叫后来艹起兴了也忍不住了
39161611e0de0428392048df0fd6dde8d4224c8d	41730452	1	闺蜜来访照样不耽误直开播刮阴毛,刮完后说感觉后悔了,没有毛看着好丑
39475b840d66c29f3e3b9b27b96d0e1a70bc6d91	5178907440	2	Челси - Арсенал
3a556d54ed11c1abe4c9731baa961fdb19ffb301	51745310	1	【萝莉和御姐姐妹花双人】身材极品细腰丰乳翘臀，真鸡巴插不够戴上假阳具后入，呻吟给力场景淫靡刺激
3a63df0e483d7a791a884a624351ccf420947f27	110480886	1	PR社网红女神私人玩物—家政服务大长腿黑高跟白嫩美乳
3a73f88564dc840f2b2068a43444ca57552466d3	33983512	1	【七天会所选妃】一下午两场，第二场双飞，偷拍选妃全程，美女来回换花式啪啪，高清源码录制
3bc3a71a15dbe0026f1d1f666c7eb95fefb54a9e	58077474	1	台湾女神比微博网红还美还清纯的女神级别大美女 女生说话声音超嗲超温柔 听了身体都软掉了 唱歌居然还很好
3b5367fc97d5050b3e5d3e1c515b361df210b0cf	319362329	4	[160527] [アパタイト] 熟れたカラダは僕専用 ～求め合うサドマゾヒズム～
3b8bf34e006e5c9bdb36295a9c415c7a0138dad2	38286136	1	城中村出租屋近距离偷窥打工妹子洗澡忍不住要撸一发
3c505c9f3da27ed1092898e29aa537486f82a209	22506626	1	蓝总寻爱按摩店玩弄女技师，大奶子真诱人享受技师的胸推漫游服务，口交毒龙啥都有主动上位求插，多体位蹂躏
3c89c3f86c5b14fbe0785acb8465068922910931	21330745	1	文轩探花壹屌上场高颜值大长腿妹子休息下聊聊天来第二炮，舔弄口交双腿肩上扛大力猛操上位骑坐
3da1b1527656bcbad9073debf3a1707cbbde973c	80137480	1	操哥精品大片-商务宴会上勾搭的意大利173CM名模Caterin,性欲旺盛先用道具插高潮后再狠狠操!1080P高清版!
3dc6f552d16e8869c18508e284906f995bd38f9f	44138479	1	【网曝门事件】网传台湾高学历网红美女警察局门口露穴上新闻 与男友性爱视频流出
3d966e25686d16dbc97465d09dc9b9cf11a1d5fd	157960216	1	Gerard Vermilio - Daddy Forbidden Taboo Sex Stories Collection
3e4e485362ca3279bdc61c8096ddb00ac6bad12c	27250568	1	【全国探花】约刚刚毕业的入行女大学生,嫩的不行还害羞呢
3eb449c8277053c10058c37e3134908e807c7994	98235720	1	外站最新购买棒子嫖妓偷拍达人金先生寓所约嫖逼逼刮得很干净的极品兼职空姐4K高清无水印原版
3e8819d8322ad3fcef9d501105c25268b6079fd6	15487174	1	大学城附近钟点房高清大床偷拍好菜让猪啃了光头胖哥开房糟蹋身材苗条的美女
3e063a3368f6f895bbc4f04b50ecbc320c52cbe4	67081051	1	精品美女写真人体最新从从从从鸾 - 囚笼少女
3fd5786e82e1ec7a501c6f82ae2e7262eb5cd95a	1728578896	1	恋夜网红女神潘金莲镜头前摸奶抠穴自慰大秀 清晰对白
40d2687cef3cb4895b50cd2888e915db28d61c22	27285569	1	狂野小骚猫户外跟大哥激情啪啪，在地上铺哥床单开整口交大鸡巴，让大哥吃奶子压在身下暴力抽插，浪荡呻吟
40f83049ab7d77e524d95a94643ad76e05e61dd9	39253403	1	高颜值妹子兔女郎装扮开档黑丝 道具JJ口交滴蜡抽插自慰逼逼无毛
40eee0c2afa31e9305092b806e11f77fc5408ee7	7039868247	4	hodv-21572ch
41b57234b694c2ba728d234dec6433f1d6ac0126	134634542	1	推特网红美少女『草莓味的软糖呀』2月作品-白色诱惑之透明蕾丝情趣内衣74P1V
422c78bf9e33224e2e09220b086644fd0495897f	57205459	1	果贷美女特别版身材微胖奶子大的妹子夏文雪为了借款在胸前写上各种淫贱文字
42b98bf901c35f88bff00f33b5c28e8e37d58d85	33444477	1	颜值不错御姐主播直播大秀 激情口交啪啪
43ad01fa2a958186d561f53307ddc99b4715172f	33498997	1	约炮同校的大二漂亮女孩宾馆内淫乱打炮极品白嫩身材仙桃般的奶子好诱人按耐不住举起修长的美腿壹插到底
4351594096e4042c348b0a7450381bc9b2b9b9f8	393841136	1	PANS美女嫩模木木罕见大胆私拍2V身材完美奶子又大又坚挺又饱满弹性十足一线天馒头B流出的白色分泌物让人兴奋1
442ff449b6f7699bae99749dc1f69ef16b39ca32	30512285	1	工地打工妹在线打假,展示什么才是真正的B水,真的才会拉丝,不停的拍打臊茓
47db3ac75cf3836225e56e43c3cd6307e8211a60	65437266	1	真实摄像高级酒吧内淫乱表演和客人互动 场面有点混乱也够淫荡刺激的
47a92f660a1576866cf420cfc89bc170d2bf7d6b	37402662	1	跑车福利の超高颜值的清纯御姐蓝心mni直播福利+微信福利33V合集
4975dd3c7bbe5fa731f938d20876a6193301fe66	26690388	1	【全国探花】第二场约了个白衣少妇TP啪啪，口交骑乘后入猛操呻吟娇喘
49f99b85db03ee0d0fd0d8951ba692a1508e09a3	27713846	1	嫖界总瓢把子小马哥和老铁性探访某酒店桑拿会所偷偷放好手机暗拍啪啪制服女技师
4a6c1fed11730caec5d0a84083aa5a660760c899	792230220	3	Taken 2008 English.DVDRip.XViD 3LT0N
4a2e3afca4c62c45d09d71f50fb8faeaba0f10b2	42483716	1	颜值不错大乳晕姐妹花第二弹 互摸互玩SM口球小皮鞭花样多妹妹比较嫩
4ae457368029c7ade103a5f21ed4c8a226fcd7be	176464619	1	老哥找小姐快餐苗条大奶少妇，撸硬直接开搞大力猛操啪啪，
4a664d9650b648b193f14fd1d2a934cb083b2be5	31246722	1	网爆门事件推特社交流出没戴胸罩的学妹和男朋友在教室啪啪对白很有内涵
4a8ef07753e7539269a53461fd49cbcbda1789ec	33053022	1	甜美女裤红绳勒两个大奶特诱人 假机8插逼直冒水
4cfcf232c9b18d0bca9720f543468ce0408fe166	32290875	1	想成为第一AV女优台湾骚女吴梦萌玉米自慰，肉肉身材沙发上特写玉米抽插舔奶
4cf90bab703432be4f7c609d4ddf2afd585b1ac2	25968934	1	美女主播扣穴大奶秀被封号刷了礼物才能加微信
4d7b6656d60dbcaed5726cb5806dde9388696a66	43237181	1	爸爸的小骚货黑丝诱惑，主动上位求插AV棒调情，全程露脸各种姿势爆草抽插表情好骚叫声淫荡，高潮不断
4d1690957d99bfb6e148f7de1f13da93940fead9	39282228	1	酒店调教小妹子淫语调教爆草开档黑丝小骚货 小妹子真赞很骚丝袜也性感都射到后背上
4eb0232ad4de330a0aed83225244a37c19043d6d	957951645	4	AuntJudys.21.05.12.Felicity.Lingerie.And.Robe.Seduction.XXX.1080p.MP4-WRB[rarbg]
4f3d6e06238eaeab7d967722188877db582cf71c	83552799	1	精东影业出品AV剧情新作JD009-爸爸的爱 女儿用身体来慰藉醉酒的父亲 青涩美女雪见 高清原版首发
4ff42705aa5fb5489e1acd83822131fe5acf9ef2	1562089995	6	Far.from.Here.2017.1080p.WEBRip.x265-RARBG
50d4f459035091029bd0096766a6120747fcf169	27431270	5	[Downloadarena.co] - Autotools A Practitioner's Guide to GNU Autoconf, Automake, and Libtool, 2nd Edition
504e430a31b50668d3e6941027e3cb17c329c36f	11999992	1	光头佬酒店皮沙发上爆插白衬衣腼腆害羞良家美少妇,第一次出来偷情还有点害怕,又紧又滑,真是爽,国语!
509fc4aec69bef9c2ecb1e06433c51c48118b3ac	27521032	1	白领女友 黑色厚裤袜 剪开小洞足交做爱
519bdbcefae3b5ee8e5ccc3abff2e17fb49a5e10	17070440601	10	Enlisted 0.1.19.73
55a75a63c3913228da6f5a96d8667f53d7bf8790	6112844526	10	【东京不够热】Oh!My Boss!恋爱放别册 EP01~10
56905cf6d61d60e621fdd77e57ed11f8ddab4acd	369284229	14	Gherzen
576d09b87c8c423ccfe8f14973fffd784f3b602c	42744334	1	颜值不错皮肤很是嫩白光滑御姐美女主播 直播大秀 跳蛋自慰棒 插穴自慰
57307869c4c0b02c1d59301d2b7386deac4e697d	1197017156	1	太子探花极品约了个极品颜值甜美包臀裙妹子，蹲着口交舔弄上位骑乘抽插猛操
57c796362556cffd85a740e68769ff2d0e3de57f	28962714	1	最新『大鸟十八』和日本京都女孩河野玲酱真实互动美乳粉穴 胯下跪舔 极致诱惑 超美女神 高清720P原版收藏
5898242f65af1398fe5c13034c5eb251c0f723f8	26416203	1	年轻小帅哥偷了家里几千块找了个气质女主玩SM男舔女撸吃了一嘴阴液
5aa0b57bf54edc21f2cde121ed9f3fcbe4b39b19	3825639979	4	FamilyStrokes.21.05.13.Mia.Moore.Stepdaddys.Girl.XXX.1080p.MP4-WRB[rarbg]
5a876e445703417cf5817824e28e28061955b95a	269436232	6	StarWarsInIrakVostfr
5a7250d45139b75944f25dec092094fea31c90ca	291646896	2	第二次去人妻家这次允许无套做爱可惜还是不让内射只能射屁股上
5c5b5c35b7cc52794f8948c2dedc18a180def17d	168544281	1	一箭双雕两位白色连衣裙颜值不错的漂亮贪吃妹子,她们吃的欢我拍的欢
5cd135ecffa124ae635df3b28eb3f9dae98898d4	846876559	17	Cherry Pimps - Ashley Lane
5ed93c87d6c04d3769e4567e4c524a84b69a650f	37079053	1	颜值不错大二学生直播 双人激情口交啪啪大秀
5ee6649e8aeecea0927a1b64741330b4d4ac751e	49724426	1	极品肉便器合集，各种野外群P，3洞齐开，内射口爆
5e3d7ff594d333d3213e7d22d46e656c0d92a3ae	22315394	1	小陈头星选约了个苗条身材白色卫衣萌妹啪啪，特写掰穴摸逼口交上位骑乘抱起来猛操
5f405bbbbdb7c9dd17ac35fb1feb52d44e745a35	6001180712	7	Обитель__2020__IPTV__kuzmichm2196
5f8ca8828167b281557f58a284f32f1b1a336069	382005858	4	DadCrush - Maya Woulfe - Persuading Stepdaddy
5f49af562c640cb27a9c7145481256214cddd5ce	26484739	1	皮衣短裙性感外围女酒店援交眼镜男,先玩弄再开操,干了一会没控制住射了,还想再来一炮,时间到了美女不让干了,国语!
607bd66704c84704539abcbad8ade16f9eccf38e	25396696	1	颜值不错白衣少妇自慰摸秀 床上撩起衣服手指摩擦阴蒂自摸逼逼
61b3d740d8476f31845020234fddaa6f7d6e7162	65793297	1	秀人网豪乳级美女凯竹放浪诱惑《迷醉淫浴缸》 咸猪手偷袭美乳 阴毛露出 超清1080P原版无水印
63503d854a32f13633e571d851bf8dd218686c57	787173301	1	身材苗条皮肤也很白皙主播大尺度收费秀 阴毛不多木耳甚是粉嫩
635280bdc6c112c831db2f39f3edb0d11fa8f962	236858896	1	色心哥约炮大奶少妇露脸，干炮前先拉上窗帘，床上激情爆草，床下拽着双手背插呻吟浪叫
63b60362d6bae3b612b411c4a65cde4961835886	242368794	28	DownDirtySupernaturalCleaningServicesBook1-GraveNewWorld (ep7)
6338a6491527ff0bccc5c94b9a1fbc79d748ea8d	35453900	1	白羊第二弹还是那诱惑的声音，完美身材超短裙，骚逼一摸就出水，淫语呻吟不断
63f85ce01ca256bb4f294e98a7b7d36920f164aa	27738814	1	刚结婚的出脸可爱美女主播背着老公玩黄播还给狼粉拿婚纱照看跳骚舞用矿泉水冲逼特别会玩看这BB没少被干国语
64ef8d4b8f2290e0e5d1c18e786c8d874eb7f43a	436335808	1	【全国探花】蓝衣高颜值性感大长腿妹子酒店啪啪，口交上位骑乘苗条身材大力猛操呻吟
64b496470fd66e20995dfc7e79536418f45d984c	16073108	1	小宝寻花19 白衣少妇小宝想亲亲疫情期间请自重，高端外围女神，甜美身材棒，粉嫩美乳激情啪啪
64ce3a4442ccb7dd887969aea41362056f9108cb	2017781115	20	【AI高清2K修复】文轩探花壹屌上场约了个高颜值大长腿妹子啪啪，穿上黑丝情趣装热舞扭动口交摸逼骑坐抬腿侧入猛操
653b393806d94faca4045fe4d799fb337fbe3713	157587892	1	传说骚逼流白浆今天终于长见识了 太多了 也真骚 淫语对白 1080P高清
657da1c6f5dc644547f1014c9dd3d0df8dd255ef	86123114	1	极品骚女友第九部 骚货洗澡的空档都不放过 又要来操逼 要被榨干咯
6514d1c8c78889c0ba0a22bf57b8d0837d0f62f4	6551472624	14	NBA.2021.05.12.New.Orleans.Pelicans.vs.Dallas.Mavericks.720p.WEB.H264-SPLASH
6646010831e9640b97f5234c6450ca3f0d6671d9	54479155	1	极品美少妇人妻风情挡不住欲望冲动作品《狼心不轨高清版》字幕佳作 女的肉肉好身材奶子丰满啪啪刺激给力
67dbcc073beb3c1e3b4ed0a43cd27be73cf9f8ad	51684065	1	网爆门事件两个大学新瓜--郑州师范大一学生蒋小雅开房被对面男宿舍同学围观
678cbd145d3539ca736e8d2af8cc4b5b70d4fcc3	301083904	2	高颜值长相甜美大白美乳妹子露奶露逼诱惑，粉嫩奶头揉搓椅子上掰穴扭动屁股非常诱人
68ce08bfa2c14dc48506c92e141f4f858cbd33b4	16842620	5	Format Factory v5.4.5.1 (x64) Portable Pre-Activated
68f30dfb49651e4dcceb4cee2aeda86433ab97e9	30272145720	22	Resident.Evil.Village.Deluxe.Edition.Steam.Rip-InsaneRamZes
6aa44bb6b084732ce95a71294c13b528d1c613b1	30125575	1	办公室的小姐姐黑丝高跟尤物，工作期间就开始骚后面还有人呢逼里塞个跳弹自慰漏奶子，跑到厕所全裸自慰呻吟续
6a6b04d71dd249f845a3cb3edb30d64d243bd3ff	23848108	1	颜值不错御姐 穿开档丝袜激情自慰插穴
6b154697ade8904affa67a1961c3e870e2b43150	29732447	1	高颜值妹子私人玩物七七吊带网袜诱惑 高跟鞋道具JJ放地上骑坐抽插高潮出白浆
6b61fe4a4bcd0c7824e45580b4c386b74837afff	5291175564	6	C_SI_720_2021
6ef29ff5d4a62ee82d8a2b43701b52950e25d1e3	65474634	1	大四考研母狗宿舍激情自慰 清纯童颜 黑深林茂盛 双马尾渔网丝袜 课桌地板 淫语不断 十分浪骚
6e065acb25e5157e363372fdcd9f535a2c4f22f8	20030912	1	帅小伙酒店重金约啪99年喜欢健身的极品高挑性感美女,纤细美腿,性感翘臀,各种高难度姿势干的嗷嗷大叫.国语!
6f4dd2bf880541eb7759dc97f567d1b0109dda85	43631410	1	【寂寞泛滥的青春】强操骨子里骚劲十足美团小姐姐激情啪啪 后入抽插怼着操 安全期无套直接内射太爽了 高清源码录制
704cf36786dcb56a3c8328b5c824deac037dbe47	4283879920	78	[SOFCJ-Raws] Shaman King (2021) (WEBRip 1920х1080 x264 10bit AAC)
70ee0915f9b0181a479132df90bc424aa4543454	24823444	1	“这么长时间不做爱都不好意思了”让人羡慕的猥琐眼镜胖哥宾馆约炮苗条丸子头小美女阴毛稀疏口活很赞好菜让猪拱
71d44c292bbcca39b349e60b5b135b19c9b1ff12	12455334	1	风骚小情人老公出差到酒店再战小骚货 无套各种姿势大力抽插喷射
71881def01ee2fa21bd686f59bc7a024e12c1d33	193920620	1	美女自拍福利全裸自摸扣逼牛奶灌逼道具自慰不要错过
724b82992c2126a845a2fed8be9445a95a5eb988	10564408	1	上次干逼翻车的帅小伙这次又约了位小跳舞的极品高素质美女啪啪,先跳段艳舞调情,身材好颜值高,各种体位狂干.国语!
7544f22bec916e17e10e082512983be702896464	49929564	1	熊静最完整的迷奸高清无水印版本
750c0d509a178c80e626381e1a563911d98be1d1	923788971	1	【全裸无遮】被束缚侵犯的超大眼制服美少女 速插玩弄极品粉穴连续绝顶高潮好几回 高清私拍97P 超清1080P原版无水印
76517cc766544e41e2a91648b0b927eade20806e	325201735	2	温柔贤惠师大长发美女肉棒吸舔吃的是相当销魂全程主动坐J8上自己边摇边嗲叫非常能叫太诱人1080P
77dc0b60145f681493d15e2e2cad3d86924b4007	210242639	1	偷拍日本小姐姐如厕，很优雅还有音姬，完美露脸
7719b5aefc96aad3b7009c639c4ef4f925516979	63589160	1	女子超市偷东西被抓现场被保安抄身大奶子都露了出来
7776428b07875e0f0c465ca530058ae1985cb48d	15447067	1	商超试衣间盗录三个不同年龄段女人试穿衣物
79493021f4f70a138641919f7f61fb2305cb18b5	289549435	2	小旅店开房典型的好白菜让猪霍霍眼镜大胖子不知用了啥手段把高颜值美乳苗条美女给肏了射完了还给裹鸡巴真性
7a99300e99ab68a8feaf0768412fbab6cba54dd3	5823381370	2	The.Man.From.Kathmandu.2020.1080p.AMZN.WEBRip.DDP5.1.x264-DEDPUL
7bc964f6878bcf403834fb2df7acaaf15262b90f	35144684	1	情趣酒店樱花房摄像头偷拍家里停水出来洗澡的小夫妻顺便给老公打飞机
7c15eb585c0a016856699dfff49bdd75ef9d0260	63819133	1	山间野炮大哥真厉害双飞两个少妇，看着很清纯的良家少妇站着给大哥口交，被大哥抬着腿爆草，两女轮流上位
7c20df9da02f73f5bb7e3e6085bb82507e0fab89	17480665	1	2帅小伙约了位长相甜美性感的小美女公寓3P,说试完活再给钱,被2男一起爆操,干完又干,美女累倒在沙发上还收到钱.国语!
7c04e6b3ca8f3992501793cc99b155f8d32fa9b5	41801694	1	高颜值大白美乳白虎妹子双人啪啪 上位骑乘呻吟跳蛋震动内射非常诱人
7c756db38f898175a76979a18cd217c25e7570ed	1381932565	1	91大神番薯哥逛会所啪啪168cm极品甜美长腿兼职小秘书搞了她几次高潮1080P高清版
7db3faf69ea0a85c88e212c3d8496c1e7dc29b6f	33350476	1	新流出黑客破解家庭网络摄像头骚妇半夜下楼和睡客厅的小叔子在沙发上偷情
7e35d492693b25dc9e54fd86025b1e4ebf47fa23	44709479	1	最新购买网红主播【哥哥别舔那里脏】第二部大尺度私拍啪啪 微信福利视频，奶子挺大，身材很好的颜值主播
7e79e23456135771b5e7e98c3e83206df2ee5838	72353181	1	贵阳极品美少妇趁对象在打牌跑到洗手间开播【小性感】强忍快感心惊肉跳，阳具外挂+狼牙套等于地狱级快感
7e75bb7530a24d214c3cb582f15475627bf76b44	35978430	1	女神！大眼睛非常漂亮，一定好好看精彩不断，经典对白，高清
7e80e8a58bc8bef93a19231d85709ab434a57e63	32858544	1	骚浪少妇自己一个人在家就是嗨，全裸道具自慰呻吟，菊花里塞跳弹AV棒摩擦阴蒂高潮喷水，揉捏大奶子浪叫
7fdc323b1b8eb8d79cb2400122c6a144be4ad208	328121373	6	29
80eda5cc3716c17e31bf5d8eb9097dc3558a2d75	31602318	1	短发极品可爱童顔萌妹姐妹花深夜大迟度秀,身体粉嫩能双飞一次三千也值
80c6a703d103535c86ba309096146c0e44912c9e	24787560	1	极品小粉穴你的猫咪直播大秀 穿着开档网丝 激情口交啪啪
804210b25853f1ef0fffa51d71fab00fb45219ba	723753716	1	短发气质小网红少妇zs卡扣妹妹11.13 直播唠嗑和四眼男啪啪啪 微胖丰满身材 红肚兜太亮眼
81d4546305f56d928d1a25ec7b5def44cfb890c1	21896343	1	广东男酒店1800元约啪年轻漂亮又水嫩的短裙美女啪啪,妹子做的少又紧又敏感碰到个鸡巴又大有能操的,干的呻吟求饶!
834c4a9b2f134db70a7a022df18a194d25958a98	28224141	1	91风流哥最新流出作品-加钱都不让操的气质漂亮按摩技师少妇费了半天功夫好说歹说终于给我口爆了!国语对白!
83cccf3c662c023a195cc8514225dd9334ebff9e	62808397	1	91东京嫩肉-为什么强奸我 蓝色内衣妹子大玩SM逆推倒自己做上面玩射说操得太猛了1080P高清完整版
83ada5fd77ccfe5fd37a9ac45c37e5a67b1f26e1	34277568	1	海南自驾游车震女伴游体位配合的不错
84097c3236ecc65fe8006cd25609b765d475f041	47839991	1	【泰国红灯区】眼镜男约了个颜值不错泰国大奶少妇，按摩扣逼口活不错大力猛操呻吟娇喘
84cca2b8e5cd7f813e726cc8a734d9be076c33e7	48161640	1	91新人pony哥最新超火爆精品大片第三部-玩弄羞涩的高三女孩，颜值控福利，高三暑假为旅游，第一次出来找金主，内心抗拒，却又不得不任我玩弄 ～1080P高清完整版！
852d9a79bff6536ee254b3772fe38aee91a70313	1320206560	2	SouthernSins.21.05.12.Molly.Busty.And.Hairy.XXX.1080p.MP4-WRB[XvX]
87ad6676f6ef8e65be7be81092203ebce7ede3cf	1127658144	4	Ripleys.Game.2002.PROPER.WEBRip.x264-ION10
88a6476b32d40fae4a28535e1728cf180c1ea0c1	43128456	1	新人漂亮嫩妹主播会喷水的美女0112一多啪啪大秀 穿着红肚兜和炮友啪啪 很是淫荡
891fb4c5a6b70c879ff0ce73fad47a4d21c5c40f	43370615	1	洋老外叫了个无毛小嫩鸡 语言不通只能通过肢体语言交流 使劲操B舔B加深了解
89bd1216e508f3976d0991383b0a1c17d3b48725	34557565	1	91大神周末出租屋约炮白嫩的模特女友完整版
89d923f8fb7b9600a32b09e1f849213f63bd5c3d	1813317412	4	Queen.Of.The.South.S05E06.720p.WEB.h264-GOSSIP[rarbg]
8917acc807f41f7da9dee01c8b8026e635804987	33292325	1	【女子SPA推油】TP少妇推油按摩，近距离特写视角手指阴部按摩非常诱人
8b394e955fa1b3e25b9c928bcecfc501e0318d26	3664224818	2	Oxygen.2021.1080p.WEB-DL.DD+5.1.H.264.CZ-TreZzoR
8bad1ce1f07a53d29601a945e036afc2f1b73ab9	26370676	1	“爽爽我是你的骚逼上我上我插死我”对白淫荡外表憨厚手法一流的胖哥蜗居把美乳骚老婆搞的高潮疯狂呐喊胡言乱语超刺激
8c6e482cececd57bb29ff031ad061b93b476ce54	38823998	1	爱鸡的白白肉肉大屁股卷发妹子啪啪，翘起屁股拨开内裤摸逼口交后入猛操，搞完再用道具自慰
8c70a401b46aeed345d77b08e92aca48c9ee59d5	37068344	1	云南边境地区相亲大会上约到的高颜值性感小美女宾馆啪啪,摸逼时有点害羞夹着双腿,妹子太嫩干了30多分钟就搜不了了!
8ddcdbfdf3bd8314265edb95cb04e118f37ba901	24508789	1	非常淫荡御姐主播 激情自慰 小穴全是淫水 很是诱人
8d8e4097cc469850831278a0671cd8c0004dadb1	49219800	1	黑丝美女用脚为JJ服务
8e60c9082f63d74fbb0908cb2518e44e14e4b522	432647801	3	The.Handmaids.Tale.S04E05.720p.WEB.H264-GGWP[TGx]
8f196028a65ad065f32c5f131d382e40272d225b	43981162	1	买卖提大叔嫖妓不知提了啥要求被小姐骂草泥马德貌似听不懂
8f92f07ced0241b006854ad1ed50dd0c6d5c80ab	329395828	2	激情约啪漂亮美乳黑丝骚浪美骚妇口技一流饥渴抽插主动要求撅屁股从后面操叫床淫荡国语对白完美露脸
90897b8106a437b1afa5f094746ca16a0d48f059	39361846	1	小仙女713长相甜美妹子穿肚兜居家单人自慰诱惑，掰穴自摸阴蒂翘起屁股扭动浴室洗澡
90c3740aa3b24e80cb0d8a72d0f8ce90f790ce7c	29741753	1	探花牛人逼哥约炮豪乳美少妇兼职卖淫女上门服务穿着黑丝开档各种姿势草
906720f3cef1f0c9fd34433e423e1ec68cba3898	218182635	1	Święty (2020) [S03E44] [120] [WEB-DL] [x264] [PL] [H-1]
904436086ce3058978994f23e797ba7b706f20b4	37084593	1	家庭实况360监控拍四眼夫妻待孩子睡熟了开始过夫妻生活 老婆还心不在焉的玩平板
9070a1a27215ca3057de38f8f1c074e4fbd022c7	138397442	1	16岁超嫩妹子和男同学在家爱爱自拍 内射完还要研究逼 还说妹子内裤好卡通都湿了高清
912afeb7eaadb1189a3d504482b5beb43eff594a	68743311	1	91大神A君最新精品原创大片第十期-原创露脸之素颜妹思思SISI全新出击，限量销售作品，旅游期间偶遇173cm浑圆坚挺美乳的妹纸，大战起来超投入超享受
9395d0e4cfb30caef74057d588f696bf6dc56a2b	461968227	4	How.To.Stay.Married.S03E02.720p.HDTV.x264-CBFM[rarbg]
94b178bdc2b86e2826b9da1dc6f938d39b59762c	52796913	1	【太子探花极品】太子连夸像赵丽颖，小穴超紧很热直唿想娶回家，极品美女从进门到离开全程记录
9476a58f22b0737d7631489099f08d52921b9cae	38938333	1	颜美女清秀啪啪经典作品《失忆性行为》字幕佳作 美女失去记忆随意玩弄搞穴操起来很刺激逼毛乳房冲动
96fd6026451397b54dd6a186c7ca752f233c66ce	627037938	1	渣男趁老婆出差把心仪已久的小姨子骗到家里啪啪被姐夫搞的嗷嗷大叫说我不要了受不了求你了1080P无水原版
99c429fcb2535a99db52b15a642982f235a54b14	58804181	1	寻求温暖与精子淫乱的嫂子，趁哥哥不在小叔子做爱偷情，骚逼被操得欲仙欲死露脸，兴奋的嫂子强烈要求我内射中出
9961d40f880fc5d350519472ca31e5bd1669d965	249704317	2	丰满美女主播护士兼职灬依依一多大秀饱满奶子开裆丝袜和男模模型做爱然后自慰棒插穴自慰
99ec0f8b7787a2c7946351ae785e48a6e8ed11b0	19842677	1	91新人百事可乐高端大片原创-36E巨乳美女家教补习老师,高颜值气质大胸小女仆,傲世双峰诱惑难以抵御.高清!
9a480a7e4996ed3b50db776a065f39756352b7ae	48170650	1	宅男福利网络红人咬一口小奈樱会员群尊享JK制服多媒体教室玩露出黄瓜自慰搞的嫩穴水汪汪720P高清
9aacf473efca07c2928b37fa732878bcf4d1ccf5	22555715	1	【你的依宝】性诱惑美女，性感的身材摇乳房，臀部的肉感真是无法阻挡的硬邦邦，扭舞太诱惑网友了！
9bfc5a712454f259d312746b1f06b7586796b01a	46078989	1	小姐姐说和我做爱是种享受 高潮到上天
9b4a98c4695a5eed54f25101b1099b2e11775f1c	455696410	1	年纪不大清纯漂亮长腿妹妹直播大秀 先直播剃阴毛 然后自慰
9b44579ae09c023eb1a847eb578e2cc41f508fb5	70835798	1	胖Kyo哥酒店高价约啪爆操样子非常淫骚175cm狐狸精脸兼职车模1080P高清原版
9ceede289a8a64922643614951f1b6db832a93bd	118953986	1	魔鬼身材网红美少女私人玩物–贪吃的小猫
9fff0cfc6c48f574da026a906741f89ab5b4407d	55232210	1	最新打小三系列--女大学生直接被拖出来拉到大街把衣服全部脱光
9fabd04c3abbc33691bed08b3b024ad8ff5bb9a8	202324727	3	卷毛哥酒店开房约炮健身馆经常一块锻炼的少妇身材苗条很耐草1080P高清版
9f2d6bb413773808a64e24641255a29fdaea05e5	50742949	1	极品美乳姐妹花【泰国爱妃】今晚泰国S级美女单飞极度诱惑 漂亮无毛粉穴 跪舔口活超棒 翘挺豪乳 高清源码无水印
a16bdbf26e04398d1cdff75771389d49a9004a26	1349345854	47	kpxvs.com-ienf00140
a1f3c34be8de527e8c8bb0fd312379a3d016ee73	44213519	1	风靡一时漂亮野模丽雪儿大尺度私拍删减片段流出 全裸美女任由色影师摆弄漂亮粉穴 近距离粉穴特写 高清1080P原版
a13aa040be534e8ad35ccf2355ca98aef3e0f981	58084507	1	【最新百度云泄密系列】精彩合集 七部合一
a3b96d7fd5e1a2c548d54d8a6c23083e1af78774	601477628	1	双马尾逼逼无毛萝莉萌妹子道具自慰，跳蛋塞入特写拉扯出白浆震动棒抽插
a435df479cd8386da1ad314c77fb58c44709a476	24833745	1	91新人极速哥首部作品-中葡混血大一新生女神,长得真是太漂亮了,连续操了2次才放过美女.国语对白
a4ba5ff979215dfff5ed69dba6494613b63999b9	22445172	1	超大坚挺巨乳妹子露奶露逼诱惑 撩起衣服露出大奶揉搓非常诱人 很是诱惑
a6c4d48ffa352d624e35465306b71300e8102686	354102165	1	Private.21.05.07.Liya.Silver.Liyas.First.Anal.As.A.Private.Babe.XXX.720p.MP4-XXX
a89e0797f96a075ba90eceafbccdf9d45d29a315	40226324	1	颜值不错长发少妇面罩诱惑第二部 跳蛋塞逼逼震动毛毛比较多自慰呻吟
a998a624d4888418588c9d1cbf95af38d0bca2e4	6631740345	6	jufe-287
aa968244ea88990e3115313aea3de7cff6e0a76c	49978453	1	最新极品爆乳完具少女VIP定制版情趣内内塞入浪穴的体验 黑怪兽速插淫穴玩出白浆 原版私拍19P 高清720P原版
ab47bedf5c0f578918205d4ec6a7a0eb5c9e6e3a	12263024	4	Ableton Live Suite 10.1.11 + Keygen + Crack
acb6464384cb3fe1df82103fbfe10fafdbb4687d	74857882	1	极品身材空姐女友性爱露出私拍被渣男友上传91视频流出 空姐制服翘美臀后入猛操 高清720P原版
ad9106693360113274e54bc9e18ee2825a4fe266	39773858	1	经商老板民宅按摩店搞了一位良家美少妇 全套服务
ad2f3e46ac05b1bd82d67818809b9e94c6fd3371	64709200	1	好想犯罪！染指巨乳萝莉Bubu布布酱有罪恶感98P+1V
ada78ee36b6124a74ba8ce0cc427d4c105dca08c	50027615	1	好多人寻求的清纯眼镜妹小冰完整版 213P7V
ad7e087ade6f3ae25342d32baea055e873a460a0	117444058	1	把握机会高手肉丝美女上出租车弯腰的瞬间拍到豹纹内内
adf16b071de23eea8b28db50d4953df441d5d1fa	22795173	1	风骚漂亮美少妇身材高挑 黑木耳骚穴淫水好多 粗黑假鸡巴大力插穴自慰 流了好多白浆
aeafae7711f94cdd0dc7f866be1501e2d2e88385	2252737836	3	328HMDN-360
af65decc2ae5dbc61e49857ec078872bc0026a0c	52875046	1	大圆脸纯情乖乖女长得不好看但是无毛又弹又肥的一线天馒头逼可不多见堪称绝世好B值得意淫撸一撸720P高清
af45fe83752e5693ba4af62cefa5ed4169ca4ce2	208334693	34	MP3-daily-2021-May-12-Indie
b088e5a7a334ae42bf2e5bf45ea23632705d7315	239403246	80	40 Assorted Books Collection PDF Pack 29
b0545b3064ec2f2393a22a009caec0d26aece4ec	3810004789	4	BrownBunnies.21.05.13.Daya.Knight.XXX.2160p.MP4-WRB[rarbg]
b013b5c23c5e0486d363671b4870b359c1253cf9	303483381	1	颜值不错身材苗条长发贫乳妹子 全裸床上自摸逼逼边摸边呻吟
b1d1ec1bc6b373c46bda317a4875f593297cd79e	36030305	1	长相甜美短发萌妹子道具自慰诱惑，情趣装网袜高跟鞋振动棒抽插自慰，特写掰穴自摸非常诱人
b24a6d12844f3528ccb84fa1d471df2253b1cbd3	23640296	1	天堂 趁老婆不在让小姨子穿上制服乳交口交爆操爽的不行不行
b2a2074f7db1335b906dea02745b01b0dc3bb0e9	21678844	1	网红女主播户外女王海南约炮粉丝炮友海景房啪啪阳台干到房间
b4be38acec4efcbeebbc2515163d0a21b95e7963	32771638	1	【屌哥全国探花】酒店偷拍上门服务00后大胸小萝莉，D罩杯温柔配合淫叫不止
b4e4758990e933fc39bb6f5e24f8a661a6841fda	134133555	1	萌萌萝莉【一只肉酱阿】AV棒抽插水灵灵的小穴，拨弄出很多白色淫液，越插越痒，手速越快呻吟越淫荡！52P4V
b5d7ba3103001f066a8fe3391bc8e8cbd81dd649	629156418	1	奇芭情侣两人边玩手机边操逼，男女主身材超赞，干了3炮
b5b75561d5edd0ea91d160c4bb3115786922f4cb	486808893	7	Formula1 2021 - Round 04 - SpanishGP - Jolyon Palmer Analysis (1080p50 F1TV HEVC AAC x265 English-deef)
b6657c47eafcf51aa79531cbac3413b8c7741d20	22987318	1	网路疯传的极品E奶淫荡少妇户外露出 与小鲜肉深喉口爆拳交颜射等（六）
b6143dc326a67cef9b339f094196645bd90553d4	27410650	1	人气爆棚露脸金牌女主播璃儿新买的道具首秀第一弹，丰乳翘臀道具激情抽好吃，淫荡的表情呻吟让你射
b77339295e29df53812f6c87ca2fce61fbcaf0ec	46209910	1	和性欲很强的女同学开房偷情 洗完澡直接上床让屌多体位一顿爆操 这饥渴喘息声好像很久没被操了高清720P版
b826631595db4790ffb9f97dd7eabf477484b200	85093189	1	2个小青年酒店约会寂寞气质白领姐姐猴急小伙没等妹子洗一洗就先干一炮3P很生猛妹子叫的真骚国语1080P原版
b8d377c3da35730efbd89cf1d58c043dea38bfc3	528044191	1	高颜值短发妹子椅子上假屌抽插自慰 翘起双脚抽插搞得很湿再自摸 手指插入快速扣1080P高清
b950db48b4562cb0389cd827e77dd8d16635b148	42404719	1	寂寞的妹子一个人太无聊只好自卫来发泄性欲247
ba5c34131c7df6783f3af390af5585e28ca742ef	283258704	2	源码录制《杰哥全国探花》会所包房玩色子撩大波妹喝了几杯酒卫生间给吹箫
baf93101a6454ca8bc757a5728c8f4b32b3c9cf5	64411585	1	91新人98k哥最新原创豪华精品首发大片第一期-快插小美女主播，蜂腰美乳极品身材美女主播，大长腿玩上一整年，急切啪啪还说：快点快点～1080P高清完整版！
bcb5d59d67ac0c16b915f69e19182f8a22b9f8d5	35539055	1	91炮神高级休闲会所包房点台丸子头丰满大奶子妙龄女技师激情啪啪啪720P高清
bd7151130a5ceab5312a3dccd0c91d696a5c7815	340930259	2	宾馆开房大圆床约操露脸淫荡小骚逼，男的挺猛，操的小骚逼直求饶
bfe3982deed78c63c2c1e2ce4956b9675488f072	3183475099	2	Target.Number.One.2021.BluRay.1080p.DUAL.DUAL.COMANDO.TO
bfe399210c22c61019704295f94a11177d08da92	816990925	1	风骚大奶少妇和炮友做爱直播 用了不少体位 最后还内射了
bf81eb7bafc182c17acc177eacfc03ba9fdfe1fb	39364752	1	【女帝波雅汉库克】唐山小护士归来，居家自慰，美艳胴体，粉嫩鲍鱼大黑牛玩出白浆
c181720af86e083d9574566dde9b2d491ba0dbe1	32790412	1	身材丰满白皙有韵味美女少妇收费大秀 自慰插穴 潮喷喷水很是淫荡
c28d759c83c46a20838271c4c0b4c31506accbec	185670760	1	漂亮美乳狂野女友好饥渴 早上就撩拨大屌男友 无套插入疯狂骑乘 直接猛操到射骚货才满足 高清720P原版收藏
c39f0d920fa4be3a65fb4b8d212cb9dde94ece0e	1062500461	1	高颜值风骚御姐官方爱爱全露脸直播，性感黑丝情趣内衣诱惑，奶大肤白身材很不错，道具插的骚逼流白浆浪叫第三弹
c4e6f352098c59347e3e7a66e276d76bc5c46738	433173805	4	FBI.S03E13.WEBRip.x264-ION10
c4acc58232c78e2fe8a9128538a3642a1504429a	17883197	1	千人斩探花黑衣苗条妹子，镜头前口交掰穴摸逼骑坐抽插，站立后人大力猛操
c5550fd5a5a81017799e0715d4d57a50c8e18f06	20816216	1	小伙酒店和女友玩SM高清露脸完整版
c58e8cef37807b49d421bea223d79b11664a8ed6	18779829	1	小美女性感黑色漏脸口交各种体位 内射 对白清晰
c6b1ca1d928dfffcae47203ea4d176425e11e65c	41611473	1	【萝莉和御姐姐妹花】双女互舔带假屌抽插，后入上位骑坐双人口交
c6ebd12be9e7ce497e1fe666097dd2b33431919a	378612429	1	xh98hx “大鸡巴好粗我喜欢大鸡巴好爽”富二代爆操学院派娇嫩苗条美少女蒙眼被干的大声淫叫太骚了很能叫唤对白淫荡
c943f48eb7c84fe313a5c4cd078ca7e710aaff6b	29709896	1	颜值不错喷奶三爷 户外露出自慰 挤奶插穴
c90fa867e588be9da8f0660a3205c1ae89ee2872	8918997	32	[Urakan] Hitozuma Time
c9fca0f8569e5a86e56962ea296c48e9e3f2ea75	36449627	1	【七天极品探花】今夜狐媚00后小淫娃，黑丝苗条美腿诱惑，挑逗勾人一副欠干样
ca66d81597306deb4e91f9ccb610dc0cfe54cf4d	45182523	1	五星级酒店操了公司经理的秘书情人,用力的抽插她,叫的让我欲望超强,这长相气质真的是爽死我了
ca3beba3ed31d7cafd506720b8326a19b87bc5a0	43319474	1	身材苗条漂亮美少妇露脸和炮友收费啪啪大秀 红色衣服很喜庆 口交啪啪很是淫荡
cbce3fa0647ebb4d590a72664f4641431463102c	92288049	1	东北小骚妮进医院厕所开秀，露脸皮肤白皙奶子大屁股肥，看着很诱人不敢带道具拿个棒棒棒插逼，自己舔淫水3
cb8c6c018b5f3cf7ca4b31f3feb98b05444b7736	2073874121	1	香港学生妹JEN的苦情史 青涩稚嫩学妹首次援交 穿着学生制服让大屌一顿猛操 叫床很奇怪 高清1080P原版收藏
cb74eebfe632c71d9385a7666d0df75159f9c45a	37870379	1	服装店老板娘发骚记【辣妈曼曼】内裤塞着跳蛋开门营业，骚穴奇痒，躲进帘子后面自慰，正爽歪歪突然有人来买衣服！
cb3433131d2bd7fbc34071fd55ea9ba56b5725dd	45725995	1	云南少数民族纯朴漂亮的气质美女和闺蜜男友宾馆私会啪啪,各种体位尝试,边干边拍,毛毛又黑又旺盛,方言对白!
ccda542a0e9b10fcbd6e8f2f16502a7a513b0a41	336735497	2	馒头穴大粉胸漂亮妹子跟男友酒店开房啪啪，男友舔穴好享受，做完还一起研究下套套720P
cc5165c871897b64063d2179e53e5f965cabd25e	25406043	1	漂亮妹子被炮友干时，还要给朋友发语音，来听听是你们那边的方言吗？ 艹到一半让妹子口，妹子撒娇;不要 恶心死啦！
ccf8567523d8cb23f252784f60b925a7724fc180	27001136	1	颜值颇高的美女主播 沙发上道具自慰 多角度展示好身材
cc7e972a72653c1c7515cbad02f669a693fd6ae5	589242296	1	粉衣肉丝小姐姐足交服务,颜值超高，不经意漏脸了
cd187c6b19aa2db62bd31e8dd9dd818a5cc5c102	124664343	1	推女郎长腿女神梦心玥黑丝带捆绑赤裸无圣光 身材比例好诱惑人
cedde64c2740af7ea29407510e2967b33f7d8606	44543940	1	【专业户外群批】今天姐姐最卖力 躺在床上不用动 口爆完事就带套 一会去趟洗手间回来我就啪啪啪
ce4f456cb8c7b1cd9599db336ead83e1145aa322	46359270	1	午夜寻花极品高颜值黑衣妹子，脱掉摸奶调情一番翘屁股掰穴，舔奶摸逼猛操呻吟诱人
d0044baeb1e8f2d92d40614626da22cb58964b3d	23744021	1	精品推荐-红帐房偷拍鸡巴很长的年轻小伙带打牌输了没钱还的小区少妇酒店肉偿,连续搞了3次有点吃不消了!
d001ad7cf2105a092908b8f44fa1886378cfb0ef	66842025	1	91大神番薯哥逛会所酒店玩弄170cm蝴蝶穴兼职高冷小野模下集,1080P高清版
d13b05a098a75ba0e83415bd076d6d40c2aff3a5	641836508	1	FL Studio 14.2.5 Mac OS X.dmg
d20843179bb1d04a2ecd797b12f57a49117e3e2b	508724951	1	【壹屌寻花】门票138，平面模特女神，温柔听话甜美配合，蜂腰翘臀貌美如花，连续输出快要被榨干
d2ca2360b6f4c1360f1af1c192e0a21adb3f166c	169474738	1	CARRION_v1.0.5.558
d2ad0a1db3be91127be66f1e5ff41d81d6d972e2	698414096	1	苗条嫩妹夜晚户外车震啪啪 车后座大力猛操灯照近距离特写
d313938388837492b93c13b8d39d503410abf7b6	15947170	1	刚下班约炮在美容院上班的女朋友酒店开房给她戴上手铐脚铐像性奴一样前后草口射她嘴里
d408c99ae5ff8f02bda5ca3e7ed182f712e0c499	31152798	1	精选足控系列
d421416032c1625a39f225b2734e562b0187a8ba	12772756250	54	Curso Avançado Sobre Derivativos - Zetta Conhecimento
d4378cef4f19c0d9774ede3e018b31484f3f0bee	60236284	1	【年度盛宴】最新台湾SWAG年终性爱聚会私拍流出 一小时激战轮操众性感女神 黑丝爆乳淫叫
d5c317702cf3abc82e2a6566fa0a6374f1b720dd	26090914	1	国产熟女篇系列22 在家接客的大奶熟女口硬了怕射的太快还给带个锁精环 这身材操起来太带劲了
d84fae72abd1f67a884c6c251cff8e85a3c634e7	30867418	1	可爱骚货主播天空飘来一个套 初次露点玩穴 嫩嫩的奶头很可爱很诱惑
d9b274d0d17bee42a387fbd20c39d9c3b3213820	91383471	1	P站大火的已退圈越南极品美女Kylie_Ng露出自high套图加50部视频合集
d98811aef415f5b2e4f0e3f97cacaa631a6e2478	608033110	4	The.Curse.of.Oak.Island.Drilling.Down.S08E07.WEB.h264-BAE[rarbg]
d90b7526ef1402944856791bcc6eed32f48e28d1	66804267290	47	[Erai-raws] Digimon Adventure (2020) - 01 ~ 47 [1080p][Multiple Subtitle]
da62197bb76f847781edee2c60c94489bd363630	243450410	1	眼镜妹小冰1080P 真正的原版视频包含啪啪、口爆、颜射
da88373a990ccbde0a2d6e5e7a111cf3f3b8dbd5	26010305	1	撸管必备 非常火的超美宅男女神菲菲 脱衣赤裸大秀火辣一流身材 自慰喷水好淫荡
dc63973697ab28201b00272f3687862bb0cc127c	30111603	1	身材苗条漂亮嫩妹主播收费自慰大秀 跳蛋手指插穴自慰很是淫荡
dce51247b7588c2e8ff96759aa364d697f6e8cc6	45231155	1	PR社尤物美女恶犬小jie jie-新娘套
df3f0799b11e48f7efd262fb29e4832159ea0e4b	1260460921	100	TYOD259C
e0d1ed4c6fa4fea9c5c4670a14667fc259184a20	28602047	1	小鲜肉乌索普临行前最好一次约172CM平面模特女神酒店操B,蜂窝翘臀水太多不小心射了一点,搞硬后继续干,操到美女直喊：受不了了！
e03cd752f5ad7eddf246917304e2779534c6b731	31796255	1	颜值不错叶子小姐姐直播大秀 激情啪啪内射
e0785009d14772f7e85cd592e01c2233f387ea36	5784963318	6	SRMC031
e1cfeed87d922270f8749641a49678eb2c8c50c7	1875975162	1	【金三角猎艳】今夜3000约操极品空姐，大屌猛男花式啪啪，蹂躏得女神香汗淋漓娇喘不止，激情四射撸管必备
e3d439731a5a075768c6056be5adcf119ee8ee15	34829260	1	猥琐摄影师协同女助理提前藏好摄像头TP漂亮大学生兼职平面模特洗澡身材真好特会摆姿势很SEX高清720P
e3968dd968ae7ad815d915ca990453fa78378225	41529855	1	嫖妓达人做足疗时看见技师长得不错加点钱想干她,美女不答应最后给他打飞机,出来后又到酒店找个卖淫女狠狠干!
e3af41b91febf5e89c7c763e24c0564cb8ab6e31	57599698	1	竹林野战 距路人百米 随时可能被发现 太刺激了
e3afd7b7ebaa04cbc44c69776ac80f1d1b262c49	565156836	1	91康先生新作之特邀91网友猛烈抽插福州李婷正面拍摄108P完整版
e3b57d63d7015dfe6d034467d18cf9573c34b0a9	360226920	39	kpxvs.com_kin8-3158
e3c88cc5c2711c458cef67be26e96d1499a9e7e9	43857245	1	【极品女友淫操记】黑丝齐B旗袍女友反客为主做爱疯狂 骑乘反操弯屌男友 无套爆操 淫水流不断 高清1080P原版无水印
e468e922d14ae68a6ecdedbc2174d63721b3404d	44903099	1	性感纹身高跟爆乳淫妻饥渴求大鸡吧猛操 白羽绒沙发床猛操 高难度多姿势四肢盘绕 纹身爆乳超带感 精品推荐
e5dc524ce5cd21d5ff87a87f4a326d8ae3148b4b	43369413	1	《按摩店小粉灯》村长出击路边洗浴按摩店几百元拿下牛仔短裙靓妹用假舌舔的村长好爽
e58a7753d91f396f9d4a58cf707e527777996c7d	4576800049	13	Zoku Natsume Yuujinchou (TV-2) [Anything Group]
e625233e1eb048be57d19d65b15a791e1efa100a	78130862	1	外表看起斯文纯情眼镜妹酒店与有钱老板啪啪太骚阴毛都剃光了叫的更是浪还说操到我的G点了1080P无水印原版
e6de158c71dca51bb376307b6a365e6305853a1c	24839931	1	主题酒店偷拍逼毛很少很嫩的漂亮小美女和胖男友酒店啪啪时,男的鸡巴太小没能满足她,气的发起火来了!
e7427df3fa221f1c6b4054be533b94e42f2bc028	1910088629	4	BrownBunnies.21.05.13.Daya.Knight.XXX.1080p.MP4-WRB[rarbg]
e78fd12fa71c19c934c8deb23128d1c166fb4e73	814104239	1	年龄不大挺嫩萌妹子全裸房间自慰 翘起屁股手指扣逼呻吟娇喘非常诱人
e8e03a700f8e626ced7db38ea10da52871d5c364	2735968170	7	Sweet - Desolation Boulevard [1st UK Press] 1974
e82bdbc4021ebab4bb36dd192811d1a2749d4588	3017963917	2	FC2-PPV-1809011-HD
e8e03def68aade983515767d075211dfe50f99ad	46069367	1	老公出差前在房间偷放摄像头果然偷拍到骚媳妇带着奸夫在床上偷情
eaa1b5a2020509288158824e3a727b0d1cc99fb7	39678096	1	北京模特瑶瑶和意大利帅哥男朋友自拍性爱2部曲电梯惊魂恐怖夜
eb75fee402228d1bd5479784bb3a85854d415ea9	13366526	2	Stellar Phoenix Windows Data Recovery Pro v8.0.15.5 + Crack
ecb40102da59e714f02b8e00db75351391ff2058	45387411	1	汝工作室华裔小哥搭讪超美洋妞留学生 居然敢说华人鸡鸡小 当场绝顶干翻这粉嫩小骚货为华人争光 1080P高清版
ec9815526e0a761c12f2332b4befefdea957c971	45038397	1	金发颜值不错苗条妹子学生制服道具自慰，舔弄振动棒自摸抽插后入，高潮出白浆呻吟娇喘诱人
ec72f2580df214b5d7f7229d83553c38c2b4d292	25429246	1	大神经典系列，小宝寻花22 ，温柔小少妇才是床上最佳的伴侣，大长腿，美胸，风情万种的小姐姐主动舌吻，难以忘怀的一夜风流
ec6b5f04548b3b710fa02916796bbbc8e61779b4	46891294	1	胖导演驾车约了个金色短发泰国妹子，口交足交骑乘侧入性感屁股猛操
ee0652f2d28f5d17c3f02c2bb89a4f180f044d42	60458307	1	偷拍泰式一条龙 E杯极品泰国艺校美眉，身材棒态度好温柔体贴，全程贴心服侍周到
ee5264ffd20884cb8140a8dab7790356c708705d	19377968	1	寂寞大叔附近人聊的出轨人妻美少妇旅店约会连干3炮白嫩骚妻很能叫唤干的叫老公不行不要比年轻人生猛
ee317767f242aa6171fb9cd7ac93b52143acacd7	20942404	1	壮哥深夜酒店2800元约啪高挑性感黑裙美女,皮肤白嫩,颜值高,从沙发上干到床上,又从床上干到沙发上,激烈
f021f6ce16802f44387a7b22a0a77d6ee0423876	38852645	1	性感身材颜值不错御姐激情插穴自慰淫叫
f1cb5d34a74807997302edfabe9358a8297c3f8a	42683951	1	哈哈这大爷真会玩啊貌似用酒来给风满情妇洗逼逼然后舔完再屌倒酒那会看表情刺激的骚货受不了
f3d54b59a25c8aa64c4f5dee0fe0f06d8d4dcf92	427654416	1	南京大棒棒哥哥
f34b7f9279be86d924ddcbdbdf6bbeb9478467a0	84723437	17	MP3-daily-2021-May-11-Trance
f423bad6075429488b02d5c3f981384bc77df56f	38956395	1	年轻嫩妹粉嫩小萌猫 一多自慰大秀 穿着小肚兜 手上戴个套套开始抠穴自慰
f52493e47f8068ac5de22849e60a069af17d500a	12682597	1	黄先生之今晚硬邦邦约了个白色外套花臂妹子，口交舔弄骑乘后入大力抽插猛操
f55da5c547ab69065310747b08f565dbe998ce50	23971650	1	【夜色精品探花】约操漂亮小姐姐，沙发近景展示清晰画质，鲍鱼粉嫩肆意玩弄，高清源码录制
f5fee2ffec3217be553fd356b372522ff597b961	240266603	2	青岛酒店跟一初中美女老师疯狂爱爱,皮肤白嫩,奶子细腻柔软,没想到吃鸡巴舔蛋蛋样样精通,连操2次射在她脸上,
f5860787b512b94230bb6bff7d4ae520ebd82fb5	1867043495	3	Long.Weekend.2021.1080p.WEBRip.x264-RARBG
f691c3530456f38db5177ede23b7f47c55f003e9	18065039	1	年轻情侣，没脱衣服就在床上开搞
f63a28a9177eb9579f51f671711057ee60c797fd	17903100	1	【全国探花】约了个苗条长发黑裙妹子，洗完澡口交大力猛操呻吟娇喘
f7d713010fa807f60a6b22e976265d147c906860	1106003884	2	OnlyTeenBlowJobs.21.05.13.Paige.Owens.Her.Dads.Best.Friend.XXX.1080p.MP4-WRB[XvX]
f8a2bb44ae0e35572a8b91759eef1f571db93b0e	19488595	1	颜值不错妖娆直播大秀 双人激情口交啪啪
f894d49adb7eea9a2565a5ff1a1e2def245d213d	17647283	1	横扫全国外围第二场性感身材牛仔裤萌妹子，骑在身上舌吻调情口交摸逼，上位猛操呻吟娇喘诱人
f823ae13c478d6fff1e34450a089372c9d9d3786	25524706	1	骚妇主播穿黑丝和秃头哥黄播套路深操几分钟要休息半小时就当消磨时间看吧
f8d7bcfb9b4a13547d547138d8779ffbecc784d0	26347245	1	熟女D奶爆乳大战光头纹身大叔 尝试高难姿势 高潮颜射
fa554148f68e5a4adcdebcac0a37ba960b68ff61	15836378	1	气质性感的高颜值美女秘书位了职业生涯被公司领导潜规则带到酒店啪啪,无毛白虎穴,不停扭动屁股干!!
fa02d27f923352ef007a1a2f4f3225dc58acabbc	64270722	1	母子厨房乱伦!妈妈露脸炒鸡蛋儿子舔鲍鱼 这一顿美妙的晚餐一定让人欲望大开~掀起裙子直接开操
fb5dd2770b27897f287b7eb6f1900dc085982f89	6293185747	20	NHL Legacy Edition
fb1981e1b5725faeb3bada2c69513d2db9fafdce	44449954	1	一坊美女主播夜场女神 一多自慰大秀 戴着墨镜穿着制服 自慰插穴很是诱人
fc69e03f06ca6c951f13c84279a08a85f64158b8	2553880660	29	Kinky Bites - Kimber Woods
fd573420042b3959a336675e920a8a5ff37dd189	20770228	1	稀缺房源（炮椅房）精选-大圆床上干没满足移步炮椅干两下开灯对着干颜值高
ffceae02f58b339b7465ea9afc47b650f5833b21	245509409	2	大长腿媳妇儿边用拍子打边丝足撸丁丁吐得一塌煳涂什么感觉
