0021767344db00f97fae8cd51a61ea0b158bd2a0	725591951	37	店長推薦作品 SKY-216 好色妻降臨 Vol.24 近親相姦 潮吹專用淫亂少婦朝桐光 巨乳美女人妻之二穴爆發
00a9d622fbf908b652b920e673b44f5b5af00bbc	1492648181	15	ONGP-012
003cb54a5800facb5a28a4688233b1ec44fbe7e9	149940	1	Futurama S02 - Downloader.dmg
017dd4dca1da946833535f747c4cca93320626a7	76310028	4	My Friends hot Mom - Claudia
017ddfcc69b04b891875cf1a4da18ab0f8ca92d4	627796934	3	Times.S01E08.KOREAN.WEBRip.x264-KOREA
01447b575bb8fd2ba7614abde9d0554080b03ad6	72223806	1	battletoads-tas-1pwarpless-feos,alyosha,samsara.mkv
02710af78007de4962cb272f1343e015e28ef715	21293099	51	CrazyHair
02707322514729d15d7ae424a85ac5134406c85c	1696101708	5	BBAN-129
029ad54694a8dd9d20d9b887fced66bcb31bf072	849609414	3	The.King_.Loves_.Е29-E30
030919e2e6efc890263b2a562c28bdeb64fe7f18	1471669080	5	Once.Upon.a.Main.Street.2020.1080p.WEBRip.x265-RARBG
0384e1c7dc79941ac691439b38923fbffe74ff93	3463505	2	XXX Pussy Licking Tips and Techniques XXX
035f1ecd8873b0f09c92383dc910a905cfde9eeb	1032077380	44	HERR-017AVI
04b370d053133e608e0ca7338a321beaf657a22c	1148181300	12	SKYHD-035
04ed7998e40ec6ac830d8cc75c38f631fd0d94d8	1468323193	5	The.Little.Prince.1974.AC3.XviD-STM
049c0b0cc1c036b71592bd5a5dbf37f3b4944dd9	56866151	69	(Reitaisai 7) [Tohonifun (Chado)] Heiankyou DeLorean | Heian Capital DeLorean (Touhou Project) [English] [Gaku-Touhou] 856112-dfa2234d9a
053ebe33b2b7023c2639dfa1700f1a481a0e602d	1122500850	7	062318_293-paco-1080p
0521d63bf3c73046a9e2177a27b63f7dc09c9a6f	3811009117	3	UQi_Win8Pro_Lite_X86
05cc8bd2361869d630783f441403629f43121dd1	1573138127	8	Kingsman.Services.secrets.Movie.French.Movie.2015.1080p.BluRay.x264-FR
05cabe3a232c4c513b10b51362a70fe4047b18ef	1007783453	12	Kaifuku Jutsushi no Yarinaoshi RUS
0658c642fd24c627868abe4048afe4b0cbdc03fc	149940	1	Behind Her Eyes S01 - Downloader.dmg
09a7f2899ba04d931894a00550bc74c53e22c526	142430991	18	Riverside 2007-11-30 Camden Town 2cd A- mp3
0920f5b921b2b471c30483ab16d288b9e35db85a	9272220171	4	Hot Body Ink 2
0b9fc125483fd45fa7a5351e5b1be71212fa0f73	260942647	3	Casualty.S28E33.480p.HDTV.x264-mSD
0b01d46ba6c07d52fd3a6195b7fed9944506e0d7	185532788	2	RodneyMoore.21.02.02.Ryanne.XXX.720p.HEVC.x265.PRT
0ce33ab5b970996455e610d3d3781023de40b2cf	629781934	3	FrolicMe.18.05.01.Daisy.Steel.Me.Me.Me.XXX.1080p.MP4-KTR[XvX]
0d4fc1d4fa7660f40acf223448709419d9211a6b	2187708923	44	Sunshine-720p MP4 AAC x264 BRRip 2007-CC
0d7afc6c164c9f7e5c26b7fbd7006fdf6430ccb1	44657505	3	李宗瑞奸Ruby影片
0ebe766aee67266432b64e6c800c900a7f44fb18	216325880	9	Alina Tugend - Better by Mistake
0e614b48b21ca6b4009c9391339f73c7875f5422	243470417	3	Prezence -1985- Over You (Single) (US, 7'')
0e64cd5acc86f3c5f8531a87d54eabc7254f6931	1008599035	13	[susun]RDD088 夜行バスで偶然隣りの席に座った娘が好みで可愛かったので強引に迫
0ea552e9e723706cb4774427abbb250dd546d553	1983264560	4	Фортитьюд (Season 02) ColdFIlm
0e55e1d19e6b12fc204ba749c1c514c1550953be	637445227	85	Pop Rising
0efde738e51b8836b9b197990cf8ee4ff6cc0cbe	4125301670	2	The.Primrose.2018.1080p.AMZN.WEBRip.DDP2.0.x264-iKA
0fd746204ff26208bcc08670f0278c4dca77f12a	954628696	5	家族秘密
0f70daabdf01cb1455ceb2952b2a8842e13da250	769381639	4	1By.Day.14.10.22.Niki.Diamond.XXX.1080p.MP4.KTR
0f50969447ae40eb98779363f3c682d7ec5951f5	695730527	13	吴天@第一会所@GangbangCreampie - G225 Aubrey Black
10e9c1d07bfbe5dae2339c77d4bb47ceab8c9bf3	14146985984	4	MSI PE60 6QE-083RU-SS7670H8G1T0S10SH_W10_DVD
1086217ff3aed4d6fe800e9c353beab43c54f6f6	769039708	28	061411-724 by arsenal-fan
11bb5b98c1b1f3be1271c9a4056d0316e19f2c7f	1622001565	1	PPPD-502
12baed16088ce690f5d614a8fb52e002076ac79b	515978761	1	Supergirl.S01E14.720p.HDTV.X264-DIMENSION.chs.eng-RMVB.mp4
1314aea5343eaf5394d50efa6d4184e4faa9e69d	1261951796	12	MAS-096.神波多一花.対的美少女、お貸しします。 ACT.26
137a24daa3d1e4d46ded6b171543f4515d4c13a8	245272495	4	[Brazzers] [ZZ Series] Dani Daniels - The Whore of Wall Street Part One -={ SPARROW }=-
131ceaea32adfbfb0ad58cdf80af84ca345aadac	207255963	3	Killergram.16.05.10.Yasmin.Scott.Hands.On.Treatment.XXX.SD.MP4-RARBG
13292e3bdc4598900823e2eafff51821eea2b4eb	9055500309	5	Allen.V.Farrow.S01.720p.AMZN.WEBRip.DDP5.1.x264-TEPES[rartv]
148671297acc4fe48c803b2bfc22b6268d349338	1478027605	4	Comeback.Dad.2014.1080p.WEBRip.x265-RARBG
149d4011f47fd38d7d6e9cfb19a31c2b58638343	149940	1	Stanley Tucci Searching for Italy season - Downloader.dmg
1551a48773255ca0a42bdf36bedc013b857d1a31	265940071	92	PornoLab.Net
15bde3a32dfe26c76f5c5892c99415e78c778d4a	428552148	6	Totenwache - Der schwarze Hort 2019
152551d5be00cde7e7af6864332559a6fcde9cb2	5345644260	152	ssni217.-fhd-mp4
16dc2ed4281fd356354c9d9fb25e08d92eb4342b	78972699	3	Stunning18.21.03.05.Teana.Behind.The.Mirror.XXX.SD.MP4-KLEENEX
1682625b3814ff173e79c02cb7dc61a6c1ce707e	820039851	1	(3D) Gal Mago ~ Suimin & Saimin ~ FPS60
1680be8530a178765594aba1607c0f1301ec139a	425722420	15	Stoya Heat (Digital Playground)
17a574d8e4fb617c7617fbf9b1444786348a62e4	682530333	14	TMEM059 フシギちゃんと猫耳の相性の良さは異常
1722e5238488d6f14de3601ca096132a126d65ec	4685959723	14	Hustler - Butt Buffet Vol.03 [DVD-R] by Tiger1969
18bd6b6ee6eaaf8ecfee8b4299ef5c2b1389a50e	498108039	2	TeamSkeetLabs.21.03.15.Harley.Haze.Maddy.May.And.Madi.Laine.Its.A.Womans.World.XXX.720p.HEVC.x265.PRT
18572de819c8f2bd65c8d35749c91da45247c749	137234392	6	HGC_3881
183a76ddb5b76df84f67e014b44130c2629224b4	2682800963	3	몬스터 대학교.2013
191521bb79e121c1253afc11eeab2f214194f301	1806916390	5	caribpr-052815_224
195fabd886e3b760283e0ba176858a45bf685244	166056818	4	三人同眠操小姨子老婆在旁边睡觉
198ced4fdd1b225ea8987e37026e281ba354f25b	2934017441	55	HUNTA418MP4
19231d9f721641ff9215085a314b989ed6516868	164972920	3	可爱小骚货穿好情趣内衣还觉得不够奴想要换姿势口交M属性爆棚淫荡国语对白露脸
1969fdfe53190e658a035016e8cfee52cabbd997	1884339300	3	Summer.House.S05E06.Power-Pointless.720p.AMZN.WEBRip.DDP5.1.x264-NTb[rarbg]
1a4164dbbf0bb13a6e6186f2e32f3152c6b8fe5b	4277698728	32	H4610-ori1046-FHD
1a52e8965913807c7ef1fe4c017e07484967e18a	932311510	2	Murder.Chose.Me.S01.400p.ColdFilm
1af2b82b56de2a10458f2ba04091161622da729b	4688225719	5	Wishmaster.2.Evil.Never.Dies.1999.720p.BluRay.x264-SADPANDA[rarbg]
1a6c53a9b65a4ec79d595a6d9efe4f21336735a3	1151728051	59	Robyn Hitchcock - (Yep Roc) I Wanna Go Backwards Bonus Tracks & While Thatcher Mauled Britain
1b0d5dbc68257e69474e1abd9525022c76034022	513540158	10	TVBOXNOW 三生三世十里桃花
1ba528cb2f09856d262af5978b50343b70c32ada	651982704	3	SuperTuxKart for Nintendo Switch [NSP]
1c6ec671bf59614bb3d3cc32bce6c0898df58215	183717327	2	The.Big.Bang.Theory.S03E15.The.Large.Hadron.Collision.HDTV.XviD-FQM
1c7f4c7fb6ce320606ad0ac53ddb34c4da298594	152291898	21	Евровидение - 2021 (2021)MP3
1ddd3703604c678fe9fbea1a54147ee0fadce00d	872263350	68	BT
1d9a0f3e74ca26fd196a4a22385bd7516a64c333	695333420	1	我们的青春岁月-国语720P.mp4
1d941abff718b3be8e87ece814540ecaf7a9fdab	6567563323	17	Chromatics - Night Drive (2007) [LP][DSD128]
1e3121bc3c95176794eadff91b966d409fb298a6	2787573921	15	[清馨原创][合拍][少年张三丰][粤语字幕][01-13][DVD-RMVB]
1e4c12fbbf51b2a9ef6d39596a400e1cca5167d5	1332331001	181	Rap Blender Mix (Vol.02)
1e574022130ad5ca11da30a82c74518bfedd16e6	266199970	1	[Pacopacomama] Pregnant Japanese Housewife (Unk model)
1fd65f206eb8b0a125bdb916b2b2105474577777	220002025	5	POVBitch E95 Alex Black Ass Fingering To Finish XXX XviD-iPT Team
213dbf89f3ec19dc1fde64b385d57373af42c72f	15902437	38	[IIWAKE-GAISYA (Shigemiya Kyouhei)] Kasumi (Dead or Alive)
2164bef082420eb9f1e51f015622510f223d2e77	306634272	1	49090_03_big.mp4
215661e25ea2f8e3fb7e3ef5a0289d4a8fe167bb	1327554325	136	SOE677MP4
222dcd87e506f931c1b89c24232add709c9a7a20	439372053	4	Bravos.Chat.Room.S01E29.720p.WEB.h264-BAE[rarbg]
2294f935243be42102a8bcbbda44cf68a439ed82	442730958	3	Sex.and.Drugs.and.Rock.and.Roll.S02E01.INTERNAL.720p.HDTV.x264-KILLERS[rarbg]
224f13804ad78ea59d9e621a0a672fe26133f999	2209753475	4	hodv-21237
23a1f5f8ec080aa8c3e202f8721447d9d8062b8d	4314924203	10	ŚMIERC POD PALMAMI [2011] [SEZON 8 ] [KOMPLET]
23a097a37770f81b40fab6c436702f667f7aa0b0	1495616889	55	GVG376AVI
2318686897cda05b0a23571296880fe77f6d4acc	203580143	7	olo@SIS001@Team Skeet X Cam Soda - Kali Roses（美鮑.豐臀.美乳）
238d831aece905aea2b9d44f0299620f5443dfe7	892100918	1	Viv Thomas - Forbidden Fruits.avi
236c7b03e16215c42dd82db730e5f53d733858fa	1758050931	13	【BT首发】【BTshoufa.com】百T大战[HD-1080.MKV][1.63GB][国语中字]
255134bc0d70812b731e3bcc9abd6a5b21132c38	1326985628	2	Hierro.s02.WEBRip.XviD.Rus.BaibaKo.tv
255949a683698a5582426225986c7844fd369f55	43538247154	27	The.Latest.Buzz.S02.1080p.AMZN.WEBRip.DDP2.0.x264-WELP[rartv]
25fb052dc902421bd3fe7fe3904538e7c37e7667	202640843	5	6268.VIP@Holed - Mia Ferrari - 后穴刺激挑逗 (丰臀,肛交)
25c5672fe2515ccfb180542ba0576bb048dd7e8c	491291052	63	bible_ylt_02_exodus_mp_0909_librivox
254e016be40b8ead55e19909e906763ec0563ccf	734412542	3	Tokyo-Hot n0530-AVI
27cf450e05249424a1ea78b8c4255a52d856da05	111331324	13	Iron_Maiden-The_Final_Frontier-2010-r35
27f58109aca9c6f47de019232afe1e615e124522	687098387	2	BrazzersExxtra.20.12.26.Phoenix.Marie.Divorce.Fuck.XXX.1080p.HEVC.x265.PRT
27f126a4b1de89fa287c6106c03093bb7c843f63	206915960	3	羡慕死单身狗啦情趣主题宾馆样子很挫的肥哥扛起漂亮长发小女友的双腿爆操好像无套内射妹子说老公你好厉害啊
27f8158bd8a550904ed4b1d660779ea998cf68d4	2936888966	1	黑豹.Black.Panther.2018.1080p.BluRay-天天美剧字幕组
282f6934776794d89a5cc7cdca348ff92c82a34e	2044645999	1	www.ds45.xyz 无毛小骚逼的高潮喷水大秀，3小时直播录影，大黑牛不断摩擦骚逼，高潮喷水把自己搞上巅峰完事洗澡诱惑
28375e5875a1e956fcbe3e635987002e96d11da5	991988415	27	Merl Saunders - Heavy Turbulence (1972) (vinyl)
28b0c96a4449adbed8d6212918c07324a87860cf	1472498053	7	Nana
2950b74df86a980ca5fc3a1b1d8c8f55625529b9	1018265622	19	【入微】030712_291
2a0c6172b94a969b4c82e249cda719dc81d2e110	882803029	1	SayUncle X ClubBangBoys – Thor & Carl – Two Gorgeous Hunks Are Fucking Outdoors On A Bench.mp4
2bf810d0179d47bef2ab838cc6b292215dc4536a	151177816	7	olo@SIS001@Nubile Films - Matty（美鮑.深喉.美乳）
2b0b90741aa7a26f4dff77ffc3136622b1cbf1b5	2484734411	27	我的女友是机器人.2020.WEB-DL.1080p.H265.AAC-DHTCLUB
2cf4ae11278306cbfcf429ec75b1a36f3d00ddaf	4037017600	31	vts-01-1_20201111_2159
2c7d314f64d09436661cb53a97c35995988fb6e3	373595326	33	Александр Дюма - Граф Монтекристо
2e5f5dae00767ad47cdf90025f38270616ce4543	399395373	11	Ives Gulle - 2021 - Kawesqar (FLAC)
2f88d7291dfbce5cc69b4a31dcc57ee24eb639cf	2165716406	10	olo@SIS001@Nacho的乳牛女佣
301463a772403e8b7dc090e906ccc342b88d75b2	189090168	3	芒果里外多是黄长相甜美妹子卫生间自摸粉穴高潮出水
30fce6895f920559c82b06a8a8690eec59e4d2c4	1057572856	5	Cowboy.1958.REMASTERED.BDRip.x264-VoMiT[rarbg]
316c44bb531ef2e12111469bd01f91cc389e13db	307788978	1	Alpha.Betas.s01.WEBRip.x264.Rus.BaibaKo.tv
323bfe0a76ddf900669e99c6ee6df82a2ff3c431	48096083968	12	archiveteam-twitter-stream-2016-09
32d80bbc8de1c1e82115ccfd622cb83567bf7ff1	1265359342	3	Scooby.Doo.The.Sword.And.The.Scoob.2021.WEB-DL.XviD.MP3-FGT
338fb893bf94a3fd519dbbc4a23db4066b919a1c	722256920	3	After.the.Reality.2016.720p.WEB-DL.x264-WeTv
33e9d314121bcf01004b1975f4c84101289c9628	586437091	89	A$AP Ferg
33e0e4b097279daca5241066a42b09f868ebc8c2	600513552	1	（精品成人福利 uuc75.com） 4 极品美女『你的佟亚丽』激情回馈和黑色套头男粉丝激烈啪啪做爱-暴力虐操-精彩刺激-新鲜出炉-高清源码录制-高清720P版
349fd1f4e21dfaee492c9b4b4d5a4e681546c420	594084731	1	（精品成人福利 uuc75.com） 23 家境贫寒的纯情大奶小村姑在那个看了有点让人心酸的家直播-听说这样能赚钱脱贫
349184dedb702ac416e4c5adec7ca3c9b2df32ae	4725579636	48	HND336
349342ddc01de8266413119540a42aca1fa64dfa	345490599	18	Paul Rodgers - The Royal Sessions (Deluxe Edition) (Sc) (FLAC) (2014) (HR)
3521fcd2da4b4f781018796021f204e8c72fd047	2818791982	11	【sharemovie】【sex8.cc】前田ななみ
36476958a0f27802e6aca97a5cef300b4a5c9735	13808899	27	(C94) [Egonokatamari (Kimura Neito)] Fiji to Amaama Kekkon Zenya The Sweet Night Before The Wedding With Fiji (Azur Lane) [English] [CulturedCommissions]
3632ceb05b3ecbae9d420f6d7333144ce589b46c	2955786340	129	Enigmatica
36570371e6d5a6b5367d4e2d3331e5a31982a072	164972920	3	草莓小喵喵,大屁股少妇女仆装居家啪啪,拨开内裤摸逼后入
3650837297d72c1570525377f789fbaf0e175c74	240685524	4	Photo.Editor.9
36c2d040ff42dd3a620b871b0ab79e3680fba7f5	517026278	1	FSET-473-RMVB.rmvb
3757fea4deb7b85948d917cd2360165b24aace6d	97210785	14	Michel_Portal_and_Bojan_Z_and_Lander_Gyselinck_and_MP85-WEB-2021-KNOWN
374c6dd04f29d06f89514b0cd5bf542b04219ea0	2120921415	4	SVDVD-167.RI
38da39c408ec524d1cd7db153994985cab0cf917	107386274	3	OnlyTeenBlowJobs.21.03.04.Goldie.Glock.Quarantine.Blues.XXX.SD.MP4-KLEENEX
38229fc8f2d29f878a93b1e341c1aea14ee9ce23	184895864	3	〖小M寻找主人〗户外野战3P轮操精彩来袭两个猛男轮插爆操眼镜骚女回酒店接着干
38610e099942d409cdbf4769c77bca0b2b91fb4a	4584351191	3	Superman.Returns.720p.HD.DVDRip.x264-HINT
389ec327148743c4b12c7617036c3ed29619c8b4	6457504418	36	Ben.10.2016.S02.WEBRip.AAC2.0.x264-LAZY[rartv]
38f8b758daa2a1a1298e0f5abb19afaaaba687dd	54497654931	11	Akinci.S01.720p.Ultradox
3a3f1baf395c62c9719a0c8f1f3a2b3cb4abc57e	264064607	1	[CougarsInHeat] Tyler (02.20.2015)
3bacd1f0693cac067e7ec0451a196cd6792e768d	6442066846	4	Lesbian Triangles #21
3caa3af38829ace501dd576d98bdda9e045ab717	208663583	7	皮肤雪白性欲很强的美女坐在犹如猩猩的黑人老公大黑鸡巴上猛摇爽上天了
3c3eebfad969dd717a011642d087bae1ac45dd7c	10031824282	40	CAPPV-032814_804-FHD
3d45dff6ef6ec009f79d32769d19aea8a2607bff	386999221	17	Loudblast-Manifesto-Limited_Edition-CD-FLAC-2020-GRAVEWISH
3e81dd871701c0cc336c534a258ffefdc9469e0f	17867705770	18	3DMGAME_MXGP2.CHS.Green
3e19f9af864401201300680aee1ab4715150a8c0	59051798103	18	Below.Deck.S08.1080p.AMZN.WEBRip.DDP5.1.x264-NTb[rartv]
3ef6fbbf005e4ed839850ad91e8a2da748ab37ce	5045747769	9	无手的少女.The.Girl.Without.Hands.2016.BD720P&BD1080P.X264.AAC.French.CHS-FRE.MF
3e019631b9e27d89fc2c4d020487dc8cabc8c6fa	1502646873	9	MNVE9KW293
3ffdf0538a6ef5c441d6b634b7e9fa52e19fbaf1	395499862	20	Judas Priest - 1981 - Point Of Entry [Sony, Japan]
40829b3e3020925b417f2e6450b728f903414ac1	491740885	3	The.Story.Of.Cats.S01E01.HDTV.x264-C4TV
4155609b3b5122d7fa0bb6a87a5edf1122e77005	249014077	36	Mekong Delta - Mekong Delta + The Music Of Erich Zann - Japan (TECP-25547)
4115cf9b671eb55180e868e301acbbfcb12463ab	1306627464	145	KSGP055BMP4
41af37ab792af6bc3a85d1b21fd1bd5718deb3bd	82316014	17	Максим Козлов - Долгая дорога к дому (2003)
42d06d50e5432fbdb4876971228cb51f4082d5bf	39961945402	47	Ek.Tha.Tiger.2012.Bluray
43f508c518d0ef7f9bbdff6eafcd2b1682949218	163507832	34	hjd2048.com_180426勾搭成功与小区物业经理宾馆开房爱爱-16
4378d7d0c4d27f9116e5a937e5efe59cca1a79d4	3495373658	4	[XTORRENTY.ORG] Monica.and.Friends.Bonds.2019.PL.1080p.WEB-DL.x264.DD2.0-RX.mkv
43f7a91dd93a59122a2cf20141a21ead4ade14e2	8887577239	4	【www.gaoqing.tv】切·格瓦拉 (下) 游击队 [导评+C标准收藏版] Che.Part.Two.2008.Criterion.Collection.720p.BluRay.x264.DTS-WiKi
45d27db419e222b4353524652276935828760060	329669447	12	HJD_4226
455abe3fbb7255ba6fb71c5cbe7975758293bbac	817627381	13	im520@www.sis001.com@FSET-405
450333f6122ebf3fe69440077507382e2ca10dbb	315130110	2	LookAtHerNow - Samantha Hayes - Makeup Slut
465f68e1034f0bc82720a9614bcb54f813bcf7f3	1042707150	3	DareDorm: Serena Torres (Wild Time) XXX [264]
48e502e8b97527d55b582a2d9a438168db5c54d9	2403482495	1	해빙.Bluebeard. 2017.1080p.FHDRip.H264.AAC
4a8722905a57747d178b512c6056aa01a4202e23	1046178	3	[2022.DEV]鲍鱼红红的.mp4
4a4dae2e2e2dcfee3320fd056deb7905d9c2e26c	1713091614	55	FIV022B
4b5f5b9c2749b3d2f9a49dc6b10d539954269457	10247675550	12	Act.of.Aggression.v534.CHS.RIP.FIX
4b87a856cedfe3b4a1d3f5130b84e31f84ad67af	364885886	5	[TPTimE&ACE&OGCOGC][the_idolmaster][07][GB][x264_aac][1280x720][MKV]
4ced469fb7d6bc99689328a85ad40b8660b6a934	975638022	1	(HEYZO)(HEY-047)百合川さらの美脚自慢コスプレ 百合川さら01.mp4
4ce2a17c5ece4b3d777593c681864eff3426855c	2316829036	7	花季少女.特效中英字幕.Flower.2017.HD1080P.X264.AAC.English.CHS.ENG-虾狐影视
4c57657f149d9f675a118c35284fc63e0fc0aaa5	178604408	3	被爸爸的大鸡巴抽插成骚母狗的眼镜学妹爸爸操的爽不爽爽表情淫荡对话精彩
4c9b79223c5e7602ce3512e3ca1a6f1cd949e1a6	316190080	10	catfish2021-02-25.flac16
4d0ab12315223584dcc9122a48fcb96227c79505	74363631	1	Maho SkyTube Ikiteiku.rar
4d8eeb5f4f48d935bb704e3693c9ac1107f89e83	609873335	9	第一會所新片@SIS001@(Caribbean)(072917-470)黒木澪がぼくのお嫁さん
4e824f6be03498e079d7cd3c4598f6464ee88007	1433946211	4	【鸿门宴】【高清蓝光1280完美版BD-RMVB.国语】【2011中国群星票房战争动作大片】
4f0de42e0f25004dd85e7b4cd7ae6b7c10acb50e	330634802	15	Raf - Ouch HD (2004 - Pop) [Flac 16-44 MQA]
502c3ee16ce8251ca61aee17737968e2bccaaa1c	5862709852	2	La.Source.Des.Femmes.2011.FRENCH.720p.BluRay.x264- LOST
50b86b00ce5983fadde129e65b83bff600f9f16a	1235703875	13	www.xBay.me - BigWetButts 19 03 25 AJ Applegate Free Anal 6 XXX 1080p MP4-KTR
5085dac9d53d11afc89283657ddb9dc032fa1f6b	660347079	4	深空记忆（2009英国）.0.63
51975223b61c2a39649c97afaf630c18cb1df756	523159100	8	blobby07_cracked
516606421880f68792eb9e9cc68f66490506dc67	1841824095	13	NikeのＢ@第一会所@FosterTapes - Katie Morgan
5298f0f68b8143e592195970c66ae6441bb3a37d	6525945744	2	Dead.Rising.2.Off.the.Record-SKIDROW
53831d8a0669844ee604074a66b8318595af5f26	185073554	1	SexUnderWater.17.12.17.Annika.Pool.Time.part1.XXX.720p.MP4-Zsex3i
53e213d95317c5ff749d9c0d9564b615d0d0bd3f	553648188	10	TVBOXNOW 美女與男子
53b1d147415a9d1a23d9249f1cf3c6568a42f54a	275073400	3	柳腰小奶包风骚姑娘眉间黑痣魅惑型趴在男友身上口交吃棒骑在身上努力让男友舒服
54fe9b6270bdb4bbe6cbe8f74e831f51b0825b8f	944086646	1	陶德的人体大冒险 第6集-JLPCN.NET奥视纪录片天地.mkv
54ca7a4c319edafbbcd742912b30f9020b70f9b1	264587640	3	社会大哥酒店约炮S级完美身形小蛮腰翘屁股大奶瑜伽老师女上位扭的相当激烈娇嫩呻吟1080P超清原版[1080p]
569cad30e4b912ffbb710d1a24a1dc362579f069	1746991417	17	Sendero.2015.SPANISH.1080p.BluRay.H264.AAC-VXT
5679b12c7c2691bf06f3c7d2cf8c8eb82b6995a6	12528651	47	[Hole in One (Tsukiwa)] Shoushika x Kotsukuri ~Shimai Hen~
57425e8b9c1186b9872147596df952aea28d4215	542094528	7	olo@SIS001@True Anal - Bailey Base（深喉.豐臀.肛交）
57c4da3f1b7d6983ddd10ce52cc7f0176ba27872	351939509	32	Brokdar
5751fca201579ad41d762905f66e69c25835bcb9	184626418	39	xxxav-23568
583e5f744be28ae1a0a74d3ee509ea25d93a7264	2041081328	2	Chuzhoj.Ded.2016.WEB-DLRip.(720p).shevanlk
587f602f97acdb241de853599e3c4c4b34e09d85	279539665	4	Bitchin.Rides.S07E13.Thats.Never.Been.Done.HDTV.x264-CRiMSON[rarbg]
5985b63e5509cfd2e9b6ec04fb20b07f865260d8	637881356	2	Bang.Rammed.21.03.09.Michelle.Anthony.XXX.1080p.HEVC.x265.PRT
5a69870d4f4b5413987c7b292dc6059906f1e243	459082931	31	06.RKPrime - Amirah Adara - Admiring Amirah
5ad0d5f2941bc313d13a29f0b97cf44fa15045b6	237324664	3	『草莓味的软糖呀』主人的小女仆蝴蝶结乳夹小尾巴肛塞小穴流水特写
5bdd80ec72460cd4658cbe11e8c23c8d651fe021	356730880	5	[桜都字幕组][White Bear]新生 ふたなりアイドルでかたま系！前編～射精の宴は超絶MAX～
5bc3144c370a374bb798357bc1f6fc33aba4d2c8	116100129	10	Right Stripped - 2021 - Daylight into Darkness
5b9f1264bba99830375ed76c72848710b8606fcd	1775464448	7	靖靖@18p2p_Marc Dorcel-Le Contrat Des Anges II
5c39f006fdbbbf0f4aff6aff5502566d413e900b	740360186	2	Super Hot Big Yummy Tits Beautiful Dream Sex Bomb Fucking Hardcore XXX 1960 Porn Movies WEBRip x264 with sample ~ rDX ~
5c3ed58bdf408c7d74becab4d0662b101ed15267	2308457229	51	Ashton Moore
5cdf437c909d6ddff242e3119fcf102eb899179f	19726164	1	【萌物百科】[RWBY][高清动漫壁纸][51P].rar
5d99d595f988f15ac0631b3a42a7883279b958b1	1572958360	2	Harlan County U.S.A
5de77bbd854566a0c7ff46f8c2c083821cc713da	2026965	8	tvtunes_6797
5ec21c055fa0f0b91a5383652908eb93e4646650	483416759	2	ExxxtraSmall.21.03.11.Aften.Opal.Better.Than.The.Carnival.XXX.1080p.HEVC.x265.PRT
5f2a38b1f05d289fae868fbd462a7fcdd42dd6b3	1105041116	1	Caribbean - 011011-587 wmv
60bfb10e9ac5a11c88d009d9d73cac77e9390283	1871927451	5	A.Good.Day.to.Die.Hard.2013.HDRip.x264.AC3-FooKaS
6026a7724cb7b980e096c7445bd1c0988c12698a	4221118756	3	P德玛瓦蒂王后.Padmaavat.2018.BD720P.AAC.x264.Hindi.CHS.BTDX8
607e51752a54fc739b8852d46cc0fc143a1a9692	733866524	8	QE-015 AVI
606c916138bd61fe2b2662b1540df50bd343649a	367240272	12	Dolezall - 2021 - Look at The Distance (FLAC)
60387566eda092399b42b967503ccc5755d908f6	268259155	3	Marry Me - Temporada 1 [HDTV][Cap.115][Español Castellano]
61e08598eaea5d77991ce97f4faea39b48e2e015	2086633472	3	24.HoLM.2008.03
61b0f6150c0526a3988d5155c9b6465b335d992c	372965657	4	Fastest.Cars.in.the.Dirty.South.S01E06.Malibu.Twins.HDTV.x264-CRiMSON[rarbg]
62641583579ad598e424d1ffa340e85a24b958c2	280143240	1	42
637a0ba9dc27dee8cb5febc4355dbf46f1457f44	386662620	49	杉山麻美「毫无道理样子！ 杉山麻美」
6383fcd74993af25d1047be5ad5e85cb9820474a	2061257859	128	heydou-0249b-mp4
6392fc8ce097e13bbe9de1298a16de1accca7d4a	270270526	10	TVBOXNOW ViuTV 六點新聞報道
6364a0bff9b79b25b15ceebd97c941f80d23094b	1411932672	5	The.Visitor.1979.720p.BluRay.H264.AAC-RARBG
6406f898bea04d9e09ab83a75222c665cca5383b	1515844680	15	[24bit 96Khz] Hiromi - Move (FLAC 2012 HDTracks)
64bfd18f284a6edf49561863bba87fa73b5f3a68	1264604107	21	3-9-21-2 摧花神龍教精品
6438f36b3963754ee2ac337b322498b326069c6a	3314480180	1	마이 미씽 발렌타인 消失的情人節.My Missing Valentine.2020.720p.KOR.HDRip.H264.AAC-RTM
6460ff949c35bd0ef9d570b93bed288b46e95c6a	1460274539	2	Key to Rebecca
65131f5cc52164f51fea6a640a949c79f2859b0b	312135506	75	End of Nations by Frank Klepacki (2012) [MP3, 192]
65637d852df4304da915ddf7bf211a0410197e2b	32319420964	83	笑傲江湖
655d789ebc71c876cb547629f27bc25abebff86b	55321440	12	Kate Nash_Made of Bricks
65620e1574f46b4de3233e6275922f9089aa46d9	1674552452	9	fneo-031
670511f7ec9b8ab2355e2e5580e3f03d69d58112	627862837	1	iktg_violet_monroe-sd169.wmv
678bc3410da9feabfabbf708be7d6284f4f93735	1189307580	30	Марсель (FLAC)
6784ce5aa2b714bcae92c759dbfad4889b0f548c	10800333049	43	08-29 中文字幕新作10連發
6833cb320cdf2fb2792ff88f901a9ee6d9c1a737	1282695841	1	（精品成人福利 uuc75.com） 11 【泰然寻欢】平台第一阳痿男又来直播酒店找外围，人气爆棚，舔胸摸逼今天终于硬起来了,妹子漂亮身材好胸大
6816d0a1130b5d966fec3d4f174584ca386ee25b	5650589080	9	第一會所新片@SIS001@(IDEAPOCKET)(IPZ-899)デビュー作でセックスの味を覚えてから、ここ最近、何かと調子に乗り気味の上園さんに上司か_上園ゆりか
68d231b6bba1d5113c81e2c01cb87196f8212b6a	1734167371	58	EYAN125c
68f5cb265a5b9e578b0a8aaf6bd7e687c2d459e4	3682896029	17	1986 Secret Service-Greatest Hits (Wifon,Poland)
6905c4f60f987d8b7bf858a2675c873b8169aa7b	129513319	1	[恶搞之家.第二季].Family.Guy.S02E05.Love.Thy.Trophy.DVDRip.中英双语.familyguy贴吧字幕组.rmvb
6bc0a44d76b43b343a028071377bdc190710cbe0	801744	1	Leo Birenberg - Downloader.exe
6c68e6cf7ef37fe20e04929ca1c6c46a216101b9	1955434	2	Internet Download Manager IDM 6.35 build 14 incl Patch [Fake serial error fixed][CrackingPatching]
6da00d04791dac7cf0dcc6a5e09b29d2270a672f	1298052649	6	amaniap001@www.sexinsex.net@S级素人-波多野结衣
6e9eef82254501568283bbf713aea3032be46779	3629684288	185	In.Silence.v0.61
6e7878bbd9fc0879066ef97d0e02df6ec1f096b4	482302468	188	quiet_hints_1003_librivox
6f56632eeec4eae8ece50a4530ec2ad847bdd24c	379813328	7	olo@第一会所@samurai2M-cc0900
6fdf7fe2745f0e17845c96823d6296b288e89657	1723804395	123	HODV21274c
6f7d0ce677d1d0d8d9a2446e3643090ea84e13ba	279472313	4	[ www.Speed.Cd ] - One.Tree.Hill.S09E03.Love.the.Way.You.Lie.480p.WEB-DL.x264-mSD
6ffe1835b02d295a6f36cfca186c42d4c50cdffb	97183176	921	nude
707fd7a14f98fe32bd321dc306387de73f95b42b	1118044346	1	MDTM-086
7042ff5b73fda184d3f838c0ed5240a7413a7b59	913018058	100	멜론(Melon) 주간 TOP 100 『2021.03.08~2021.03.14』
709e60a8271b21a9dcbe3631953e595b0bcc91df	372097203	81	Among Us
7100de7f4866309a5db2b6d0d18a1d2deafa0210	1559205901	4	chikan@T66Y@Jgirl-paradise-x290
7110b6077ac63d7c87a414ea15e060ba53b43635	1237097992	34	UMD-581R
715e5d91785e86333182a5d2349971567498edaf	794699987	4	Full.Frontal.with.Samantha.Bee.S06E07.1080p.WEB.H264-JEBAITED[rarbg]
7203de429171cdf71e61e04a15e513e45f3c7277	108450890	15	Manuscript - Маршруты (2015)
7275a95ce2e456c52ebd107ed87c91c34eb061b7	2006966182	5	【ses23.com】111914_01-10mu-whole1_hd
72dff71915b2e726a78b03fd227f7917de4f69d3	87688893307	38	做種子
7301d8421c2befe3b6d2efd6474c1df9cd780e06	925419535	4	AssholeFever.14.09.20.Dominica.Fox.XXX.1080p.MP4.KTR
73d819e37868c19eba6ff04c36cfec6a0a728ac7	407364783	2	X-Art - Much Needed Vacation - Kristen [720p].mov 
737f9d47e730534dcb49fa23a5e35b7ea74af0ca	155877018	16	Transatlantic - The Absolute Universe The Breath Of Life (Abridged Version)
74f295f1b65ea68b477b2f2374a1da418e18bb99	521142741	39	非常闷骚的长发美女和男友做爱自拍，很淫荡的对白 非常骚的可爱小女友口活、做爱自拍，下面的黑森林真茂盛
74b02735ec13d0d06319b77274dd27c4985a23b8	1248347136	1	DV-947.avi
7577ea130ef21e3811789776c728144d7592ec35	210840618	4	Naughty.College.School.Girls.43.Kylie.Rachelle
7645fb8b7e413cc98c7e1e88228e8f28f46751ae	1001136128	5	Mindy Mylrea - KickButt Boot Camp (2006)
76443bc2fc0df9665e5b958c4a16116a61bec3c3	4712352369	9	2008.12.15.Serenity.2005.Blu-ray.720p.x264.DTS-MySiLU
79e74a49380446b1288138fc2657aa544c9c7b41	3565683453	23	Y093
795cf26c0b010886117f8a634739be97b4bd329c	754690668	1	[TSPussyHunters] Jessica Fox, Maitresse Madeline, Eva Lin & Venus Lux - UPGANG BANG ORGY! 3 TS WOMEN DOMMING MAITRESSE MADELINE (22.12.2014) rq.mp4
79c9606bb7d2abdd3b26a205c06716e4d69413d5	3806319732	3	BeautifulSlit.DigitalSin.DvDRip.x264.2013_iyutero.com
7a4e401f10d025ab51d2e408f9d50d7e31528b5a	517673556	1	Marley Brinx - Orgasm Assistant.mp4
7a815914acb9dc938281e8f6ec5034164b9f02b9	1759235226	11	2021031434
7b9f5142eddd8df3d0bd3a8e0ca68786375cfa7c	625621580	5	Tokio Private Police (1997)ru en jp
7b51d41685c866e3a6defffb51edf3dbb121aa8c	244919163	1	janine lindemulder and vaniity.wmv
7bcad34701d5343cbec570cff54020c4960452ed	653849592	25	Mark Vera
7bfc89886178fca5ff6b3a1e6d3a91f5f481f5f4	646869623	6	ha8800_update_4.15.0
7cf7e9be964a4330eef2361d2d131dee9232669d	440840544	16	Giuseppe Verdi - Rigoletto
7c20f5af6f05820622c08ae77570f868d863c0bc	41201600	7	Florian_Meindl--OUTPUT_06-(FLASH263)-WEB-2021-BABAS
7dcbf15cf3bfcfd1c3fc2f9c110ff8ab7903eee4	4501424723	7	Descenders
7f5f3bd6fb32e1cafbac305608737c720bc8a506	26290829	43	[Fuwa Fuwa Pinkchan] Gekka Midarezaki ~ Sono Ni ~ (Tales of Vesperia)
7f0b01c0aa63d9484d9998b58f142286ae65d553	3046186927	3	Trzynasty wojownik (1999) Lektor PL
7f323efb2b12af88783ae578fbdcbaf7ac7463c4	197098312	6	olo@SIS001@[Penthouse]Jessie Volt - The Sexy Blonde Mechanic
7f881a4f2d550126707d5eeba0d25276caf9eed8	573616571	7	[04英国惊悚片][夹心蛋糕.Layer Cake][BD-RMVB][中文字幕][YYeTs人人影视]
8025a07124dcd4ee5defcf65cdd3e6a1a4ad2c7d	223693176	3	推特网红嫩妹『DTALI』极品白虎馒头逼粉嫩小穴白浆超多狗链女上位骑乘超短水手服蕾丝女仆后入口爆
8029341970640b2e5e1538fb8b2f7bf8e02485cd	20904677	3	IObit Driver Booster Pro 8.3.0.370 (RePack & Portable) by elchupacabra
819c4d6c59b54b5c8299259c1391ebf0e8ae2c68	1468688130	5	Anacondas.And.Lil.Mamas.9.XXX.DVDRip.XviD-UPPERCUT
81ae2ec885d2ae3912cfc13c1f8e0b23b9871dfe	760305815	34	060211-714 by arsenal-fan
82c8bbde70690fc0afa8d5bde62d73f148bac022	7278889994	11	zw0314
82c974165e64404d62ea4a5940f2f28527a1604e	156723852	2	Modern.Family.S07E21.720p.HDTV.150MB.GoenWae
8292fc883baf2c6c06b3082b903ded9c95aa139d	2211051686	28	NHDTB-500
82b4f119c73fecd7c17e33054683489d7936d9f1	306283642	5	Спасибо за покупку
84934451adf1f48c042867a86f13a18313864c1b	549676802	3	Family.Guy.S14E14.1080p.WEB.x264-MEMENTO[rarbg]
8432d699f10e8bbb61db9ba12b693299cf99193c	271888047	12	Cyclops Shoujo Saipu
841d4aaaa911b58538386eee39cdebf07c41465e	116497810	1	Macleod's Clinical Examination 13th Ed. (2013) RUPOM
84e06249bd1da3030be5e94cb69f4de2bd3c116d	3111550405	2	Fuze4 [NSZ]
845f6075418d134adf65a101e787f921d68cf36f	1837996741	3	Summer.House.S05E05.Best.Frenemies.720p.AMZN.WEBRip.DDP5.1.x264-NTb[rarbg]
84a2a6424e95fd0176a59c79c3c1398d63deb0df	1144499647	3	Black.Ink.Crew.S07E06.My.Favorite.Smurf.720p.HDTV.x264-CRiMSON[rarbg]
85123692290641ed648322c9d5d81e5fa0e5de14	1040450049	15	youtiao222@sexinsex.net@SexArt - Blue Angel Home Coming性爱艺术
85572e8b338e8d167b77a2a83ed041d1037bca7e	2731395232	21	Elisa Braden - Rescued from Ruin Series
86569d864c8b0d09fda138f131ac0500dc28c730	1167020243	8	本物空手家 真島みゆき VS レイパー 真島みゆき
864036cdcbb3df47add2ee69382579cecde6c8e0	100319965	12	NODFYR-Eigenheid-WEB-NL-2021-OMMM_iNT
8834d4fd3a696f3e479d215b58d71c4aa23e7407	297272399	52	VA - Hard To Get - The Challenge Story 1957-1962 (One Day, 2013)
8853aa53fc170d177ecc263a439611e59771a03b	922575805	24	011513_826 by arsenal-fan
88b3febcb1102d03518b6f8bea42c8886258cc58	85500130	12	R-Dent - Impatient Success - 2016
88c606955914436f261f0a2ac06ced2c51d14865	2720010728	1	gush..flesh.hunter.13[tk][480p].mp4
8960dee9a19d1c2c7163ba6fce9f806377a64b8b	3039680	13	[Niratama (Sekihara)] Luluhawa MG (Fate Grand Order) [Digital]
89f81efe8010af28196c1abc7b648ffb99870699	730879711	2	Star Trek - TNG - Folge 079 (DivX - DVD-Rip - FTP-Team)
890bcff7032f91e86bd18186b288c3556a1b2c9c	1432054842	3	TV 동물농장.E1012.210314.720p
89d05efd1d2339543380faf799c645e38ada18b5	4821105802	9	第一會所新片@SIS001@(Fitch)(JUFD-787)絶頂と同時にアナルがヒクつくびしょ濡れデカ尻ファック_村上涼子
8948609bf28cdacbec4e6a952a1fab29358be9cd	364118077	10	TVBOXNOW 專業主婦偵探
8b22d8042002de5189f9b165e30f295d98c79f68	804325067	4	The.Pioneer.Woman.S27E10.16-Minute.Chicken.Dinners.1080p.WEB.h264-KOMPOST[rarbg]
8bb5f136936e2474a1c5f68546f118d222afade4	31189100	1	[AojiaoZero][RWBY Volume 2][The World of Remnant 03][BIG5][X264_ACC][720P].mp4
8cf811d29f4f531c4835d04663cab8fdc539e403	144532887	3	LadyVoyeurs.19.07.24.Lucy.Kemp.Gym.Induction.XXX.1080p.HEVC.x265.PRT
8c759447e77848556d7ed5c8f5eb79af046227da	65628806	1	1Password 7.7
8db2fc93231589a5176a66a132e89f898f38bf0a	4721331434	3	Girls.Gone.Dead.2012.720p.BluRay.x264-LiViDiTY
8de1cdcd3d975b895312b26c2a1946cf026a97a3	338902910	2	善始善终25-26
8ddcfa369f95979a841651e7296132a1545568ad	520354017	4	[BLACKED] Hot Blonde Babe For Money Loaned By Daddy (12.01.2018) Web-DL (720P) (Role Play) [MP4]
8eae21fe8cf5a2278a8f97f48c01afa1457359b5	3051383731	51	YRH133
8fd1f44ff2e28bd9212c2c92f3c4a24bb6449225	786387245	15	[TheAV]系列哥第二部抓嫖女警之应招女郎被拍裸照主动送操--更多视频访问[theav.cc]
8fbde298a184f5421d0a97ea39f0250dc8e03dba	945424282	1	Come fare soldi vendendo droga.mp4
8f0a22286b723fd257f9d41a446f40022bfe50d8	174246370	3	汤不热知名性奴小母狗Temuer郡主性感啪啪合集_无套抽插淫荡浪叫_多场景多姿势_完美身材
90ab66d4b6db48e85875dd7a3b2b6da3a462c913	210061688	3	分享个人收藏极品一线天fellatiojapan-322这系列一般都是口很少见的啪啪逼美人更美非常诱惑无[1080p]
9045b3d27668d90a1ddba2a9b789e0ddf7f2d131	2841590952	4	Lyubov.na.reabilitacii.WEB-DLRip.[RiperAM]
902c36efb3a2e19f7a8259c4891b27eace662493	3837640612	29	奇诺之旅
90600ffc7eff88b38f8487cd87034648f10b83ee	5346120231	3	When.Calls.the.Heart.S00E06.Home.for.Christmas.1080p.AMZN.WEBRip.DDP2.0.x264-NTb[rarbg]
91e564fcbda100b4fa00c83669b952e8ed883d22	274258493	1	Carson.Daly.2017.04.05.Abigail.Spencer.720p.WEB.x264-WEBSTER[eztv].mkv
917169f967c7c3574a3ab2bbfef7c2338f673d46	182897923	3	Private - Anna Polina (Anna Polina, sexy Spy Gets Anal Sex)
914ce2be714a0676e933f40bd8eaf4de87c0c757	3128858740	49	heyzo.com-0636-FHD
91571ad8f97c43d8e6f3cf3af9f4ef83655e8762	754574597	6	olo@SIS001@caribbeancom-010116_060
91bf5d43200914cef7ee56431fd75663f2aa9dc0	904952912	2	Livvagterne.s01e08.DVDRip.x264.BaibaKo
92768ec63dec5a0301f76de78cbacb7f6b33a57f	370172117	3	SugarDaddyPORN.19.06.05.Angelina.Colon.Is.Back.To.Fuck.Daddy.XXX.1080p.HEVC.x265.PRT
92a40d5eb1b22b1fd0ab139a69cc7860983d8397	536726361	50	VA - Retro Remix Quality - 144 - 2019
9232a18a4533bf266a6447ebde869495e50334d3	2366913930	4	[ OxTorrent.tv ] You.Cant.Take.My.Daughter.2020.720p.FRENCH.WEB.x264-STVFRV
935a32c8c4335f2032c882c6b0c5725f80fcf37b	181344206	21	VA - Dance Traxx 20 Chart Hits 2021.2 (Ultimate Deejay Selection) (2021)
939e85a82707f2bd1c48c4fb5de553f8a2c84690	263192638	10	TVBOXNOW 星期日檔案
942cd6e568cb3f4b5ce8ceb5e9ea3596eddcf525	402655863	2	3DMGAME-Aritana_and_the_Twin_Masks_RIP-VACE
9446213876354b7a723b6b14962534fd877c352b	1751733606	81	n1335
948a52c2071bb6c4ba0ac499a945cd2a05b48737	198632339	6	Part2WebUserIdentification
94740c95249020daa3e7eb37b94a1b4b83569044	3930772453	3	X战警：天启.BD高清1280国英双语中英双字.mp4
9454a9c3f0bda22314796ea6e519c239cd6a43a4	1096976136	2	2015年喜剧《快到不行》BD中英双字幕
94a504795b9c57a3361743e529ea39360be699df	1003787338	3	Mohabbat Ki Arzoo(1994)
94287614888abc1e4f934a331785330e2cdaaff4	5439421149	5	【春暖花开.cc】HND672
9526053196efbb30a57fa8b2a27f99a1f5fd39e3	3279773637	83	[ www.TorrentDay.com ] - Travis & The Nitro Circus 2 DVDRip x264-ChaoS
96a8782e9bf8faf938c313207cb6a0068486c941	1744830512	15	[GBH]n1337_ol_03_uj
964d0d07b4649ffd5595eb8e48fa7e3361622b52	62246105	1	3DMGAME-Angry.Birds.Star.Wars.Setup
96d1d61c271fc89ee9b5f232237754f796af3259	178604408	3	苗条身材皮肤白皙妹子道具抽插自慰诱人开裆黑丝上位骑乘性感大白美臀
972de7fe3311a9882127230422ed52a1ba1b1d17	3667371887	4	MG-003 Keroro@mimip2p
976757eeab1f989f5b4f14e431d53a9e0df315c3	727305096	1	black.summer.s01e4.internal.1080p.web.x264-strife.chs.eng.mp4
98533709ec338220f121e43770a6cc9eb044120e	1121452314	15	Y577
98b3f9a447abe88b0c35966d48ae0e0f38cd1c9c	37867670	2	annie_on_one_-_2002-02-03_ils
98127b84db386f88375c6f35ac1cf74415584ed8	648454341	7	3
99ff9edcc138af60c1e22e4004b94b7855d1ae59	340043212	27	Pino Donaggio - Two Evil Eyes (2019)
99731a2989310e98b8878661e44cf4d514c98a83	4680835072	17	Kutily-1965
991043b74fdcfb0a4db8670f03384dea75026b86	1313514050	1	FISH321@18P2P 咖哩辣妹.avi
9a36db98ee50bda8c8ec0140a7d39d5eb8295c2d	2232809449	6	Half.a.Chance.1998.FRENCH.1080p.BluRay.H264.AAC-VXT
9a1aeb364b3c1197edd058a347bfce2e9a35bb5b	447321829	1	31
9a9d46af6181538cc03e8de3231f34e694075eda	147737947	12	Blackened Halo-2019-Slaves Of Salvation
9bab35cbc1290190435cc302f2586ed635f97610	245713272	3	越韩混血美女凌晨穿着情趣内衣搔首弄姿诱惑狼友奶子大且挺逼逼也粉嫩
9bff46e362f9e3f3abda02bb5079159a04874b10	810583712	18	WowGirls.16.11.08.Kristy.Black.Being.Blunt.XXX.1080p.MP4-KTR
9b6e81f48ae5b0a1235f52feffc3acfe1ce735cf	822034192	33	DBT 2015-05-01.mk41.perks.flac16
9d73c72fd1154956c5d36bfd178901231d687723	20090429464	10	WandaVision.S01.1080p.Kerob
9d3395026964dfb17ef6b2441800a7adf5598092	1955434	2	Adobe Master Collection CC 2020 v25.04.2020 (x64) Multilanguage
9ee486a521ce778a4706e26d53dd08e66dc1362d	3708169407	18	Tokyo-Hot n0823-HD
9f995443106b195cceeac822d2013a8bff6aa26d	24066121638	146	Beach Club Records (Ken Martina) Discography Part.3 Vol. 8101-8150 (2019-2021)
a0275eeacfc5363361ca2aa1ba203f137a92ac52	1312093968	17	x352-x353 by arsenal-fan
a266fa74c3b2c645fe330d5595a4a2fecdae8948	247955619	2	CuckoldSessions.18.07.08.Maggie.Green..480p.MP4-XxX
a23038c7e68f131f135889c8eb7ca115a52bef7d	395566888	21	Коэн Тьерри - Я знаю, ты где-то есть [Задворных Вячеслав]
a2f8e8319b0ddcce163c2bd73003ced1643911b7	20842958261	37	Do You Like Brahms
a21a77c6ed7180b5e082edd5a3c0fc39881684c7	295248746	61	Bif Naked
a26b0e3570ba2d91693a45725d916b2d680a6fee	1564642518	1	BBC Suffragettes Forever! The Story of Women and Power 3 of 3 - A Continuous Struggle CC HDTV x264 AC3 720p.mkv
a291d202dd617dadeffdd8daf38db1e21c83d1f0	730855424	1	[무삭제] 금단의 미술실 (禁斷の美術室, 2003)
a2907d51e511190f60a61d55ea498b63030cc8fb	469941381	12	HJD_3813
a351fdca7383aa43f4a6eaebbae472a18281c3ae	734504960	1	Vanilla.Big.Bottoms.CandyShop.DvDRip.2012_iyutero.com.avi
a3914546b8e8d4f69529a60ae3f9641b69859ddf	905536056	3	Улётный экипаж.s2e13-15.DXP
a4a8626c71e1862afd3db29baf095c2f58205e46	3183817	3	Nixonland
a40e4a12ff91c3056e8850f93b6237e54c10abd8	1352296	7	Tibetan Peach Pie A True Account of an Imaginative Life by Tom Robbins
a51d4adc04e487c7927f4a7833cf6333523dff13	4510332601	3	12.Years.A.Slave.2013.720p.WEB-DL.DD5.1.H.264-ELiTE
a598f3053e283e6f6b15313b9abe34e4c73ccd62	2409105834	47	迈克尔丶杰克逊@sexinsex.net@TS-Playground
a5bfffc4ef7dbc43b7ff0ed30d0880bc514dd171	901531106	1	Akari Asagiri & Eri Hirasawa - 126.mp4
a590736b273ca1375f250623100d937707d19cb9	3286775612	9	Nine Muses - ladies LIVE Package HDTV 1080p
a6fe204f7d7ef5b5b6e10d8d78140b0b494d9ea6	11056251	1	凌波中漫（41P）.rar
a79dd83155f3f17e2a07adb564c274c1cf603a04	375879340	19	黑暗双龙@www.julybbs.com@性爱游戏节目(上）
a7b1eb1f7f7183471975e9f99900b787b9ad9a58	450431418	4	爱的理想生活.Brilliant.Girls.2021.1080P.WEB-DL.H264.AAC.115WiKi
a7b7acda8d31594e885a29b7b6b7a4df44ffd17b	701067399	1	（精品成人福利 uuc75.com） 10 精品视讯系列-极品美女主播各种诱惑大尺度大秀喜欢的不要错过
a922d7d668b26b575746399ae746de097590149d	1491261655	3	PowerBuilder12
aa071a6913d2c81d73f02bb71fa29e8f8a3a3422	126371164	21	Александр Сидоров - Театральное кафе - 80-е
aa54990e7d63d68a9c220397d6b717f7cc9dab22	109934157	81	[Twistys.com] 2010.01.21 Isis Taylor (Enter The Temple Of Isis)
aab65c68a40f23055bd2f0d698f1854bdea52b8e	2136785767	3	A.Good.Day.To.Die.Hard.2013.DVDRip.X264.AC3-NYDIC
aaabce7350f6ecc61bd28f7faef4182aa601d7bd	262490488	3	【文轩探花】神似金晨高冷外围女神共度风流一刻大长腿美乳翘臀
abf3c74879d929a309781e017c029e26c8854086	601968748	2	Фитнес.s3e19-20.DXP
ab7027904a2dcc122eb4a8ef4b76aae09c72d1f3	817139919	36	gachi466-gachinco-720P
ac230519168c144097bc7ee576519a8e6a22ced7	221186514	3	Significant.Mother.S01E01.720p.HDTV.x265-CTTV
ad05dc7442be93020318031848d1c8ceda527c94	585189334	2	Shame (2011) 1080p.BluRay.x264.Full 553MB
ad8cbc50fc648a8ad2baf892d24e3dc793d564f1	2092684952	3	Страшные истории из школы. Пришла Ханако
ae8adbb95eda9739db465f648f35ed1262e2a1ec	4375723950	64	Food & Wine
b0994e3c32a4b4a0d05dbf473b8caf331222aaf3	1467945375	6	lms73@Elegant Angel-Car Wash Girls
b245266f3bd08c65bcdca984d0426f5b2b829cea	37057190	131	[Kidouchi_Kon] GAME DEATH [English] [Incomplete]
b3111c2a179129d974037dc9e3ac3c40a5898f16	204763136	9	primecups
b3fa5167ded904b165c4e164feaa323b13cba25c	1750676125	2	Serpent.2017.1080p.BRRip.x264.AAC-PST
b4bcc5e81a691d3c44d4779059e92ec31204521f	1113758914	4	Fright.Club.2021.S01E04.Bigfoot.Gets.a.Pedicure.720p.WEB.h264-B2B[rarbg]
b44a58b5bc99de74f7d956f250ecf770f855c159	1401010071	4	RealExGirlfriends.14.01.11.Serena.Torres.Celebration.Sex.XXX.1080p.WMV.KTR
b411e85be52b0354a17dec32a0e18a84792f168a	573179388	11	[无码]超可爱的 而且性格太好 是什么样的男人也真的感觉中出(不详)
b43a68f3af8d58f0e8a2e48f995a6e3eaaee399c	119871887	12	Perry Travis Jr. - 2021 - Reality
b5eedea45cadac97d9d85f22dfdd89d77ec2252c	682598968	5	The.Masked.Dancer.S01E03.1080p.WEB.h264-BAE[rarbg]
b525d27589a02256fce3681921febf27d3658054	329997784	3	The.Tom.and.Jerry.Show.S01E16.READNFO.720p.HDTV.x264-W4F[rarbg]
b6a36bb6552221eee244e4e4557e0b82673a4c4f	1742965532	149	SSNI270C
b614e548cf5e229a9f706721ba10eb9833f6d5a6	458575946	5	6268.VIP@LegalPorno - Jolee Love - 巨屌队轮奸爆乳美人 (重口,黑白配,双插)
b64d895cd8d041631f579c495cc9d2596ab0c9da	1001796923	6	olo@SIS001@ksbj-034
b75e7a6b448f37152bc94329888d4a4cfd21f611	271927672	3	云南河口最棒的夜生活场所砂舞舞厅可以摸奶扣逼摸不到奶算你输多V合一
b8f85530d4aba178325be41a4be5040081001f37	20448642	4	Neuratron PhotoScore & NotateMe Ultimate 8.3.4.5 + Patch MPT
b80ad0fb84f83439985482019b4a653983793480	6950413715	51	[Turab] Bakuten Shoot Beyblade HEVC 10bit x265
b8d2599d830f53159d481cbf518873af7921afc5	14581539835	55	上善若水@www.sexinsex.net@Tushy 系列四部高清[无水印]
b996d79c791b2d4c94228c767cd1e558245c485d	1064381579	1	Melina.Mason.Big.Tits.Round.Asses.Bouncing.titties.BigTits.BigAss.PAWG.mp4
baa7be91029582c203af92016518547515a63933	49064818	1	[Eroyume] Colorful Cure [Hi10P][1280x720][F7552285].mkv
ba59ff8c8d6ccdc2ac7499b1a89d8d052dba58c6	587951731	1	812-11.zip
bb36f8aedcb4149ffef4b9eb24052f5dfd95fb5c	667264014	3	Ali.and.Nino.2016.720p.WEB-DL.2CH.x265.HEVC-PSA
bbfed2b4d7be30e82ba91c78baea4b61f8a41e5e	4706009088	6	lxfdvd245
bb7e2070d562741707b84f6644b6c581909fd8db	130784285	10	Navalm - Beyond the Reality (2020)
bd85af76e05cd7f1e725d0653f94855bbd40a32d	1676228373	7	[Yousei-raws] Freezing (Vol 1) [BDrip 1280x720 x264 Vorbis]
bdf7d72a0e80a5024c17bd3af603a17a71588af6	854505699	1	[JTBC] 신인류 식품관.E16.150808.건강 밥상의 新조건 푸드 마일리지.HDTV.H264.720p-WITH.mp4
bf96fbdad6cefaeb9e684179f839a17875f68c76	9469293834	3	2010.07.26.Repo.Men.2010.Unrated.2010.BluRay.1080p.x264.DTS-MySiLU
c0d454aa53e1ca5c8b845867aaca5923b67af3d1	80427343	8	ZemanaAntiMalwarePremiumV2.72.2.101FinalPatch_201803
c11aabe0b671444d8b025e5a4303bfe882b33d3e	3058172153	15	24262830.@www.sis001.com@DP公司出品《PowerFuck》
c219cd1cff252b28a072a5e364d5796dcb5b0c19	11450522806	12	Total.War.ATTILA.The.Last.Roman.Green.Edition-ALI213
c29e9493f1a33dc6f4ed230aad930d1ed68beed3	1783112452	32	Malcolm.and.Marie.2021.1080p-[freedownloadterminal.com]
c311ee364ad6cb1deebe0c2b61f5896d5c4c2d1f	224741752	3	新人穿着黑色开裆网袜的长发美女主播毛毛旺盛露逼诱惑揉道自慰手指插逼叫声很诱惑
c4eefc2ebba5a1bf2b9337422d381dd595169a28	21606434	3	МАРТ - О важном - 2021
c4416520d05f9d3887a3d1b9fd4943e0f3371149	1669784032	6	[Johnny-subs]_Mazinger_Z_75-80
c4d1c8a9048127407204bbe459494b70c7153cfb	5871281450	13	【BT首发】【BTshoufa.com】[全力扣杀][720p.BluRay.MKV][5.46GB][国粤双语 中字]
c58832b8a2f69a22f63156e4b1fe001cfc2e4a1f	1437869056	1	陌路惊笑1080p.MFL.mkv
c689118fa2b32d98039e47858a0e17224a0f7670	1507263372	2	WWE.Monday.Night.Raw.2021.03.08.HDTV.x264-NWCHD
c6eff18c5c296edd1f85845a00544f67d24398c4	289985479	30	Riot Client
c7fa46e84432f09981b524fcf68b3ec4fc119d40	1227705625	8	RHJ-278
c81d7ac6aa0942d419d5e693536a0294b9d3b562	4188329215	8	AssWorship8[pornolab.net]
c8af9c91666545a69eeb99c6ee1c2867dd6114a1	79864319	13	Jorge Mautner - 1972 Pra Iluminar A Cidade
c918f14fdebbac6740231682e4a4feafeda76d0f	415334449	3	WoodmanCastingX - Kristy Black (Hard - Dirty fuck with 2 men)
c9067ae345e46b65bf11c096d3dc3996e3240b4e	573794597	10	【猪头爱爱】【SEX8.cc】 钟淑合集9
c97cfd22338f70fab7e798d39a7bab745d1662b9	124299532	17	Rue_De_Thoiry
c9727bfe3c917a3b0c8db7750a5372a929fb09d5	5265070080	8	9-1-1.Lone.Star.S02.WEB-DLRip.LF
c991692f97fb06cae3f805d3ff7c9814fff86fe9	1329684480	1	따뜻한 말 한마디.E02.131203.HDTV.H264.720p-HANrel.avi
cad051d41015904bb3d7e323365cf05e296c82df	2029143848	9	SIRO-4382
ca875d3be6fbd37821baee7e75e6e293a6a0aff6	1534604716	1	BF-514
cb8a1c9a08127817fdd63229c4dc1e5b45380479	4677917	3	[2022.DEV]2022CM用户分享TMH9.mp4
ccc803ca95c5c6a31227df8e870da73284cd3391	50818973	9	Clima--When_It_Rains_It_Pours_EP-(TURB004)-WEB-2013-BABAS
cc65dfa0874f979b13fdf08aa4481095d2c7a0a9	1955434	2	Adobe Master Collection CC 21.08.2020 (x64) Multilingual (FULL)
cd8e33019fb69e61548b4712ff842ddd90949d87	1233919694	6	www.lyrics.lol - Tournament of Champions S02E01 West Wild Card Play-In XviD-
cde22bbff37fe32d1d9ae447f010002acf0b318d	11749522	1	[Momoduki Suzu] Here Again Tonight (COMIC Shitsurakuten 2016-08) [Uncensored] [English] [FAKKU].zip
ce8022d848c9076aeed9a8da7946d0a066d9c6b2	13322956655	10	[KORSARS]_Tatoeba.Last.Dungeon.Mae.no.Mura.[S01].WEBRip.1080p._[StudioBand]
ce730c9fc60f3514a8503b971c9f0026007798f8	1174983	5	[川崎直孝(ただたか)]晒黑了的孩子[无糖·漫画组]
cf3466bc5111512dd47fa2cf5a64449b300bcfca	11115156052	1	Thor.2011.BluRay.1080p.DTS.x264-CHD.mkv
d09783309f20cd63be3a65cb6ce013558bffb540	18871832	1	平时可以皮床上必须乖中国国产麻豆，高颜值露脸女神空姐秘书网红模特，chinese China
d15e474643002968763b579319d8f87b59e68c8b	1461663744	2	n-038
d1bc6977cd95576eb78463a98ac8d60de89b6f8e	2162278400	4	Good.Trouble.S03.400p.TVShows
d2f84b6f4fe2d50c7d311d1596b683f54e2a9c2a	1091538143	3	JUL-288 Miho Tsuno [Sub Thai] โยนีแม่พระภาวะจำยอม_
d260a0fdd1cbc96c7057d49ab7b7f3e404d7c82d	202721656	3	白T恤粉球鞋长发气质美女的微毛嫩逼捎带拍了另一位美女的小穴
d236a3b31037192455a85fc4b9b4468006f3de8a	6605612611	4	[psk.la]Tokyo-Hot SKY-315-FHD
d295ddd7ffb2c56725a70ba6ff5507d75f6518b0	63304005	188	CTB.1994.15BarcoPescaEntreDosRocasPlayaMarBaltico
d2b284f178f1367732e0cb0c0214f80f73772bb5	4776805196	1	Братство--.2019.Россия.WEB-DL (1080p).MPEG-4 AVC..mkv
d39bb8c1d9ded30628755c26ad1245a19e73a490	2754152230	1	DTU-02.avi
d324bf09c2fb866e242e3afd153cf7f6ef7db9f3	4830980941	14	SHA1XLegendWind
d485399704087bec5cf06d87cc0ffffeb263a838	74082634	6	an-eye-for-murder
d4b5adce6b5153b5f26358be5ff823ef92f64345	22372534488	33	福尔摩斯探案集.第1季.第2季.冒险史.1984-1985.中英字幕[免费资源关注微信公众号 ：lydysc2017]
d4e140a99d11be06e94e4d17b4bba31a9f13e957	449136315	2	MrAnal - Trinity.St. Clair
d464ba0f0ac859f3db6cbcfce20b848c786b88fa	9751672264	5	Laggies.2014.1080p.BluRay.x264.DTS-WiKi
d5d7e57ff9e279af023075be1544ee9557b9dc1b	248859000	3	91沈先生约了个妹子吃饱喝足开干,穿情趣女仆装近距离特写肥逼口交猛操
d501bd010f2d0bb1f720dc8533a2f5e928c39b3c	1665037687	131	KKJ028C
d531d85258e23f979522c3a76a5d73f1314398ea	7913671454	2	Crime.Insiders.2007.FRENCH.1080p.AMZN.WEBRip.DDP5.1.x264-NWD
d641b887929d7540ffb110447c9931fbd1f5c987	91750312	593	actress nude photo
d6a150debc2c31a5a98efa421083ea738aadecac	278219128	3	清纯极品反差女友〖希妹儿〗2021最新啪啪口爱私拍流出完美露脸
d6f93e5110ad6131ed2a1f3d9b227c20f71c35c1	269295561	25	Downloads
d6057a5650ac51fe04fb5d8bb4d9fb09907405de	35448748	3	planet_z0-z6_2019.mbtiles
d73980c0265fe2ccf32fb2ed1dd2400c6f61684c	4242040832	1	H.I.S. TONDA LONDA 1.3.iso
d72a77eb4516fe0ca311d935c89cc8d8c1052b88	3518533423	3	HD_MIDE-897
d8e0533d638ecce604338038f82061e81457653c	382948941	1	[PureTaboo] Eliza Ibarra Power Play.mp4
d9c8d2bedc8d5df63d09317f64938c85cb637d39	1722636442	7	[SHADOWS-TORRENTS.PL] Bandyci i aniolki Outlaws and Angels 2016
d97b851c8ecfa56262fec53abfeb2c4eeeea9a6e	408387589	1	[TeensLoveHugeCocks] Megan Rain - Roadtrip Gloryhole (13.08.2016) r11q.mp4
d97431523eade0b85ed2e2eca591730d527255bc	249907576	3	推特网红骚货刘玥工作室的小鱼北京钓到帅哥粉丝约炮直播啪啪为国争光不输那些大屌老外
dbbe835b305d7dddbbbb3d1cc16f7d00d5707e24	3169472475	4	我们的故事1.Long Long Time Ago 1 2016 WEB-DL 1080P H264 AAC-中文字幕-MP4BA
db0f621caf06e9605c75915070ec1b71f3b1a08d	803834146	1	30
dccf31c494787e332219c53c00d40deefdc3eb1b	355683108	2	[DYMY&KTXP][RAINBOW][02][GB_BIG5]
dcaa2fb9cad696143e4f6a2e09f68fc364ca9495	7144672095	22	[HR] Hyouka S01 (2012) [BluRay 1080p HEVC OPUS] HR-SH
dd06eec60bd7733763dfbec69c32e9f48b9d7d27	250227853	13	Raf - Passeggeri Distratti HD (2006 - Pop) [Flac 16-44]
ddfa95632bdaf3269678427b39f6a4fc5c09eeb9	1526456241	4	DDT-287.RI
de1a1849810a8280217bf1550a8c641ef9b160c9	682265711	12	Digital SLR Photography 2020
dfabaadb72a154311f0c19e14627ac0707f4af9b	441304323	51	DJ✪Archi - Сhart Мusic (2 Часть) (2018) МР3
e053def37034bf1f0fdcddfdebeeaa04d0a4b4f1	135571051	28	骚母狗道具双插展示轻度调教到高潮
e1307ebe9bcf1e3cf08c995e2f125abffa8e3e88	12824789740	1312	死亡之屋
e18e310e4d52c781825a8bdf82501a247bb6dda2	22601804	56	Egoistic Sister (Translation in Progress - 2nd update)
e2ae1ec9db37afbbb1262d9902ec2eba344eb206	433063598	3	David Rhodes - Driftless (Unabridged)
e2f202d20a68d4a2036215f855516d6fbb4b241e	85612584	27	Vern's Favorite Hits - Jan. to Dec. 1981
e2cf8f8bb42ba307db42e7d2a836285bbbdf6687	89434868	6	Сказання про Арслана (Аракава Хірому, Танака Йошікі) [cbr]
e317bd20893fdb12286c4346e3ca4984fc44af84	50297746916	5	Формула 1. Сезон 2013. Этап 18. США (Sky Sport 1 HD)
e3ad9ec22462319283a6808f1dda5bee8e257b8b	1332492868	3	Сибирь-СЮ 3 матч
e3d22ece00665fa94e24dd0f2bdb84b6ae4e0da5	395267740	1	[HeyMILF] Horny japanese milf Neiro Suzuka entices him with her big tits [PornLeech.com]
e3a87c0485fede9b393ee77d13612fca4f8426bc	147013632	26	77.luchshih.pese.dlja.detej.Vypusk.4.Disk.1.VA.2003.MP3.320kbps
e3bfeb6740bac0bf01ae8accb4c74c016b34e3fb	5966246918	3	Tokyo.Gore.Police.2008.BluRay.720p.DTS.x264-CHD
e47c99af2f832606cd412826717d3923cb67fc4b	1196563344	40	sdmu075
e4e5d59ae0c072d6fa73661afe2a1c9c6f6b54b6	245713272	3	人美嘴甜那多好紫发妹子刮毛自慰诱惑,粉嫩肥逼大黑牛震动特写头部插入
e651bd6b67ee618274fb7c38dff728979ad4d27d	405599858	5	Various Artists - Red Club 10 2007
e7c6f148a70883c4d51937f49b4247aff844bd5e	181434368	1	Time.Warp.S01E09.HDTV.XviD-SYS.avi
e78f7be61528e9ad6804353f7cc352eea2f5dc6d	3076882623	4	Mr.Robinson.S01.720p.WEB-DL
e886fa80b8c73f12bf917d28ac3c1c2ca426e87f	8218194132	8	[ReinForce] Freezing - Vol.4 (BD 1920x1080 x264 FLAC)
e8e9c1f600a6cc18d1343797dab62ae58572fc89	2302568522	1	mulan
e8e9c2b831aab13a47f77b1ad8fbd826f5335f89	1071502610	3	Adu.2020.WEBRip.x264.AAC-HUD
e8c952826bd8f8ee6006cb69eb9cfffb5ba8e0a7	206915960	3	口活技术堪比会所小姐的极品黑丝少妇骚的让人受不了主动骑乘上位阴唇被操的一张一合还无套内射
e8d68abb0a62a36b2f9820ef71bbf8676a801dd5	7113228641	2	Mangiacake.2015.1080p.AMZN.WEBRip.DDP2.0.x264-QOQ
e9870ff3b9fd4885da8aae2b238d4becd44c6237	184442880	1	Time.Warp.S01E06.HDTV.XviD-GNARLY.avi
ebc3e6d4a880b040ebdf6af7c8e5e92182c91017	228720682	6	abit-va6-via-apollo-pro-133-drivers-cd-rom-va-1.10e-1999
eb7846fd7c647467db80c208b0e6b98027a437a0	418215961	12	HJD_4298
eb560e9ca53ea9a99e1deb119398e781ec95fcbe	146431044	3	小夫妻居家愛愛自拍，女主完美翹臀，國語對白
ec4267d716067c0cc83c628d04bfa3ba82de50dd	263454782	3	Evelyn Claire - Dr.K In KA
ed028f65659727104e89ff7fdf2f78624eb12113	28525235575	17	Snooker. 2021 Gibraltar Open [rgfootball.net]
ede6c18c3e325357ccc3594e247abc797ba77d1c	1272353961	4	锵锵行天下第二季.World.Tour.with.Wen.Tao.2021.S02.1080P.WEB-DL.H264.AAC.115WiKi
eebb560d064e5d8665a38348d9b5681e445f2732	1398049579	60	SNTH012C
ee70892c4a4a572d13eb5d1e4369f4e90d8ba850	2053246731	5	{ www.SceneTime.com } -In Harms Way 1965 DVDRip TicTac
ef70046405cdf7e3672814b09b8bf3200b467aaa	2055996270	3	SDMU-441
ef26d37fc0577d471dc24cec30c0812f93d409d3	4347182794	1	[brazzers] 2016-12-17 Stay Away From My Daughter Part 2.mp4
efc79b79be1fb5839b9209fd44bd8209905348ea	1275381347	3	VARG.VEUM-SVARTA.FAR.2011.DVDrip.Swesub.XviD.AC3-Mr_KeFF
f0e8befe29f93cdadbd918cc3a5df8f15a0ecc55	1058699264	5	Mnemic
f0e728c79de5820284dfbe0874f64b84ab4d8a9c	169754309379	44	d473_iop
f0ddbb1cd70736cf606c55666006f91a98df0aa9	521759620	10	Heydouga 4037-PPV398-2
f1f42d7d9bbf333147ce897a41537e9d186e483b	979098201	4	Cross.the.Line.2020.SPANISH.ENSUBBED.WEBRip.x264-VXT
f122e29ce7648bb20f79091db313d8b9ea035b82	135867149	3	WowGirls.16.02.16.Nikita.Black.My.Morning.Routine.XXX.SD.MP4-RARBG
f1484b0b31de488b1722f5992026cd2f9a0d93a4	21444642917	30	『スカーRaws』The Melancholy of Haruhi Suzumiya
f2ad56e2bc745e2f4343fa0bafd368f616c5ad35	4145346560	24	IFC - NEW WORLD ORDER (2009) [DVD]
f2214bc0e6b03c2a6fc8ecab923f377db5542783	235023431	7	olo@SIS001@CumLouder.Julieth.Timote.XXX
f31b6f5581e0415bf77d405f61de36dd460b9f4c	262490488	3	【AI画质修复】约了个黑裙少妇穿上情趣装沙发上后入
f33c774f066be2a5717af63ce538de5832e74db0	930138161	13	【TXH】SAMA-502 sicutatong
f382e14853dfb8063addf347544d0024e92dfefe	19356618953	5	9-1-1.S01E01-05.1080p.ITA.ENG.WEBMux
f40f3d37ce2713806aced9a09f1354c8d038c835	2053533258	1	Ueberschall.Synthlines.ELASTIK
f4077f4e271dc2b8b795e4e62b6cbeb95b7d8acd	2353530266	19	【ystylt】【sex8.cc】Carib-010513-229-HD
f4c99287c6deeed32e013a21e4a25d75e4e5baf2	3624736045	7	МИНИН_СПб_2011
f5ec680ebc5d60091aa26b58a7446c0767402545	1743251705	6	Roccos.Intimate.Castings.2.XXX.DVDRip.x264-KuKaS[PRiME]
f6fbf8f099b9604cfc98b644cd38706df3765749	68804931	4	SideChara2ES
f7b4a0fdfd9929bafdf08e864f09cf3d77a7d015	1712128501	5	亚裔女神系列，亞裔超人氣清純巨乳女神一边自慰玩被摄影师干的淫水不止 亞裔超人氣清純巨乳女神： 洋土豪东莞嫖妓之性感高跟渔网情趣小妞被大屌干到大声淫叫
f7d96a8495891dfc9fddf34453200a4f90ca69bf	551602900	1	TimFuck – Devin Masters & Tony Travers.mp4
f7b4136cde9347571068071538a2d69d609510e2	516019301	16	VA - DJ Deep - City To City 3 - 2010 - FLAC
f725ce5185646ca244fe8694bdaf518bf0af73ec	2384043902	13	About a Girl Season 1
f7b8520394bc198fc31f732a45466c9e56e50ff6	296164884	23	VA - Jazz Dictionary J (2017)MP3
f8f0758fbf792044f315ecf72cc9a3262c159b42	376438892	13	【大劍師】2012上海美羅潜入映像特集 (18)
f8f0efe2bdea3e3570c897025ca9875d51e75edd	583012251	1	NKKD-124 NTR .mp4
f9e6f4c84f01a3fa60c623fef01629154d73d146	144069391	1	[SPICE TV] 침실공주 (일본).mkv
fae9b924d9833390ebcaf259f6ed8179fc99d9a1	1297412802	4	BT-82
fa532bd9b872c38ada7b00088c25026bc89aacf4	253053304	3	超靓美女云集群魔乱舞【空姐薇薇】魔鬼身材的空姐多人乱搞4P口交一大群啪啪乱操真是劲爆啊
fbef47f542486b50b17da403dfa335a16b7eae91	12025314466	1	Silk.Road.2021.1080p.BluRay.x264.DTS-HD.MA.5.1-FGT
fbc3b72ebc451ae2dcd8d11a177c09c28c04bdd7	403111966	12	HJD_3933-最新福利姬『Erica』萝莉脸重口妹子 姨妈期大胆自慰插穴 血都流了出来_0702
fc9b8a792f21a7105f667296a0a5069f8232f555	137730469	14	Noora Noor _ Soul Deep_2009
fc654fb0129fa480d4f3ec0488f7819e2a405158	1458500112	1	憨豆先生的大灾难.mp4
fca591332836a5cf03ec413e28be04233e024bbb	653023252119	6	sr1-1
fcd431b9fe6f019406f27bcc04fed230708ed5d1	1252349878	68	Moon Devoured
fc9fdd77968a2bb535b2ee80ae36220fcf5edfd9	123760126	3	Desus.and.Mero.2019.S03E13.480p.x264-mSD[TGx]
fca6982425bfa113396ed4fbbfb09091fb27eadf	949889626	2	MoneyTalks - Tanya - Panties In A Bunch [480P]
fd605171557ee008dc6af23e6b52b408f916da2f	243117965	6	VA-Mainstream_Dance_Megamix_Show_(Mixed_By_DJ_Kosta)-BOOTLEG-WEB-2021-NOiCE_INT
fde86fb7254b9d711daeb26d3e77da1673a7c645	496275810	2	Ricki White & Phoenix Marie fucked outside
fd31858b61ae95f96a6e7a831a4d04e78776ba64	19162276	7	Thieves_Of_Dreams_-_The_Show__Gimme_Life-(ACTDIG163)-WEB-2021-SRG_iNT
fd2faf24a928a4b428f7cda2c0e525fae0920bb3	1851432653	3	lvc66958_cdnqa_B
fdd5e4ea63157e7aeccefb4da05f8984a21faed7	507323846	34	RandyNewman.1983-01-31.Cologne.FM.flac16
fdf297e4f9cb3ce7b6d609541afcfc18f781a2ec	1332603640	2	Grabbers 2012 BR-Rip
fec6205d450a6d2a3399ec271027bfbe05f80832	1563352887	3	[DMC.RIP] [Алуника Добровольская] ДЕСЯТЬ СИЛЬНЫХ ЦЕЛЕЙ НА ГОД
fe1876642c520731d8281c633aa1aa711088dd4a	352474611	12	极品诱惑风骚白衣天使美巨乳脸蛋漂亮
fee2ae3b222c4c39875baee28a061ef1e675de58	195381624	3	小少妇被炮友道具玩弄情趣装女仆装戴上手铐口交
fe47de7f264153a7a228879dcb52e4b1e282ebda	614400000	1	Anal.Expedition.4.XXX.BRRip.720P
ff34b5241e3b4b008d895e37a3d74c2487eef773	2907706553	5	Extraordinary.Escapes.with.Sandi.Toksvig.S01.720p.HDTV.x264-DARKFLiX[rartv]
ff10655115ec62cf60ecd56085a7518933549ab2	857254899	5	Arktyczna apokalipsa - Artcic Apocalypse 2019 [480p.WEB-DL.Xvid-NoNaNo][Lektor PL]
ff3872c925d6ac2719155c61e167638e8fa4aeb3	18845643627	35	[FileTracker.pl] Fala zbrodni [Sezon 4][WEB-DL.x264-FT][PL][Alusia]
ff68c882844f5cb854358b391c29afcbcd040ecd	2626070829	143	SDDE521AMP4
ff7383d788c267e97adc24fc1ada8d3e015012dc	1459310412	2	The.Voice.Kids.AU.S01E08.720p.HDTV.x264-FiHTV[et]
