0b9e97058c4e24bb8f198f312140b7f3c0a7a614	189411999	4	[ www.Torrenting.com ] - The.Jenny.McCarthy.Show.2013.S01E15.HDTV.XviD-AFG
1a5d1710015bf454349d6ef87cf485ccc4225365	263005080	27	Freddie Waters - Singing A New Song [FLAC]
21efa6b19c6748c7b308bc2541aa1f220e59816d	12845755370	8	The.Blacklist.S08.720p.Ultradox
213eaf38ca8d3f110b5cc48742e254fe0b47abaf	43422694205	16	Seven Up Series 1964-2019
29169d48dc9e2e335725e560df22125522aeccfd	175150837	1	SSNI-424-HD
2b9a02d433f4c340af5ecaf633bdb1299be30330	672678631	5	SurvivalZone1983
376fed7332ec5fe453bb7d421fe47cd5ccbd76f6	1254507582	2	Fantasy 69 XXX DVDRip x264-Pr0nStarS
49ac6c7b10808ceca5bd3f1b666923d723810b80	17758355456	1	[CUSA13351]Ace_Combat_5
52660cab131d071e9a473e4e88e8714255e65c72	588482352	4	A.szerelem.ize.E80.WEB-DLRip.x264.AAC2.0.Hun-TheMilkyWay
59ae26f3ad65f59b5960f844034e5c9698b6bb96	261893750	3	BeautyAndTheSenior.19.08.04.Ava.Black.XXX.720p.HEVC.x265.PRT
60e221647474e4af72864a475a29333dc9007278	1907409170	70	LP Magazin für analoges Hifi und Vinyl Kultur
7e46160abb4067f3f065dda205a16dd00d53bccb	410568340	1	Jeopardy.2021.04.05.720p.HDTV.H.264-NTb.mkv
81a4735a24866daee6f4be53188414fdb9f04f46	1903195279	15	[2015.03.26]美版母女情深[2012年美国爱情喜剧(BD)]（帝国出品）
8cc76706bc5e0b5b93b9872459596512155a4490	1917148756	6	The Split 2X4X5X6 HDTV XviD Castellano www.yadixv.com
8f227d5954e22bb14857511e8995a65c929a3cc7	19992040129	6	(DVDISO) Magikano vol.1-3
93b5f688404080cdd9014af894567468cc2c1fc6	649622430	12	喜欢玩诱惑的骚气少妇红色吊带装 厨房翘着屁股湿身诱惑再到浴室洗澡 很是诱惑喜欢不要错过
a8a47cca8084a4f6e4efaf736b93c7e3e913cffc	672337818	3	Eat.My.Pussy.Elizabeth.Bentley.Latina.Banged.Creampied
aa5166e14453711440096b8e69798a58d3720097	404319932	6	www.lyrics.lol - Island Life S20E06 Hilton Head Home on the Links XviD-AFG
c70eba2ac744e668ab0d7d7524555d670a918a3e	106244700	6	www.lyrics.lol - The Great North S01E04 720p HEVC x265-MeGusta
cd6439f04549e8d6d52ff8b5ccb46f0e1b9e3330	6778082	34	ascendance of a bookworm J-novel club prepub part 3 vol 5 part 1-2
d62094a10789878d8d87a825ca9601d239d97821	2515940954	25	JUFE-030
d841472114f69b5755edab5fd31fac5b1100068e	15736716	63	SuicideGirls.com_13.06.24.Henika.Lazy.Afternoon.XXX.iMAGESET-OHRLY[rarbg]
e54e556f70f486251706e1118adc7316d7bdad74	2214244613	5	8
e562cc0a860481bf7c5c1fb3c67d029cc5edad7e	2891573129	2	Close.Enough.S02.WEB-DL.1080p.NewStation
ebaafc73bec21e654743e1d960fcfeba7310b008	76879944	13	Dark Passion Play
ebb735def4cc7cccbeb1f7ac63c4502a0896dc16	3768955668	5	梦幻天堂·龙网(LWgod.com).720p.非凡任务.猎鹰
eed62c0bad58944e7264c33e3b6bc10fe53eb9aa	835160631	4	Svinalangorna.2010.NF.576p.x265.5rFF
f618633d1dfaca6e59ae84151ffe2e66f06aceba	306267393	2	PornMegaLoad.21.02.23.Denise.La.Fleur.Meet.Busty.MILF.XXX.720p.HEVC.x265.PRT
