01d3bf44a3c02e313b27b98968d1454ccae9d12e	1140823432	1	69chupachups 2021-03-14
028589b9ea63eee9f5d331146eca09e2cc2c3973	2168614240	2	Serpent.2017.720p.BRRip.XviD.AC3-XVID
0392373d2e8922cd584d67c63452b13745674f92	3801869960	1	UEFA.Champions.League.2021.03.17.Round.of.16.Second.Leg.Chelsea.vs.Atletico.Madrid.XviD-AFG[eztv.re].avi
04e3fc62cfb4f6aad3d04486a6b9a1a04bbb2908	2809630917	1	rupauls.drag.race.uk.s02e10.1080p.web.h264-secretos[eztv.re].mkv
0565074b88637ae4bbf43999c8ffcd95bb142503	817235213	9	Pink Puncher美麗性器中出しFUCK…伊沢千夏[中文字幕]
06777c4a99778f3e1c28b8d58e53e95c025b7a94	1344030356	136	DV1361MP4
062acf8bc3b2d54e45d032e26ab716279adc42a2	734354289	3	The Third Nail (2008) DVDR DivXNL-Team
07508540dab6180906c8be80906b56dce338bce8	14543883	2	Adobe Premiere Rush 1.5.29.32 (x64)FULL [TheWindowsForum]
0cd13d5b6314640b715660546f863d0a16b9711e	193203609	1	無修正 FC2PPV-1475294.mp4
0d9c0460f8c42d8fe4c09741eda22b8d52e38267	375997016	18	ZAY21031914
0ea3c85129cb1876d5133ffbd2003d23f624b38e	2178151689	1	SSIS-009
0e1c75a6f1a6f15d88f6fd9269b371338d6e09ad	3210033087	1	ABW-071.mp4
162be72036d95f56cd29ae84eca6e00d4ebf684b	155095662	3	この空であなたを待ってる
17735eb4ec60bb9971af415ab570322dabd2cb75	1968577976	6	[thz.la]120415_01-10mu-1080p
172ab7d0c9f3058756292670a89240e3cf5089dd	157548702	5	会所90后年轻妹子-口技超好骚逼好紧内射了她两次
1b9a11867b5f5b867d562c2ff605c5428e590462	6934569443	851	[2014.05]Joymii Pack 1080pの視訊+圖像
1b57b5067f932e045d575195096e5ccf3b241d96	609778	1	Tech Up - 100 Essential Tips and Hacks of Technologies for Everyday Life
1dd3f53c0c5181c8efd6124daa17659230985acf	419038162	1	[Eluku] FairyFighting (All Scenes).zip
1e8aee3dc1396504385fdc8480e81e6f6a668e63	650494894	1	Ｃ１９０１.zip
1e67e7e21e1e43bacf077b1bf321d99e0c4c026f	1434576751	1	MILK-104
1ef384ea53f781651ed532eacf3da8d5af6aceb0	2457275092	1	ABW-072.mp4
1fa9ca4bad4341c796270b99b73500e87e876d71	1184660050	1	Denos City Chapter 3.3 Fixed.rar
2090204de31b74025c441e13d0e8034c4b1a4c0a	959211693	1	Bang Trickery - Rocky Emerson - Rocky Emerson Is A Nude Model That Gets Painted With Cum.zip
22f8b83e57dbc63c62c42100fa3645f2b80c966a	55250876	5	Grieve - Grieve (EP)(2020)
23500152f5a1a6e536c6eb7f995f1ed5a6c0d56f	504889589	17	im520@www.sis001.com@PAT-001
24e179b4f8360677203ed033e8e4702053b2bdb1	1012792047	1	Seven.In.Heaven.2018.720p.WEBRip.Hindi.Dub.Dual-Audio.x264-1XBET.mkv
2ec013b8a13842f128461560d7ae599573616f16	13265978	5	Men of War Assault Squad 2 Complete Edition v3.260.0
2e564774abafdc6bb41aed10eca9d6ea5519fa83	3238027673	1	ABW-070.mp4
30d9d429cac02749e3342f9b64aad89fcfa519fa	2550566952	3	HD_gvh-205
32a490c6c987a5bf2cdaa5e602303d3d6367dc9e	3206624477	1	SSIS-024.mp4
34de5cf3a2c744307072954a057f404b93c998b6	531337061	1	RuPauls.Drag.Race.UK.S02E10.480p.x264-mSD[eztv.re].mkv
35fd41bdc40c21248b9416d0a1d2e2b80a775ec8	651716292	1	最强国产cos 英梨梨.mp4
36277704860c2e0f6dcaadac2426a2fcd17e720c	149963	1	Justice League Snyders Cut 2021 2160p HMAX WEB-DLx265 10bit HDR DDP5 1 Atmos - Downloader.dmg
36010a1a729dd848b0f8f9ad23ff847eee151638	8378389294	7	Mom.And.Dad.Are.Fucking.My.Friends.2.XXX.1080p
3ac83e1404b830c17890142729b66a1d72ad2f3c	13265978	5	Native Instruments B4.II.VSTi.DXi.RTAS.v2.0.4-AMPLiFY ()
3a8c5603992664624c61b7ea8d75ba98cf9afcec	153899207	1	These Teens Are Really Crazyxxx.mp4
3bd0927ece5983cce850434f0eb97c1c64ff904f	3213143707	4	[DVDISO][IV] 藤沢ちえ - 私、意外と大胆です！
3c63c5ef8218130bc23e2187201f2ee51c99591d	1310833305	150	IPZ144C
3cdeeadff5c0583cf1dfef46553d08442ba6e9b2	7882542183	4	Dumbstruck.2010.1080p.WEB.h264-OPUS[rarbg]
3d55164e4a6dda540cd3246d324ca52f5ddd8820	1902387859	1	FSDSS105.HD.zip
3d3d843e982b991adcbdb7314ad0b81d0e005e23	208054728	7	Jamies.Meat.Free.Meals.S01E01.HDTV.x264-LiNKLE[TGx]
3e703dad78f06125cdbaa6cfbf54c6155782eea5	413647358	1	（美女直播大秀 uun22.com） 07 好爽啊对白刺激的漂亮高铁女乘务吴X霞和弯屌男友激情视频分手后被渣男流出
4135d02260176afed6f2d7458ff8fc0b2c7566c0	335324872	17	【黑色点击】【SEX8.cc】 丰满骚女
44629bcd85d10b0ab71c71dc5bd811b5165b1c4a	754975931	17	情色朋友@M6mm@店長推薦 知識熟女的侵犯 千葉すず 巨根的快進擊
4949405f72f79a506c23fccfdbf358b2f9aca2a0	735144104	1	Passion-HD.21.03.17.Jamie.Jett.St.Pattys.XXX.720p.MP4-XXX
4a8c3aaa771451d81882f93adacfe2e947c3bb70	324967176	1	GCJP@198.zip
4b1516fefeb1ece38a0d1b1ec7d37188dfe8f831	5632504	4	DANIEL GOLEMAN
4d0112de25a9de43df38a967084c0b6700496abd	1110000011	1	Battlebots.Bounty.Hunters.S01E11.720p.WEB.h264-BAE[eztv.re].mkv
4ee06505da5271fd2f9d19426f77deb99ed50965	895518575	5	DGT3UKO097
4ef730ee237e6c9a7b2e6cb8c593b85cc0f33677	2080211413	1	Chloe Amour - Chloe Amour Savors Sperm HD 1080p
4fa58a2f95dad0c8d54c4b039d190e398da82238	1112293116	1	JAVPLAYER JVIP 1604202001.mp4
51579bbe5d88957d000c0808eee23528cfb32f10	84923954	1	(同人CG集) [もんもんプロブレム (横十輔)] 南米たちんぼS級褐色娘と売春中出ししまくるぞッ＜巨乳グラマー編＞.zip
518d06056e4ac78ce200c9978022b2fdd2124818	5185450541	3	Airport.Simulator.3.Day.And.Night-SKIDROW
5154bb7c2dfd1bb69df016a67bf23a29e3c3ff71	649915720	28	Wet and Wild Asses 4 [Brazzers 2021] Adriana Chechik
52884bf3bb102feb19af5a471dc4212c85fcd53c	881331199	1	Sentinelle.2021.720p.WEBRip.Hindi.Dub.Dual-Audio.x264-1XBET.mkv
568583e32312099eae2274777aa1d4e6a49c3267	1142523595	123	VENU775c
591ea77ab27037c1c505cabaa2d3cfe4ab68475e	76472468	197	[Lapis Lazuli] Favorite H
5a01cd67e7ca87e57311fc945f6b9cdaba05fd44	175458680	3	【极限AV棒的潮吹】素人小女孩绳缚体验道具玩到喷水凄惨的叫声湿润肥美的嫩穴
5c159918c88f93e38aa2e81716f9cc4296be1065	200218924	1	[SSA] Go-toubun no Hanayome S2 - 11 [1080p].mkv
5c59d51593f095fd93249ea1e062226be5abd8d0	79230402560	14	archiveteam_geocitiesjp_20181111195327
5d69d7b9e459afc220936332603fabddc2694d54	1486736894	34	Young Teen Sluts XXX iNTERNAL
5dd6690cd58c3ff5ad94a4ea0b467f47fc911e5b	330670465	1	BangBros18 - Kira Perez, Lilith Morningstar - Step Family Charades.zip
5e06945084c31b7705bb07ccd54a9c73e0796ce2	1450280004	14	ktr-002
5f56d511f0216f4ffa7d02a85ad40f1c9a523b39	919341708	7	CumOnDagny.WAD.08.&.09.Sisters.XviD
5f7db7823fc9f7d5ffbfbd13a2ad6e39cb234d45	5353278586	2	Iron Protector (2016) + Extras (1080p BluRay x265M HEVC 10bit EAC3 5.1 Chinese SAMPA)
60554d8be2234e4f45968e926777029dbee2c20b	151007970	1	The New York Times Best Sellers (Advice, How-To & Miscellaneous) – March 28, 2021.zip
61022b27d739272d949fb6eee2e5a7040c1d0093	6853971968	14	Таблетка.2016.HDTVRip.Generalfilm
619e2fab3fc83a5146b0be10f8cfc5dcb90b13cf	371586511	5	6268.VIP@1pondo-082016_366
63e330706407a084b6ba263d4771e41fa8851f70	992322440	24	soe-508r-avi
634bf5d2747c0d636d52af9f7363004bed2efe9e	2656904998	1	DVDMS-645.mp4
64b80d444e725be8deb399aa2c9b041b693dc2b8	1240938864	2	PT-132.mp4
6462fec85a48449bb5ca1f5156806c885b748ef9	448655009	1	無修正HEYZO-1235.mp4
65414205bb7d0959a06cac56c9936fe9a7eb1f24	3964722492	1	DVDMS-647.mp4
65671a184fb6e27a4e75a9925270f88b7ad4685e	375133724	9	2017 - Czarny Dekalog (EP) - Deafness
66c6298f43688f324f11850b81c07b7250d77104	149956	1	The Big Bang Theory season - Downloader.dmg
66ed14468fa2c98f72a495950dcb55859a0ee92d	210727682	1	GCJP@194.zip
67c99a03210937b57f86b7898dac40a0b7765108	919670833	3	The Rachel Maddow Show 2021 03 17 720p WEBRip x264-LM[TGx]
67637c1a0edf5bc4254176f26859281b064d9130	132720120	160	ZAY21031904
6757d71894237813bd1b53bf9155fa42a6e52e78	921200488	8	www.Torrenting.org - Tonight S21E16 Harry And Meghan A Royal Baby 1080p HDTV x264-P
67c7e5b5dac14959dec87d5a50f903b026b6647a	388599219	1	Ｃ１９０８.zip
684cbd303149d9a471dccd6bfb24258f26d002a2	1968823935	3	A.Grammys.Salute.to.the.Sounds.of.Change.2021.720p.WEB.h264-BAE[TGx]
684220f148faf1c5da06af3317c8d59565e8f6ec	1929630210	1	PPPD-911.mp4
6aaef37c4dac25936815e825e2e062472a0d764d	1327981215	1	StudFist - Drop Top (Amerifist, James Ryder).mp4
6a341c0fc6f85920048afa6417e19f1d42748679	896690474	34	Xgczcf.Dior
6dcf7db8984c068fc29f6082f1dc2fcf1554793f	605744080	1	Rehab.Addict.Rescue.S01E08.Grandmas.Bachelor.Pad.XviD-AFG[eztv.re].avi
6e4f3313b4ce06bfd21de9bbd1b4926e452af11f	244720494	1	Evil.Lives.Here.S09E05.They.Said.I.Killed.My.Brother.1080p.HEVC.x265-MeGusta[eztv.re].mkv
6f93358ece2640a2396c3de80112b1ce4dfb22da	2964103370	4	老板娘.Queen.of.Triads.2.2021.1080P.WEB-DL.H265.AAC.115WiKi
706d67c6d5a7b4957080559fad2cf7c1364c441d	3237920	20	(Dai 5 Kai Hekigai Chousa Haku) [YINGHUA (sinba)] Distances (Shingeki no Kyojin) [English] [Wings of K&C]
704de01c0f5fd5456a086af0c3e9c64381819ffd	3908847213	1	PPPD-912.mp4
71deca513228700b5cf33ff009f59b22840c7f37	521807048	1	GCJP@200.zip
72ee8e53a46dcbe94acec1accc15dce752cf9461	176050769	4	MomsBangTeens - Riley Star, Tabatha Jordan - Stretching With Stepmom
72f4b54a9e9ef19898eb95903a2a90f6f925a2fa	489917746	1	The.Masked.Singer.S05E02.480p.x264-mSD[eztv.re].mkv
736d2943ebb5a4645370b34ba9a3d0bf59c8fd8d	4619033341	4	CATWALK POISON DV 12-HD
7486b357f15e5ea86cb35d38a4311b02ec97f803	3512647543	7	[Skymoon-Raws] Pacific.Rim.The.Black.S01.720p.NF.WEBRip.DDP5.1.x264-MRCS
74d99a71c8a5147eacb5e6b3ee72d80617f9d97a	557786670	1	Battlebots.Bounty.Hunters.S01E12.720p.HEVC.x265-MeGusta[eztv.re].mkv
7455f4544ec34b50fdf79a1dc9db55cdc523b0ba	846884452	18	让美女高潮不断，叫声很大很好听，内射心底欲望超满足 小骚货 观音坐莲2分钟草到高潮 在家里温柔的舔弄情人的小屄都出水了,国语对白
7521b903f16b00bafe22da4ed165b512c12afa15	1691485372	1	1783量子调控及冷原子物理系列讲座共15讲 视频教程www。8study.com提供.rar
76b1800a318e1399473e9a51fadcdb13303f8e2d	261026837	17	Стецкая Татьяна - Детские истерики кто виноват и что делать [Беляева Наталья]
76286ee5c52c2adc43ae4ae3dc3e2173675084c2	1779168947	2	Sentinelle 2021 CroSubs FRENCH 720p NF WEBRip XviD AC3 Unknown
77d65e89b7fe412065b40c420570eb8c370f9741	1063901184	21	六月萝莉@新情色六月天@耶誕大亂交
7861322d12b3a436d8e4d96b02e3bd945518bbb1	2455710581	27	【入微】HEYZO-0783
78bde258a1a8800cc087db7b2a02d17d4aa9adff	2934217099	67	Interweave Crochet
796b69fc753ae9daca59021c3959f91a24125482	14207451488	477	2018-02-20 ALICE9 朱逸舒 陈梦瑶（肖焰霞摄影，陈文单反摄像标准版，晋明快剪）
7a1a14cf0bc22097a38492f5d86b61190d0d528e	999273099	4	ALSAngels.14.12.09.Connie.Carter.Masturbation.XXX.1080p.WMV.KTR
7b25939ca3f7a11cd190e82218974d14f88ac429	5424784345	11	[SOFCJ-Raws] One Piece - 284-294 (BS-FUJI 1280x720 x264 AAC)
7b98b9a164f823d43bf7acccadbe576653865def	165555473	1	Babes - Luna Star - Proving His Love.zip
7c276e1f146921201614ea86e60b594109d5d051	2050515688	4	American.Perfekt.1997.1080p.WEBRip.x264-RARBG
7e48b0808065c7b05358fd0d7cb68fc6acadee7c	3140893890	126	nsps795-fhd-mp4
7e0c7b6ca351ac1987743dd49f72c3fa4273f1f3	34212653	1	JPTT086.zip
7eb93df7ba2d4a20324418cd4084086ce87a14f5	5290506671	2	DVDMS-643
7f6501d56cee8a0d5916fcab70a1fae45c839527	14543883	2	MS Office 2019 Pro Plus Retail x86 x64 MULTi-22 OCT 2018 {Gen2}
7fcd10e89f13b8c6fbcd527cb31d8a4201faa8b1	589074642	109	GIFZQQRZNGCCC
7f7768cef9588a0e481de0dcecf6e6c43c2eabd8	407365800	12	HJD_4276
80dbb5280472d79063792967ebb6d0849190e543	11998013	1	(ショタコレ4) [裏方本舗 (SINK)] メロディ (おジャ魔女どれみ).zip
819ab0f51878e1e89df901268139e412b77542fc	180809705	11	亚洲-星国版冠希玩遍新马女网红不雅视频之最新流出Bellywel啪啪口活篇 完美露脸 高清720P无水印版
83b9427a44b66494c43cadbe582fb1e4885e8376	407108007	1	(同人ゲーム) [2020-07-15][RJ294068][dark.ryona.x15] Mermaid hell - The day four mermaids were attacked by 10,000 demons..rar
8519bf018dc1b0128d2dd258499af4dd770db98b	4195356383	15	[ThePorn][ABP-697]究極性交5人の監督による究極の5本番ACT.01「究極性交」でしか実現しない奇跡のドリームマッチ5本番あやみ旬果--更多视频访问[theporn.xyz]
871df7a7817cca3ede93b0ec3d24b5564e158032	1019829392	3	Priceless (2006) [720p] [BluRay] [YTS.MX]
87a03afbfe7eaa0b8c436b27693c294c63edc65c	8794937151	3	Zack.Snyders.Justice.League.2021.1080p.WEBRip.x265-DiN
8754ff7533cdf36da5034bae3d5e58b420c656be	14543882	2	Adobe Premiere Pro 2020 v14.4.0.38 (x64) Pre-Cracked
88bb2f5807fdfc112cd7c9fec187ed3ebf67f37b	86425091	10	Stefano Diehl-2016 The Angel's Diary
89e50d66d441235b482275189feb196137b30f39	7969280	2	NVIDIA NVFlash
89eba77fe0a87385048fc045b53878c17a7ef46f	562353848	3	Stoya - Bad Girls
89d1200e59b2fcf83c6d5d0486c1b7869418c681	600563378	1	DASD-542 隣人に.mp4
8addf29a1abb797e26213d527f33dee8828d8859	210546139	1	97179 弯弯DV04 弯弯之茶艺.flv
8aae8c03e42da2609ad65fd39d903cf2a777c7f5	624875416	28	Wet and Wild Asses 4 [Brazzers 2021] Cali Carter
8b3a21ca984f2e44b50b7be1c8fc9d0841787905	10747335324	4	IPVR-009
8ba4f396818cb7ffe266585bd6cbd996bdef1dab	661715737	28	TXmacy.meadows
8cdff5d3e348c7dd120c74ea0098abad1e0eed41	170801562	112	9STP052
8d0093382e4e80898844933be596a9567927afe2	780994817	25	13.Bruna_Butterfly_&_Nicoly_Lopes_&_Guy_-_~2015最新~_一男两妖斗三棍
8e3e304c4634a28926aad7dd6b487c50e760c1dd	2295210386	4	Busty Petite 9 [2021]
8fae3c2e571d8853794da4d3602b4efa49fb2376	728943681	1	www.4MovieRulz.im - Gaali Sampath (2021) 720p Telugu HDRip - HEVC - AAC - 650MB - ESub.mkv
8f452055822821581c16844761b556aadb3961a4	2861291207	4	Deadly.Illusions.2021.PL.1080p.WEB-DL.x264.AC3-KiT
90f39d4c9e54660d61a0ea839862a1345bc56da1	601414482	12	HJD_3947
90fe6e4cd0e4024b99ea5bf0d3c3e6bf214252cf	1021094950	1	美国之声.The.Voice.S04E12.CN.HR-HDTV.AC3.1024X576.x264-YYeTs人人影视V2.mkv
917a9e7df4f1ccc0672585726b1653b2d00be0c3	1253271609	58	WANZ408AVI
93eb67b8b05736b3b5b165aa83a725e8702f951f	372196519	1	200GANA-1206 ジョギ.mp4
9350ba520cefe8a6f016aeeae06a8501c84db683	1137672102	10	YMDD-070 Luxury Este Shibuya Very Popular Oil Massage Of Blue Ey
948c25a13236c14526f900c92d64a72cad80ff7d	7410099007	9	第一會所新片@SIS001@(DANDY)(DANDY-517)10周年記念_出産して急激に感度があがったママチャリ早漏おばさん妻_DANDY_Ver
94e4815dcf024d5f8337fa5421de7715efa3ed8f	149956	1	Teen Mom OG S09 - Downloader.dmg
94381222d79c4f312c9bb979e355062ddc106ac6	38174721	1	JPTT083.zip
968b0fb15ef908eb45c01a2b20208e4a8c25b720	495296907	11	325998@草榴社區@炮打白虎非主流正妹疼得泪满面+清大附二中粉红B马莉莉自拍+穿的太诱惑透过小裤就插进去了+杭州师范10人文王莹爱爱流出+寂寞大姐婚姻失败偷情排忧
9691ffdacc53ec40d28f39884f647e7842b71e87	885590843	4	RuPauls.Drag.Race.UK.S02E10.WEB.h264-SECRETOS[rarbg]
979b4ae07bbe54dcd3bb24a5a51a0cb47a949d11	860954109	3	Superman.And.Lois.S01e04.ENGLiSH.DLRip.XviD-Pir8
97f777ad533e62e25cf32774c93a6d9b4250cb41	4432102513	1	Case.Closed.The.Fist.of.Blue.Sapphire.2019.1080p.AMZN.WEB-DL.DDP2.0.H.264-KaiDubs.mkv
97c32582ba964a7e215e2337dd979d81f7f19052	671693853	39	heydou-0073
977bf57fc2a8a80ca50a43cc75550769049c2dc8	758279060	2	3DMGAME-The.Last.Act-DARKSiDERS
999862c73258fd506b640081c44324203e4d6e6a	18251537777	54	[Moozzi2] Maou Gakuin no Futekigousha [BDRip 1920x1080 HEVC FLAC]
9913674eb8c7352afab0b1ec0c69b749cfb8d470	571861624	7	G0318018
9bddf8eeda4e570fff08226cc39e48b70c5f5f2a	280586445	1	AllAnal - Dixie Lynn, Liz Jordan - Deep In Dixie's Ass.zip
9c0d17b37bfe08cad8faf5bef9fd62b8a4e5bf79	1460117880	1	Dr.Stone.S02E10.1080p.WEB.H264-URANiME[eztv.re].mkv
9e187472415ca91530dd967bef03fc499840e5d4	1281394968	30	[ www.Speed.Cd ] - CSI.Miami.S10E06.720p.HDTV.X264-DIMENSION
9f2feeb8b8e714067a08870ba3a6569b7e4c72cc	517258313	1	Gianna.Dior.Before.and.After.21.12.2020.agrezoo.Tushy.mp4
9f11d01504136f6dabe982109abeeff9332ca2d0	4746021682	9	I.Blodet.2016.720p.BluRay.x264-RCDiVX[PRiME]
a000342d648f902abd981f8b036741145de5f5b9	1079419010	1	Tremors.Shrieker.Island.2020.720p.BRRip.Bengali.Dub.x264-1XBET.mkv
a2ed66b3a0a6588d41516fceb3c4dbbfd9f3993f	3157090175	3	Chicago.Fire.S09E09.1080p.AMZN.WEBRip.DDP5.1.x264-KiNGS[rarbg]
a2cd53e89a9226d5b9d22965414940dd3e17a4a1	615401823	1	GCJP@187.zip
a548ee8ee0baae9ef4d1aa51327b6b6fce777de2	1577494939	2	Sorority Babes In The Slimeball Bowl-O-Rama (1988) [1080p] [BluRay] [5.1] [YTS.MX]
a756a5d517a2cb8f3208990b3e30797fdee3fc67	401695625	11	鸡蛋仔@sexinsex.net@umd-283
a769db24655292b7a8e9fe73e97d420e5840ecf8	35127302277	15	Dexter.S06.720p.BluRay.x264-WiKi
a95aa0e0a787f42b71f86b45b58e86809e852933	1809603329	1	JUL366.HD.zip
a9c9f1a827a20b3262b6ae4c495ff139800acd5d	50608518	1	JPTT082.zip
aacf53c34a989ef73151600541c8ecb7166f6040	9672671383	2	Passed.Away.1992.1080p.AMZN.WEBRip.DDP2.0.x264-NOGRP
aa11a80756e411f19a2971858d181019d8cb31b3	2260251056	4	Under.The.Yum.Yum.Tree.1963.1080p.BluRay.H264.AAC-RARBG
aaab2a7b0d28e1a31edabea79f63c491da8d16b9	568607260	1	XArt.Gina.Gerson.Fucking.Unicorns.06.05.2017.mp4
aa14a234dd61d85b8260a661e24d655162c93ac4	1186240696	2	Fake
acf1f377cad1c3b3c0e162fad1dafab13b8c4538	601818760	1	Ｃ１９０４.zip
acf86f3c77100c6c20990ebf4824da08ca70f88b	1129695502	3	ZeroTolerance.18.05.31.Whitney.Wright.XXX.1080p.MP4-KTR[rarbg]
adb6c852969d20dedcb4a8a329f33bad76074835	1440793514	3	Saturday.Night.Live.S46E02.Bill.Burr.720p.HDTV.x264-60FPS[TGx]
b09ca029648025c9bb23716280b638481b222b1c	1786686846	26	6-30 (6)
b13def9803312f9b2d30d79bde4d5a816628cb80	1869380355	1	FSDSS106.HD.zip
b13ba3e95f54d88ddaea0be4b114915496346290	1342202044	5	[thz.la]his_rod_bangs_two_8970d1_1080
b12335d9a42c102d48944424e28b18fd5965f799	591474865	14	宾馆草小情人，嫌弃不够爽，叫来 猛男兄弟一起操，大鸡巴插得嗷嗷叫 美女公关射几次极致诱惑娇喘声伴随猛烈操穴 女的身材很不错高清露脸 把小美女干的一直说不要高潮受不了喊救命爽死我了 性感漂亮的美女被土豪泡上带入高级酒店操逼 美女床上真风骚 口活好 女上位被操不停
b2e9e816930ab36b4c9203eea747f060da09ce2e	585160556	5	Mayans.M.C.S03E01.WEBRip.x264-ION10
b2692148a11bc6e58e713ee7c0fa1c85b961e4c9	363120885	111	2021-03-19-05
b3f70486006514cca0b64a4214dd4b71160882ae	702649240	12	HJD_4118
b459f89a2fec807a6a904c41d1962b3ed14f8bd5	897115078	3	[ThZu.Cc]massage-with-a-strap-on-ending-2_1080p
b62a27e2b2a79110682d57dbf48e0282644af29f	1548980613	34	WoodmanCastingX - Angela Allison - Casting Hard
b8d031e49f40501268769715b4e3b841c9f68a0b	373032141	1	Maroon 5 - Sugar.mkv
b802d1c56ed56c1f8fff55e55944e6d3c746bd3f	4019268565	1	아이 I, 2021.1080p.FHDRip.H264.AAC-NonDRM.mp4
b94bf128099867c0b9fcab76a62b7d83f8b9ac6a	874636868	30	GNR 1991-08-31
b939e327a01d5808e5496582ff8f8de6f8b168a2	149956	1	zack-snyders-justice-league-2021-1080p-hdrip-aac2-0-x264-pdtgx - Downloader.dmg
ba873f1a24b96fcaa734f30fe5b5dd38259fe000	110050975	519	DoctorAdventures.01.09.16.Noelle.Easton.Peta.Jensen.Sexperiments.XXX.iMAGESET-BULLiT
bc6913d43fbd7f18250439da9a0c3e62dabe850d	6295677507	4	royd-046
bceb15d0d7d1682712fef676c213c6a98d02b862	504889406	10	TVBOXNOW 街坊財爺
bc96cc3653089810b66ba9a95128d8be7da9fc92	1278488113	3	HAVD-768
bd8f992b055307c13d0b74c67a3e8bab3a81f91a	18871832	1	超爆女神『菲菲』大K罩杯核弹级巨乳巨臀私人VIP私拍流出 核弹巨乳降临
bd7f56409d85a5e90d2fcc7fa4bc761e62825e65	14859269955	10	Ex-Arm - Anilibria.TV [WEBRip 1080p]
bd471e71f169f69c93a2dbfc0b43c7c0712cc295	4671596811	8	Hustler's Barely Legal 18 And Easy
c0cb16e94d927a7dab069932e020c757150525a0	566473197	6	HGC_3809
c06cbd4ca427e34c82cf34fe7991f4ab47f08cc4	407238839	1	Naughty.Bookworms.Victoria.Shay.bouncing.her.big.ass.XXX.CPORN.wmv
c14e7fc4e9567360352316a395db892cb2421203	2139104789	11	粉笔@www.SexInSex.net@CJO9RJY055
c121593b9a21dfe59bdf8b6a38779c1bace7e54a	37925323	1	(C87) [春夏秋冬委員会 (よろず)] 小生、思うんスよ… (みつどもえ).zip
c10f93675629e6c0175890862284df44d258e8ab	243577116	1	BigButtsLikeItBig - Luna Star - Anal For Your Bride.zip
c2529af5e00b425596d34ebeede5a4d18793e35e	1203893599	11	Y116
c34cf5f75135b45620feec2683883db16e18ffc4	222696400	1	Giving Thanks To Our Relationshipxxx.mp4
c467467e78a6631781457017c41495c1508e51f3	858133751	2	The.Sexual.Appetite.Of.A.Young.Petite.2.XXX.DVDRip.x264-XCiTE
c52d6019586285cd3eeba78cf5e7b8c1b7a4b461	886025790	1	RuPauls.Drag.Race.UK.S02E10.WEB-DL.480p-FN.mp4
c57dfff4ec6efc07cce072d1deddf8169f24836d	2761434763	1	ROYD-047.mp4
c6a000a1fe20483bbbb7eae63ede2bc24a35b6b5	227193298	4	《搖曳露營△ (第二季)》- 第十一話 -《LAID-BACK CAMP Season 2》- EP11
c70e20da1131d61b2bb2c8febb7296b601554f46	1447724289	136	GG124MP4
c7de00dd0db39c7edf3a579ce00ab45c21eca89d	14543883	2	KMS Tools (01.12.19) (Office And Windows Activators) {B4tman}
c73c09bd6579aa2cf189d441162d145d4d2c71b2	108142951	1	busty stepmom in flexi kamasutra sex.mp4
c82a2a96dad4339826f7ffb889dae7a635268b9a	1841656681	1	FSDSS112.HD.zip
cc171dd3e71d34c459e1a73a64419563beefbb37	2657778462	63	a1
ccf2e5ce60ff559e267a3083239a907cae056b53	9175339	2	Починская И.В. - Старообрядческое книгопечатание XVIII - первой четверти XIX веков - 1994
cd034b966785ee0f8a810916991e14bd6c5c6e04	296662606	1	（精品成人福利 uuc75.com） 22 年轻小情侣起床打早炮，极品粉嫩大胸配上肥美鲍鱼让人欲火焚身，无套插入平常开发得少插进去超级紧
cd1bb073ef4805a9810f231b54257e62660de10e	621732097	1	GCJP@191.zip
cd7ca5a667995b7894eb5aabf927293fa51eee90	503412624	15	L7-Smell The Magic (1991-vinyl 2496)
cd942606ab19bdc2a5b77e6c50eaa2c3dbefc5ac	1171748713	3	Jimmy.Fallon.2020.11.13.Post.Malone.720p.HDTV.x264-60FPS[TGx]
cda222c55a3c35e3240fc350089d464223b7f1c6	142100338	4	GoHoneyGo.Paola.de.Sousa.and.Daniel.G.mp4
cea7948be705b65f94e38df4dad254bd0c60bfe7	2350934875	9	Blood-C
cf9557049f6c62e8886615fd71ad2a5368c76501	61976660383	30	Death.Stranding.elamigos-games.com
cfd8059ee77add6636f5df5e9ef859957a5dff27	146072310	63	2021-03-19漫畫10
cff205634d90016e4595552b9fb3ec51e86a9347	3410901464	3	Emergency.Call.112.The.Fire.Fighting.Simulation.2-SKIDROW
d01fe6cd20dbf1cf4438b28b56a173cb263cb767	14544115	2	KMS-2038 - Digital - Online Activation Suite 7.6 (Windows - Office Activator)
d08ed14018aaeb7edae8a69649515fd26389568e	6596622	17	Tarzan Colection
d16f795dbefe9eb3bb405f52ad9ad66b7dbdceb0	1243544258	1	SSIS-011
d3cd40c7bdd8b9e80ed88f5d63942fcb4a09da84	72086464	1	[SSA] Go-toubun no Hanayome S2 - 11 [480p].mkv
d300f5f00207f260a551424080c3861a55761dd0	1499768282	1	部落 动物和我Ⅱ：与金雕为伴.Tribes.Animals.and.Me.Ⅱ.E02.1080i.HDTV.H264-国语中字 (1).mkv
d5e4bf0d4579b10ffd30cd588ecd02eea9693084	17126625	1	[Yokkora] Yuuwaku Okusama (ANGEL Club 2015-11) [한국어 번역] [Digital].zip
d66fca181b84fb8fd839ed9d8526b122d8e9a6ef	595642417	13	【SKINY】Brazzers-Bianca munvshua
d7741e2d78110f97461f67d058ed8991a8807130	6870445030	4	超凡战队.Power.Rangers.2017.BD1080P.X264.AAC.English&Mandarin.CHS-ENG.Mp4Ba
d73acb79b392c66b82b95222f47bac2baec166f4	1092045194	1	[DOC][inf006]무한 절정 극치-유모.avi
d8abf78a3237265a3b520d0eb9cefb92fc01ce44	408689807	28	Acid Mammoth - Discography (2017-2021)
d8c6fc201bf6b3bde7c1533ac477f527c439d9b0	2923002600	4	By.the.Sea.2015.720p.WEB-DL.X264.AC3-EVO[EtHD]
d8b3cb5316cc95cd1ba354df0cf1a17f9523a7d7	2531183347	7	www.Torrenting.org - Ex on the Beach US S03E08 Coffey Run 1080p HDTV x264-CRiMSON
d9d252adcaf78a825eeec89cc6c31101dd73d81b	1368378729	6	Cartel.Tycoon-GOG
d9b987007de4e8fd8a991beb72120bf4054ace74	794837115	1	video
daa63c6c0ddc159fd5e47e9d2eb0d03084446a94	446171811	1	Holly Michaels - Deep Cleaning
db208f97163054cf0a92e43287c51d534feae808	581621079	4	Landish Nigmetjanova - Mine Ezle
db592e6c12afbcdd1fa98ef7d8b904ba50ef376a	2065052972	1	Bernardo y Bianca en Cangurolandia
db0138ba387aa24164b75260116967d28c9a88c4	853915762	1	16.and.Pregnant.S06E07.Selena.720p.WEB.h264-WEBTUBE[eztv.re].mkv
dd9b362b5e7bbfddf1f14d864696ef54be2a69a1	623685465	2	PrettyAndRaw - Mia Martinez - Lubes Up Her Asshole To Get Destroyed By Dick
de2235ca5cba0b1d41d27a7607154a3d46e95931	1084335701	6	MasterChef (UK) S17E09
df1808af7adde319be0cff9a5f3b7bd69d0d6364	1128763364	1	RuPauls.Drag.Race.UK.S02E10.720p.HEVC.x265-MeGusta[eztv.re].mkv
e0ca15e8faea9bf225392247598283f250c09415	9024218	1	[SSA] Anime Kapibara-san - 23 [1080p].mkv
e083d6878be8c7e05593283beb3479cc0083b6c8	155927170	2	Watch4Beauty.21.03.18.Irene.Rouse.Ideal.Day.XXX.720p.HEVC.x265.PRT
e2fc5b4fff76b3b5cacfb370cede4abfcdfe6b80	444394301	1	[Nii-sama] Higurashi no Naku Koro ni Gou - 24 [1080p][HEVC][10bit][AAC][BD495F17].mkv
e2b0d99ab981a0a4288736c5ff0ef2a0f850c3f1	526417625	19	ZZY21031902
e36784cc86a538dc8e0715b353060ae68f80c66c	8533899736	3	The Faith of Anna Waters 2016 CroSubs 1080p BluRay x264 WiKi
e58605e8d7d7eacc875cb39c92e9ef28be6bbc2f	167121693	1	青草_47777771[immcu.com].mp4
e5548495a552369f007dfaf8b18946b26c7eb46b	340306265	1	CherryPimps.Taboo.21.03.17.Sofi.Ryan.XXX.720p.MP4-XXX
e50c85c5988f9610c1ff653a26768c54280ad672	69307137	3	Any Video Converter Ultimate 7 0 7 - SeuPirate
e698b6d7ff7e44b65ba7c5efcdcc4160b9a77540	530097901	31	hjd2048.com_190215香港动漫展艳遇混血日本小妞舔玩骚妞甜美浪穴 -9
e793483c902453bd3f5b828b779ff57567d229bd	305497848	7	【曰上天空】【SEX8.cc】犠母妹 弐 ～背徳の饗艶～
e8cbb7e5e1b6325149645c35336d626c4f30fe0f	887402821	1	擒爱记.2012.1080P.WEB-DL.X264.AAC.CHS.mp4
e829c622f362ef1e4dcda6f8fcaddaed1a8d012b	2745159131	9	082510_01-10mu-ALL
e8785fcaf98d2c292ef0c2e64b47c1d74123d3c6	379881667	19	RED069@maxmaxddr
e92863cc7b6a7c7e53925947e429f004a8ed8f43	2813910231	2	Amore e morte nel giardino degli dei_full
e937ba0490e151102c333b7c711b0b62ebefa674	520213013	1	TH3383--91TANHUA.COM--就喜欢这种年龄小的学生妹子，奶子刚发育好身材紧凑有型，小哥搞的时间长了要生气要哭了.mp4
e97c80f439ece03c7e2dc35d819592a8f8b0be75	1709067583	1	APNS-227
e96f496ee047bc4112a0394ff173e519e3c93f79	1829503600	1	FSDSS107.HD.zip
e9bf37d8dccb6a577414f2ab9cb57acd3bfe0490	821274567	3	Americas.Longest.War.2013.WEB-DL.XviD.MP3-XVID
ea699bc5814defd0a7b98b123958bf8a43d396e8	367008805	1	StepSiblingsCaught.21.03.17.Mackenzie.Mace.Step.Sis.Saves.The.Day.XXX.720p.MP4-XXX...
eb7224bf679d024d92d25cdd3c32c057a1fec265	1795466300	8	【sharemovie】【sex8.cc】DSAM-15最強の風俗プレイは
eb4b701a8fabcc4646ee9e3c10bf97658a71bba3	791781134	3	[ThZu.Cc]fucking-between-friends_1080p
ebfcaaef96eb52dfbf2bbb5a177b2c1cb92be5f0	822931132	1	PornMegaLoad.Sheridan.Love.Great.Big.Boobs.Of.Love.XXX.1080p.CPORN.mp4
ec90fddfaed71aee3f7ece751656f957b48fbb61	1913553014	3	Saturday.Night.Live.S46E01.Chris.Rock.720p.HDTV.x264-60FPS[TGx]
ec84120e21bab73edb5d5808ed23d3065fd2c980	1223835438	5	【性吧论坛.com】fc2ppv-1274608
edea1405fb8a146b9d898caae90c0474252d8d7e	165349492	1	Lena Cova (Girls Of Prague).avi
ed504ec10d8fd4302eb5fb323776e53482215086	62054877	1	(同人誌) (C90) [D・N・A.Lab. (ミヤスリサ)] よるがあんまりこわいので (艦隊これくしょん -艦これ-) [中国翻訳] [嗶咔嗶咔漢化組].zip
ed580aa595e44263ad0d0b7ec2f490f5a1c867cb	2641099814	1	내 여친이면 하루종일 해주겠네.mkv
ee632d6f6651e25713672f5c964ee66e5e2afa0c	1307208770	7	hoc049
eef9c3a42e06f7ec84c948da35653820539cecfa	149956	1	Queen Sugar S05 - Downloader.dmg
ef2db5163372ca4231aec20c3e85863535b39ccb	2414001707	1	SSIS-014.mp4
f109b7c460643749022a07e3b7ac03b733b56141	546236046	2	EvilAngel.21.03.18.Purple.Bitch.New.Zero.2.Cosplay.Anal.XXX.720p.HEVC.x265.PRT
f1fc9838b9c1fa7d7723dc082663f6a9131dace2	20864719	1	Proxy Mask - Proxy Switcher 3.5.2.0.rar
f30374d3bfc7bc5fc120c0c8145b441c87921ac6	71484033	2	LadyVoyeurs.21.03.17.Alexia.Lee.Step.Sister.Dreams.XXX.720p.HEVC.x265.PRT
f399f80f5c818e5bc2ec2d2b8b0a33351b9e69f1	1555663861	27	恥じらいのあしのうら vol.4
f46808333b50d90394ee09cdfd10462c64c8e33f	534702080	7	Paris Hilton. One Night In Paris
f4b4a00230ffde1d2713bf39e54f142801f649f9	86338783	3	[Brazzers] - Mommy Got Boobs - My Friends Fucked My Mom WEB-DL 720P (08.12.2017)
f5e24968fd291401477b5d56ca531e9f313b4610	215856894	1	South.Park.S24E00.The.Pandemic.Special.iNTERNAL.480p.x264-mSD[eztv.re].mkv
f63ca58a3c0afa545391afd230a90e3b7431fcc7	724253387	1	7.zip
f7320dc3b838ec10d4d73a3b0e4acb576ddd8e05	192863935	15	11 体形健硕弯屌小青年汽车旅馆约会吊钟大奶美少妇迷迷糊糊被床上干到床下深喉口爆吞精
f85b313e3d7f35d1ffbf57daa8136104ef44bf21	1466251954	1	rupauls.drag.race.uk.s02e10.720p.web.h264-secretos[eztv.re].mkv
f8b01aba16b08c08ba70af36d1d2148836bd1c56	305560908	9	Helm - 2020 - Oregon Crisis (web)
f9296a17ac428b914a829c0572cb7c1004523a03	2651487108	1	DVDMS-644.mp4
f9774276e9cbb309cd2914cf3951ceb9db09bf2a	232536483	1	My Stepmom Thought It Was Dad's Cockxxx.mp4
faeade23a5da3e29eb227690abaf489c6de3f347	47764323	20	05.-daughtry-crazy
fa64a6b43be0f5f02f286211343b980afec04d48	1283883436	60	MADA027
fa394d60f5192c45950c60f9ff3adeca04950b7b	721899723	1	Speak Now World Tour 2011世界巡演演唱会 中英字幕--音悦Tai.mp4
faa9215aa4676cbb664c3a346e08631c8af048b9	223877666	59	STP5741
faa6311b393e42462ecd7a194a76151d260066cd	339024368	1	無修正FC2PPV-553640.mp4
fbc1b58d875f82a25a7ead857d797bc7cc8abb44	1714903213	2	Caribbean-031921-001-HD
fb673290539d2ca5c6a95edc13f239cbbb0d9094	4649217935	1	Emmylou Harris - 10 Commandments of Country
fb7ecc6f36124d0457407b3fdc4038ea80ca7ce0	2096610232	1	MIAE-129
fceefc518ba40a71cb9c6360a194289baa7bab3b	73279036791	19	The_Walking_Dead_(s10)_1080p
fe48914272e9365f757f9bbe1e89fa7c3b3b07c5	691471618	1	Allie.Addison.SchoolGirl.Games.720p.2021.VHQ.CENTURION.teens.mp4
febcdf36c074ebf0d06683cd33d700e41fc176f1	1996340196	2	[8월신작] [1pondo] 460 Alice Ozawa (HD)
ff64836bb9206183f9e2712d434271ead656f42f	1456583457	14	juy-276_0
