06bc33853aa94aa7a88d281277e7c386ea92737c	150937620	4	about Covid-19 by Janet Ossebaard and Cyntha Koeter
33261a96c5069772370449bfe9d0a575d3174dbd	130686328	3	The Art of Oral Sex
5aca94e2dd623c9be0a4d4e3dd67ef6e5e2593e4	650946169	11	THE SEQUEL TO THE FALL OF THE CABAL
5d1ff9b0e44b6864fa8cd0f0b096dbba6caa83f9	34006965	1	一本道G奶主播—唯一的Cecilia微信福利 爆乳大奶牛的终极诱惑 自慰高潮 淫词浪语挑逗 完美露脸 高清完整版
6acf1b6c3f0eec751b469ba47dff0e4845557232	1660340	10	[Kemusi no Bansan Kai] Riko-chan no Oasobi
6cabf9f36a100cb9c8cde281f88aac32a0e43269	78461	8	2abe5775719ae76d25f39c04c5b18c9413faefdd9a5a2730
75396d57bec28ed152fc83a35f5e3ffa17efe476	7337639	4	MP3-daily-2021-February-16-Unknown
90346abe5be1862812415a6c91ed02db445389c0	131716922	13	Amongst the Moonlight - A Journey Through Darkness (2020)
9e12d0dadc66489b1d89f8d5a024590596bb04d7	11689333	26	Kowaremono:Risa PLUS
e5fc5aeff1b836f04ebcc58fcef6a48f3c17a943	13406443	34	[Hindenburg] Namahame Dream Ch.1-2 [English] [Tripp]
