0057cc1515ec05a542cac4a04954a366f29a7d1a	265636216	3	风韵骚货巨乳少妇大厅看春晚自慰插穴，淫水潮喷，旁边还坐着儿子和母后，真是刺激死啦，低声呻吟爽死！
00fbd9aa3031eabdb3cbac268dd9b810c5ce5b55	107347985	17	色月@第一会所@【UFO】个人收集整理图包第二十一弹【屁屁专辑 ②】
00e1afb115d01e384ddf1fed9645c60cb5ea357f	621521692	1	Chicago P.D. (2015) [S06E16] [480p] [HDTV] [XViD] [AC3-H1] [Lektor PL]
0043a04734db5de97e24810e896b11338d1a1987	242531783	1	Mina Moreno - Air Stewardess Fucks Big Cock 030521.mp4
00fa610a1c55150c2d04cd7480712e58b144d28b	244092928	1	[16 groups] Sailormoon Live Action 01 (Sailormoon is butt ugly but her friend is damned fine).avi
015fcc285f2fb64ed62ed1c32c2e6691c8d3de1e	801744	1	law-and-order-law-amp-order-svu-season-7-complete - Downloader.exe
01ae1d69b30433a9a05f9811d3070a9ec7cbe8b0	192735592	6	ymdha@草榴社區@气质清纯美女海边做爱
016f374e651dfd5a6f9bb2f7a393b15337b3a7d8	4377833182	14	恋风恋歌
027209d83f811f10f448ebdca2939e873dd3c174	1256860820	1	HND-427
0305b84be75e3d94d680b9ca7841c941ef15871f	512903369	1	Ace Ventura Pet Detective (1994) - HDTV - 720p.mkv
03df87e775d0c516b3b08428c3d8dd7417f9d8c1	821035161	29	justtestit@www.SexInSex.net@白嫩女洗浴喷头冲麻批自卫
032f5421b38a24aa39bf96457776b1c9fb8160e6	302626459	1	高颜值大一女友喜欢裹屌吸精 吃的津津有味 技术OK秒杀岛国AV女优 爆精颜射射一脸 完美露脸 高清720P完整版
0447222a45d5cd02a650201bd588c34e5b33134c	575257701	1	Naughty.Office.Veronica.Avluv.XXX.P0RN0.mp4
0492b6c16a82df1388077370b231201af1b4a84c	103107082	1	[Bitch☆Goigostar] Ero BBA 〜Monzetsu Midare Shiri〜 [Digital].zip
0411fec9e352909b516d7d7f397a1dd8055cbe52	768985853	6	www.lyrics.lol - Hot Ones The Game Show S01E16 1080p HEVC x265-MeGusta
04698b6b56e6d9ec17678e65127ea8600c39dda3	1176940027	9	第一會所新片@SIS001@(WANZ)(WANZ-409)日焼けギャルが中出しを受け入れる濃厚オヤジのねっとりSEX_AIKA
05748d4767cb7b7a482af9832030886c657576a4	7408128654	7	惊声尖笑1-4
0684fc5bb0402ebfd139d513378b73f950ec214b	1147129615	5	Drone.Racing.Green.Edition-ALI213
0682de87a6574b7e512a513abbd11206fc6c027a	8892054931	7	[R.G. Mechanics] The Sims 4
06fee8a4a1fe84bdf229d274fb85e4524aa0179e	103980054	4	futabu-02_202007
06bbadb30bf2dc4629f9010db96dc9e9138454c7	1165681056	13	JLU S01 E01-13
06e9c3f6ebd41d2a9da2e407d3cf4e45198eabf0	256191082	4	[Mov8] Brothers Keeper II hdtv
078aeb316d55af12ed1aba7cc3263dd9205eed5f	1388709935	1	APNS-082
07c3a44db917629dedde4d2da6bf1f38511efc91	1733420246	1	新晋黄金档探花组合〖神探老金〗约操美乳高颜值网红雪炫 多姿势抱着操 骑乘特会扭动 高清源码录制
07d2d8d1d20e57d70147e29ea4d6f905eceda59a	335197433	1	1..Starless - 04.mkv
0706a08ac7c95959b42e916697c66d195512d5ca	25913943	2	MS Office 2019 ProPlus Retail AIO MULTi-24 APRIL 2020 {Gen2}
080a7eddeb2fb1cfe015df594d7dd8278335252c	2246973224	1	91大神前往老公不在家的美女同事家里打炮，完美露脸大奶子完整版
087abcd31659263146826d2a74c6a6e4b89e4f90	25913944	2	Forza Horizon 4 Ultimate Edition [v 1.432.823.2 + DLCs]
0859ec5292325cf83790ceb8802bfef4e130cc9d	837215225	4	Beneath.2007.WEBRip.x264-ION10
08c78100b9e8914844657b69baef23411c9768b9	1579322029	1	WoodmanCastingX - Ines Lenvin (Updated) XXX NEW 16.August.2016
0999e0e42a6cb700f4270e15672208b4b57f5801	297841732	527	Трейнинг
09974a2c98372005177bdc99a33f389ea8e41c23	58373729191	63	赘婿.第1季.My.Heroic.Husband.S01.2021.2160p.WEB-DL.H265.AAC-DHTCLUB
09723b4b624f8d5629cc91cb0bd91bc01c188c32	1294133723	4	EGE-002.RI
09bcec863809fd623359988044912269ec404070	218450296	3	微博网红小美女新蔻高质量自拍套图视频流出[1080p]
097414c502d26ec7eaf38cee8f06e55a9b85c476	926249138	4	常盤
091c81f86a0c674bf7aae6e18955f05ba8a529c7	1502962649	33	58.200GANA-2025
0a0b951d8b3a1e4d490cf5cf26d5df5b3cbcec19	1446150141	6	olo@SIS001@club-392
0a19e67b52560a16e11a84bc323e186a65360db1	1723908417	6	3
0a1eec5d9b241fe367e96277796c5404fb19e2ff	2057832653	1	IPZ-744
0b5a428fea4085c925337e55918d792cc48da52a	591971012	3	BiGuysFuck.19.11.15.Dustin.Hazel.Troy.Daniels.And.Jane.Rogers.XXX.1080p.HEVC.x265.PRT
0b5d142b057069f5c98aeade887324a376284fb0	1863135449	7	MIRD129 夢の一夫多妻 真性中出し 尾上若葉 さとう遥希 北川瞳 鈴木さとみ
0c00cece38cb66eb3737fbd070ec1ea4b3f52d82	439662535	4	[131220][ピンクパイナップル]姉汁 THE ANIMATION ～白川三姉妹におまかせ～ コアMIX メガ盛り オカズですよ+
0c828d672012508d30974a4d61401a7f0aefa4ba	134889500	1	海贼王965.mp4
0ccdc75d59cfa4d40490516246d0c7e7104259db	10559937686	3	Nightbreed.1990.Directors.Cut..1080p.BluRay.X264-AMIABLE
0d49b0bbd67f822944c28048c42787c9a3fcb103	3717344392	3	K恕.The.Forgiven.2017.BD720P.AAC.x264.English.CHS-ENG.BTDX8
0d4e157e7df5571cdbfb7688e1cfdf5bc4548f21	235872320	1	(成年コミック) [春城秋介] ビーナスラプソディ [無修正].zip
0ddadc0b4a8567b353c43c71e2671101e90f1039	524782430	47	國產網友自攝3P大片巨奶美女吃18CM大雞巴 日本帶回性道具 在家裏幹粉嫩的女友露臉第壹季
0d50d019522df6975f87e2ed694125a7da9746cf	1454586856	1	王老吉会所选了个最贵的豹子号大胸美女和气质性感美女一起双飞
0d67724e52036ccbf9ffcefddbed3d7d1d0be2cf	1572696239	1	[NHK][纪录片]三和青春残酷物语～深圳零工族实录～.mp4
0e46b9f20de8d29ef5f5b85763c99fff86fccb00	315165706	1	Savannah.Stevens.BrothaLovers.02.08.2019.interracial.milf.bigtits.mp4
0e4aa9cc5fd102ca7d60aba2e0a28a4b12753c36	759431381	9	【每日更新btbtxo.com免费种子分享】@JUX-591R
0ecfb1d288e859e1dbe45fd377e8be57b5abde4c	8512069511	1	[巴顿将军]国英双语1970.BluRay.720p.DTS.2Audio.x264-CHD.mkv
0ea5d14c1758e5c1eff70d118b4982870ad0c999	1164267154	7	MKD-S22
0eecd31d9daa721c788f5c231958f1830b9c809a	3852261008	1	馒头屄的川妹子万达广场搭讪勾搭.街头跳蛋喷水路边大爷表示很震惊再勾搭小伙带回住处做爱
0f2a0e8e7170f85d69ab12bd816954522c7a5f25	103997936	27	94年女孩，操的爽 越来越漂亮床上技术也更厉害
0f24157e4971ac8bbe73cb515614299521873065	1543126163	1	Mariah Melano - Nasty Latinas Need Love Too.1920x1080.mp4
0fcda1ac276dad1edbc1160c567f6fdd5c3c14c4	246625268	1	[雛咲葉] 好きな人ができた！ [中国翻訳] [DL版].zip
0f7c2b59cf3789a221dfdf29b05c797bb410e7d6	634851984	7	olo@SIS001@MommyGotBoobs - Erica Lauren - 母亲节的下流礼物 (乱伦,爆乳)
0f3582bf533e51f424d46b600f62ff38104ea1e0	2436745627	1	HUNTA-323
10d58ced1755dca6af19fe4f01868465eedd1652	2022682116	3	[2022.DEV]CLUB619-249561.mp4
1003c76a2289eee186e13ea5c790d0e26c80975e	682856672	1	owc.15.12.09.nataly.gold.and.katya.clover.strengh.vs.tenderness.mp4
107c009d6de5e6f80f87a5740813c374fba10b6a	2033784570	1	Rosemary - The Private Teacher.1080.mp4
11dceb81bf58b8b5830c8350f091d5808303fa9e	1748897606	69	[HY论坛lblove-ai][20110916] 裸執事 (オリジナルサントラCD付)
11c3b38dceea891e0bd967ac8c4ac88db025b5ea	352017538	1	你好，安怡第21集.mp4
11c871fbea17dbd92ff3304e158caaea7f18d9ee	4306182213	30	穷爸爸富爸爸
12ab40e50c1d506f02f0801e9a3253576f67208c	1196708141	6	25
12444c299c2297550d2be72b3e5c66a4d53c259b	636565412	10	少妇偷情说亲爱的大鸡鸡，老公来电话说在洗澡洗头，真是骚，国语对白 身材超好乖巧文靜高二女生和男友急情啪啪啪口交做愛樣子超銷魂~1 身材苗条美女静静在家被男友啪啪，高清摄像头拍下纪念
128e2db6663385e1b7ae7f5d6756de6f87fb3eb0	2056662588	5	[3D hentai 121] The Greatest Naughty Plan HD 720p
1250252fd75d876cd8b66a5d14d98df69301bde7	1167421088	9	第一會所新片@SIS001@(Maxi-247)(232chitose)ちとせ
140942fd61a739199f5f59fd78a4d1aace13345f	7333351821	4	ManoJob.20.09.15.Paige.Owens.Lipstick.Lesbian.Craves.Semen.XXX.2160p.MP4-WRB[rarbg]
14769faef7fde01c6f97f13d2c55e5f8047b5f75	828755753	606	93.漂亮好看的美女和男友在电脑桌上做爱 嫩嫩的逼逼被狂草 美女一直用手遮挡不让拍 清早睡醒鸡巴一柱擎天把女友脱光开干20级分钟
16db371a4eedc32af099c67fd9115afde5aae275	1344274783	13	NikeのＢ@第一会所@WhiteGhetto - Amanda Blow
16ef2b9b193378b34cfed40f995a0c64ae95aaa6	174246093	1	老公常年在外做生意的小少妇白马会所找少爷开房嘴上功夫真不错简直就是活春宫
162e6b56cdd1c667c81b20259484131164cf36c7	116346466	2	Dolly Arafat gets fucked on the beach! xxx ox
17aca4c1fbb261d3717b9b83e45b69e0e809ba02	763626223	9	メス豚 140801_825_01 某些娛樂辦公美少女現實情況_神崎瞳美
17b859e7c7222376f642ce64648a5d26c315f782	238373240	3	香港超经典勾魂噩梦作品《人肉叉烧包高清修复版》字幕佳作片子尺度很大当时看了好长时间都不适[1080p]
17e821a31cd12aa6ba9c5c122635ea7e709298ff	482519072	20	【入微】Nalgasclub毫无保留的极上美尻！自慰系列-生田_智里
1909c0929f855afbb498e6d86aaaaaa5ad1e607c	917766626	9	o192
19a0e685934cf4461ad4a54f0131248e9b2c079d	2205247520	5	Milfs Like It Big 12
19243b9f06f1d3e55a9846a6446a8cac8b2672a8	115997818721	31	N号房.最新暑假呦呦系列.原版萝莉合集.小表妹.福建兄妹N号房呦呦
1a2596138c4f3a208699f6cec06c1170bbb8bb0e	15265412634	65	2004六指琴魔【国语中字】吴奇隆版
1afc959240e9fb7bf189b1bceaeb7e7df95c2d45	261441912	3	手机直播中年大叔夫妻啪啪秀第二部很会玩多种姿势换着操
1af21c85f73c1b59e1ec8566eacf122e2640d6bf	587910298	1	475SKCK-019.mp4
1bcda7246278dd55ecae9d79204aaf43bec6badb	5599821372	1	[3D视频][k3d.cn][完美中字]世界自然遗产哥伦比亚World.Natural.Heritage.Columbia.3D.2012.mkv
1ba4762ef4a4033268ec02889cd3437ff0dad5e4	4007261540	32	[MPD직캠 4K] 엠카운트다운 Ep.532 170713 에이핑크 직캠 Five Apink Fancam
1c620693b65e85e2b2e5b5e1638d2f38aa7deea4	1471152479	13	吴天@第一会所@InterracialPass - Kitty Langdon
1d16a9ae3c16cc0165f4f13f34c4570593080e10	1560887762	1	The.Space.Between.Us.2017.BDRip.1080_[tfile.ru].mkv
1dd2247c3ea58fbd032bdfbc1cba1ba677bb614a	468327034	6	36
1d864867629465cfa3df47c89cfaee0c1e00545a	5841299741	5	[thz.la]nampipertony_4k
1d729e61768450ea633f1d25c6f62c1475391ee3	719838763	17	衣服都没脱的害羞学生妹口交后再插入 肥嫂子的黑骚穴任我玩 抬起屁股让我狂操，叫声很真实
1e3024b188aa122cadbb71f79a1da6d46a369f57	523350857	12	HJD_3303-0305
1fa68eda6f0195836f3d98703f0a5917a8a5d3bb	428812620	7	olo@SIS001@Woodman Casting X - Marie Diaz（深喉.美鮑.豐臀）
1f5af53ed38e3fdc9bf1488450284fd2ea9f78bf	801807555	38	Lexi Belle
20756301fa49816c9d535fc15451974834beec5b	357721794	1	大肚腩白胖大哥与身材苗条丸子头小情人开房打炮洗完鸳鸯浴回床上啪啪啪打了2炮好菜让猪拱了
21096f2528642917b180f69a2c0facef488af2ae	270105982	1	Submissive Shy Brunette Face Fucking in Public Street Walking with Cumshot [.avi]
21055087b4c9f83008642f638c9c89a780d7c5fd	804686130	9	225-28
22d1cd493804297d1d160ab3dd31038a0ae74a81	208578264	1	She Is Nerdy - Nerdy hottie face-painted with cum.flv
22f4a70ab17a1db47e6655d17b2992de0c35ae8a	5011197937	9	225-12
222c4cc265760c6dd72de2746f735503f78de6a5	3922175098	1	[BlackedRaw] Baby Nicols & Agatha Vega - Join Us Now (01-03-2021) 1080p.mp4
251bb1daed25dda107af81ec73d2178186f7dd91	2682848904	7	THS012 エステサロンで性感促進オイルを塗られ、気が狂う程に躰が敏感になり隠された欲求を覚醒させる美人OL
255bf4a3e72bc6f017c198df622e1c8cc519e8a1	1344327440	1	HookupHotshot.17.03.04.Abella.Danger.BTS.XXX.1080p.MP4-KTR
25a519b96172d5a26eb14adafcda95a57f69aac7	149942	1	When Calls the Heart season - Downloader.dmg
26862592357d7bcd582f60d53f85e20d97ebd287	1098325009	13	85.看着有点恐怖骚货找个黑人超长大鸡巴操她+94极品白富美女丰乳翘臀操著就是爽国语对话 漂亮女同事主动约炮说今天状态好要搞我真够骚精彩国语对白
2796ba3027f4c0196256e36e0d722aaf5e946715	1494101837	1	292MY-311 .mp4
28eef2f0e463830d2c26203d0c935a7ce47d3693	282964	1	Porta, Carles. Crims amb Carles Porta (3520 v1.0) [ePUBCat].epub
28bb9c69069d8a7ce21cd771c6332fdd041003b4	2754905	1	Блайтон. Тайна мрачного замка.epub
28ae0696c3d6eeee8c8d40229f4de1a98c6428e3	1771645964	56	LLDV-06c
291d291c70a681f14650c7fab1b475c59da13a55	893656171	16	【搞搞性性】【sex8.cc】性感淫荡女医生饥渴难耐
2a66cd6719ad3a0f4033b40f780cd5de57d8682e	1466048730	4	04.14.08.Miss.Gold.Digger.2008.DVDRip.X264.AC3.iNT-XTM
2a10cc37edd3e803944530edd42045247df2339e	1397946277	1	胜利大逃亡0.mkv
2b143d40858e4a66b322ff240bdb50eae5c2ae2a	229943331	6	olo@SISI001@[BrutalDildos] Anya - Brutal Dildos
2bc70587c2890f7babaa5b9c8098d46b96ce09c0	213592113	33	Record Super Chart 06.03.2021
2b1a88fed6d625a53b4f767899819c9b537c8ec1	801744	1	angelwickyhardcoreclimaxpornosz2761-mp4 - Downloader.exe
2b1b25d5893cfea091f975ed9a03657c6e9e2ff2	3279945728	6	mini-os-10-pro-v-2020.06-x-64
2c923cb13faee6dd20555f068be4594fc038288b	403868948	2	[DirtyMasseur] Erica Fontes (She Wants More Than a Massage - September 9, 2014) SD + Pic Set
2c097b3bf01a657a82c787ebe3c49fbbe4f1a1c3	1700802823	4	Halley.2012.SPANISH.1080p.BluRay.H264.AAC-VXT
2d903f96b0cc4029e55b8047a363b8424fa9287e	687180492	3	[psk.la]pacopacomama-042718_257-FHD
2d3ced19631bbd0c5bf1a46b0ef26c901caab980	14940806	1	Tenorshare_4uKey_2.3.2__TNT_.dmg
2d9883d46a2f3f1c908549bb2b74b46027fb43dc	176249401	1	[www.domp4.com]时光和你都很甜.07.HD1080p.mp4
2d0472b7c741013f02f67d22836014d2a59dceee	1458654448	3	THE.GRUDGE.2004.DVDrip.Swesub.XviD.AC3-Mr_KeFF
2ea0c6e3d9fbac592667c646fdf1648ada219c04	1187631149	2	九层妖塔.BD.720p.国语中字
2f41d0f5f900cf510323803852afbb4842c87774	1629984058	12	090914_242 by arsenal-fan
2fe595cd4f5d9f5d3dc01d36380e784e40991a75	2649617	1	Протченко П.З. Загальна мікробіологія, вірусологія та імунологія (2002).pdf
2ff681038d6dc3e78bd54641294617f57774c692	2110729105	4	FootsieBabes.12.04.28.Charisma.Capelli.Irresistable.Charisma.XXX.1080p.WMV-KTR[rbg]
303d0107236d852090345eb9f5527100d653642a	39716334542	1	D.rar
30fbc5fa63fdb4b6720620dd209302121dd5d79e	1610344302	82	SCOP336C
31e3a8015dd4f630aecce95e6428df09a5b84b90	888930817	11	happygjs88@www.sexinsex.net@亚裔大奶女
313ccd20df6d8c632b700462671f661ff6cb98d0	2341730663	3	【你懂的：量子界www.liangzijie.com】末日崩塌720p高清BD1280中文字幕 San Andreas 道恩·强森 2015
31dce4061ccd8411e95d538be506da5dcbdda8ef	25914061	2	SketchUp Pro 2020 v20.1.235 + Crack - [haxNode]
32c3ceeb9191c8a474e8ee3e33f4f8b90564771e	1092320415	2	beb048
320850145d688d8784806bd057b2a5d8bd50ab63	561829489	12	【淫满魔女】dom048 YINMAN
33a1beb33e95de49f6afed2b21b4f2bf85cbd324	6048642	20	[Takasugi Kou] Shinmurou Kitan Mysthaven Ch 5 (Action Pizazz 2017-09) [English] [MisterJ167] [Digital]
33d9f13a061da2356ce385722fb46e37bcc2e876	511443457	19	im520@www.SexInSex.net@JUC-291
33ce843d26c9e12a3aea81737619d698a93c187b	19371618	1	[ポン貴花田] にーづまお背中流します 第7章 [中国翻訳] [空気系☆漢化].zip
3393c4ebe6ca278d4e87c748ff219eccd04128de	306575317	14	30 美容院上班的气质漂亮表嫂平时没少照顾,历时一个多月才愿意让老板表弟酒店干一次,身材匀称性感,狠狠操她
34e4f5d8e4bb9e17311dc47724ed3ba1ceff4c03	3274554999	1	SSNI-061
34784589ad1a7a771fb6c52eec67d0a765a58d2e	699405686	1	天桥上的魔术师.The.Magician.on.the.Skywalk.S01E05.1080p.H265-官方中字.mp4
348926629582649f66197488c743b36d072e904f	3261756387	1	Bundesliga 2020-2021. Matchday 24. Bayern Munich - Borussia Dortmund HDTVRip 720p rgfootball.net.mkv
343caa06bc92f3ffcb1ed4c727fb338ed6154f59	5237750390	9	第一會所新片@SIS001@(DiVA's)(DIV-197)セクハラお●んこレズビアンオフィス_有本紗世_白井まい_鳴美れい_小川奈緒_折原かりん_水野朝陽_春日野結衣_朝倉ことみ
34560d99f5e305de9e655859d3ec77d08c07d888	2264995217	35	【Weagogo】高颜值女神小姐姐高跟黑丝诱惑挡不住一看就鸡巴硬了想操穴作品 美女顶级尤物吞吐起伏啪啪要肾虚啊
354f4bb12d271c6aa73a09df01d56c621a89db66	96012170	6	44
358a2eede51179fe3f8fe2eadd9295b607d55c9d	237089018	4	[Mov8] Brothers Keeper II hdtv
355eb6f15c2ea300a13bf66ed63a77821bbc1fda	3519909527	4	Jersey.Shore.Massacre.2014.REAL.RERip.720p.BluRay.x264-TOPCAT[rarbg]
37acb7575b9cbe7e821ed3f56677d7469061325e	1579322029	1	[WoodmanCastingX] Ines Lenvin (Updated - 13.08.16) rq (540p).mp4
37446b045b0bfd789d007af8ff5e9c4d8889b884	18664911144	8	2048社区 - big2048.com@h_1127vosm00034.part1
370d6cff4fc84ca7f72cb9c2d0507b05b7a82c9f	741490053	25	ZZY16100202
374c3042f939f58794f06062326fee6e4e267ad0	283641954	1	性感的办公室女郎.rmvb
3729635332ef99add6ad9fa3f2899a1cbc6947e3	363511259	30	汪峰-悲情呐喊2CD
39211b983ccb4843aa19cc4805becdded699b73a	374899069	5	[ www.TorrentDay.com ] - Discovery.Channel.The.9-11.Tapes.Chaos.in.the.Sky.HDTV.XviD-FQM
39f8d097e74222f86f211d2a20bc21e34a2c6c4d	487054920	4	MyFriendsHotGirl.Samantha.Bentley
397ccfdb6cc1ffab79e1d6e773dde694e7992e86	3988444809	3	Blizzard Arcade Collection [NSZ]
399d4fcc128e6ae8f0edf2e9def8c5a026df2ca0	4693484309	36	Rebecca of Sunnybrook Farm (1938) DVD5 - Shirley Temple NTSC
394904286b4ed963fa119e2e6b514c12f2fa1abc	102898521	1	ImmoralLive - Porno Dan - Lucy Doll.mp4
395e2896653b779adf925b32b372fce1044cbffa	763652023	1	“有没有插到你子宫嗯有我干你爽还是你老公干你爽”对白淫荡约会蛮腰肥臀良家美人妻同意两个人肏她1080P原版
3a34f1c1a64c38347a6849254016abda5b9b99c9	30396636	1	Nobody In Particular (Futa x Male).7z
3ae3eee21e1929b3ab5c5edc9690cf0e98709ad4	140710178	1	3DMGAME-minecraft.1.10.2.CHS.Green.rar
3acba360fcbf96a568c7c88380571362a2258cdb	440379279	19	复活保护@www.sexinsex.net@XV-1138男性限定濃厚LESSON英語會話美人講師~若槻雪碧
3b7d25138b1b1a0622b3b188634e7f2784674a32	970957398	17	ZAY20041209
3c8b444a1cd49297b2344da35721de182687f37f	1256652063	39	mdyd877
3cb5f0dcb4565396edc04c037d7b31e7a7938db1	1354717408	4	HuCows.21.03.06.Dina.Ket.Teen.Fitness.Girl.Captured.XXX.1080p.MP4-FETiSH[rarbg]
3d62d098ec88d28bbe7a42da200d18672d415b47	861344688	7	olo@SIS001@JUFE-080_HD_CH
3d934b46bb76b0e713878e20cb1de223e64590bc	20974666296	1	LaForet Girl Vol.64 (LAFBD-64) Aya Mikami [BD Remux].mkv
3e9f7cd717a5c3a7f4d54196a677579f99e68f67	1884342321	21	【SMKHE】ALSScan-Natasha White-White O
3e6de40b71292874f40e9113ea5b4f91df0540e0	5699600760	4	JK17850
3f4073a59b1c84330a4fcbc7d2c3d974f3498a28	2220928094	2	唯美
3f8a0e917a731de6a8aacd1ea1d960295186c4b3	1900561100	11	【ses23.com】072614_851-1pon
408066984d53e69d5b5bf2afe0f0d375138c5835	45818637	1	(成年コミック) [英丸] 恋するエプロン.zip
40e1a26835fad95c51380c1d5b295a1aef6190a5	13816693	1	collected_papers_on_wave_mechanics__schrodinger_-_blackie_1928.rar
410f44de7157fc4a325a92c2fa1f85d298ba4f9f	1334850883	3	[YoungSinner]Two hot young chicks from Russia 1080HD
41c157cffea10eccd0009ede87a3f6aa36596bb9	1080149586	7	8400327@草榴社區@SKYHD-091 店長推薦作品 Sky Angel Blue Vol.91 Tsuna Kimura 初降臨3P中出 可愛美少女木村つなTsuna
41e27b07d46ec2119ad3a1b962eccf21dcca44d0	3005869594	2	ONSD-876
43df601969507f6c56be3489d4172a3ad4e34e4c	1211342132	6	Difret.2014.DVDRip.x264.AC3-REFLUX
4311c43ef927899a046660ae2451565cb943d472	982499904	7	olo@SIS001@rpin-027
43ed5e84a0bf8fc4b7dabf20fca3d362b87862b1	1218797960	30	05.A MILFs Tale 4
437c43cf3c23cd01ca0b78ae809137f1c0cf7de5	2932490240	2	Chocolate Cream Pies (1-2)
440f3934b2d17759274996b3b386649309eeb322	106617	1	'Lana.Desires.of.Submission.Marc.Dorcel.2018.Cast.Lana.Rhoades.Clea.Gaultier.Claire.Castel.Lucy.Heart.anal.mp4.torrent'
44a9b9693d5ff3c25c15a13aeadbc387c83cac4e	1475044462	8	HKT1RWQ458
4496a867dbc8e9073abd752575d052c10a1a19e1	112020400	1	DVAJ-003
45405d9b91022d25095339e042b304e09942ff7b	369992054	1	[www.domp4.com]海贼王.One.Piece.1999.E965.HD1080p.日语中字.mp4
450681414c35a060861e03a4e176bea3feaa4dce	157289786	1	(成年コミック) [雑誌] COMIC XO 2009年09月号 Vol.40.zip
46c3b2d68132acd81f7ae29211e061e0adcc191e	1531489920	4	DesperateAmateurs.21.03.07.Tessa.C.Returns.XXX.720p.MP4-WRB[rarbg]
46137dc2d000e64d0c100c072f8b4a5762edfaa5	600779372	1	广州直播偷拍约啪绿衣苗条大奶妹妹!白皙肌肤不脱不知道!
473ee80105e513c5b9813a018199a6b2f2eeabbc	496741870	1	(REAL)監禁恋愛ドレイ みづなれい（みずなれい）EC114.rar
47f69aeb6568cb32a2f316c1a180b5c9c73f73c0	324329914	1	Sunny.Honey.Small.tits.angel.shares.puffy.pussy.Dane.Jones.teens.mp4
4803011209f7414af1a30465211c5274698e2f7d	2098892027	3	非分熟女.The.Lady.Improper.2019.CHINESE.1080p.BluRay.X264-MFXZ
489a87d67bbd659af05f58dd4558cb3e0117ccf3	1426411162	4	PPPD-349
49063f7122f113abe24e7caba9b2d944ed6c3818	801744	1	[Ohys-Raws] Gekijouban Fate Stay Night Heaven`s Feel - 01 (BD 1280x720 x264 AAC) mp4 - Downloader.exe
49274044d942e2623af87fb35be4ce226a291c76	322228444	1	Elizabeth Romanova [xxx].mp4
4994dab5e96d610406c6f07342f221817844d196	1755888037	726	2021-03-07-20
493f103868a58334917f2a595e7c28f4c17ea0d7	1467410432	1	Listy.do.M4.2021.Pa.WEB-DLRip.14OOMB.avi
4999e17757934748862cdc595b7a4efc2db889d7	238373240	3	〖JVID高端精品〗E罩杯巨乳娘兔兔诱惑VS气质女神艾比狂扯蕾丝小丁磨蹭极品美尻
49b51fd2358b2e814a51a1f8dca28148abd89cda	609596497	1	颜值不错嫩妹子跳弹塞逼逼玩弄毛毛比较多 双人秀舔JJ口交边舔边呻吟
49a20f79ee9172d1ac38c6b6536ca53235af1ff4	198527352	3	抄底饰品店美女导购员，长得太可爱了[1080p]
4bbea6953974a080315188347906340b89506026	4692044401	3	Uptown.Girls.2003.720p.BluRay.x264-HD4U[rarbg]
4b8f3c8392d5c0eeb933ce9ed8e8a4ce7fee4e28	1503763601	9	olo@SIS001@caribbeancompr-122013_727
4c2dfbc972a3c828a91677a348e5ee1ae5ea80ce	1523672313	1	BIJN-0125.mp4
4cf1edfa9173e14b0cdb864d36ddadebac71b4cf	2878438203	1	JUFD-656
4d2d898fd074346af1a0f729a6edd4fe2cb3f50d	202132886	2	FrolicMe.21.01.15.Katy.Rose.And.Lovita.Fate.Campfire.XXX.720p.HEVC.x265.PRT
4d8e5dcaec27108f2461478e25424460aba45b52	796820897	1	（精品成人福利 uuc75.com） 22 颜值高身材棒外围美女贱奴菲(虐点伢)精心服侍有钱大佬名副其实母狗舔脚深喉肛交喝尿随你怎么玩说尿有点苦
4dfa95ba437340889a57c3a81d381d88ed870879	1433071458	4	The.Emeryville.Experiments.2016.HDRip.XviD.AC3-EVO
4d9219e2a385c39e3f9b18e2fa0988b8e2753de2	25806308374	44	The Vampire Diaries Season 1 720p
4e6df5fb4b3fa6f8110e07672a40904cc4d8a00e	550980516	6	www.lyrics.lol - Sacred Sites S01E04 Egypt 1080p HEVC x265-MeGusta
4ef5fab14714816742a6e5a17f8928fb6c820b13	4360001536	8	Дома на деревьях 2013
4e4497bf92108a1e5aececa7b812f2471b800f7f	1796520639	1	Selena 47 - American housewife Selena playing with herself.1920x1080.mp4
4fcb1f7d731443accc1347a4d2206f14db55391c	2019592589	3	GDHH-083
4f5d0ce009f8043a8bde730fd49414dedbec3edc	41424725	1	[Yuzuki N Dash] Ane-Koi [French].zip
4fe643ee4e38da39554a21c473d8427c768313f7	3369820408	6	35
51a4deebde0df0258ef3400a39cecbcf8c43ec4d	3312451706	5	使徒行者.Line.Walker.Ep30.2014.HD1080P.X264.AAC.Cantonese.CHS.Mp4Ba
5176b450e5be7c575f7b2968048f3bbcb81cdd91	227887480	3	北京小哥嫖妓偷拍直播微信找兼职小姐姐1000元广式一条龙全套服务真人比微信头像好看
5130a68e8e5de39eb744e0091bc226b32669d292	278128243	10	Splatterhouse -2004- The House That Dead Built
510b6ffa0d26143de522a7500c7bfeb44a759bf3	3992137959	5	啦啦队之舞.Lets.Go.Jets.2017.1080p.BluRay.x264.CHS-BT4K
52970d371deb1276846e8c188cac2481c521683a	1783077803	1	大长腿气质苗条美女自慰啪啪 给炮友口交后入猛操手指扣穴
52657a01ef070ddb574a4ff60c5a336206a81f60	3693651800	9	225-15
53babb9f3c257228c07a667ef9e74f7ffee4f632	1195406451	11	招财小葫芦@第一會所@100035-all
5341f5edd2a174802cae37cdd1e7572d26fa7035	11331893	29	[Gattsun Koubou (Gattsun)] 好淫、矢のごとし!
534f9475d81c750e2873832d25aa9bb6a57f9dd5	194838704	1	[夜月ノ孤狼]ドゥルガーちゃんデカクリオナニー.zip
54f56874855f14b8a702941efc6ae438e8c96a09	1485521826	21	Delhi Belly - Hindi - DVDRip - XviD - [DDR]
54a9808786eccc05b61af31434ec1f7565a0755a	130810014	5	家境不错的师范学妹出钱和听话丑男友开房自拍先让用嘴舔逼
541ae5be2f4488376ea6219c2a4645bcffebd49b	1141227668	1	primorskij.bulvar.1.avi
54524bee95bf52ea42d47a8dec2d9e7a1abc01ee	343620848	1	Nina.My.First.Adult.Audition.solo.mp4
55586ba51b60fc44db07e3b43193f2f7e7dc6219	2200527006	4	All My Best Jodi West 2
55c31fa0e1e454200c26a15acb8a8b41aeb20744	1073479925	19	BOIE-005
56172efb4e84e362191d060d98e7955bffc2afe2	458921163	9	Farebi Jalebi - 2021 - Rhathymia (FLAC)
5804c1cd38852fb59536e6dd83880208f4c368d4	1091853057	11	Superjail!
5909804f3a32bc5b08bf14cd34377dc243122317	374800123	1	生活万岁第14集.mp4
5a2c634fcb599eb2b6dce689e914a64d140ead37	415641697	9	ZXDV20200127F7039
5a88cf9e97f504ddd88161fd43155d9798a12d45	2721095024	1	MikesApartment.16.07.06.Zazie.Skymm.Sexy.Zazie.XXX.1080p.MP4-KTR
5a0fc8c590e7cf472a3553e1fb903743176b604d	542073558	1	Eufrat - Riding Machine.avi
5aa040cd697332ca17177cd6e9c55b62a51eb676	1139930179	33	07.大学校花和男友酒店打炮精彩自拍，女主真不亏是校花大奶白皙身材超好星期天休息在家打炮，超性感女友被插爆了比
5abb5edb90981d707086f708cbb35c0993743fec	90366123277	94	Shinryaku! Ika Musume S2
5b4821774cf2239275647b84cb39f535f6b7e876	4562324502	2	Solar.Impact.the.Destruction.of.London.2019.1080p.AMZN.WEBRip.DDP2.0.x264-TOMMY
5b414b67845f0286c7e02b960a488ac08e182cc1	1111512892	13	www.xBay.me - BlowJobFridays 19 11 01 Lana Sharpova XXX 1080p MP4-KTR
5b3e0812f9c8fddb7f8a55cd550707be0789cbdf	609768526	28	15.18girls homes(白虎少女)
5bd5243a637b57352ca2c83f2d020c706fa858e3	2801960722	1	Thirst.DC.2009.720p.BluRay.x264
5b01369ec38f2671c88f66086c56ff68d2cd08ec	6870445030	4	超凡战队.国英双语.中英字幕.2017.BD1080P
5bcda58ca04a6091fab24af64acce32f8219b0f7	296437920	6	16
5ce47bd9d0058e6d15bd1f6137606e1982a841d4	1947932130	12	[Stardust] [Kami-sama Hajimemashita 2] [720p] [x264 AAC] [GB]
5c6fb9e83e89c9d4efca1dcae7132f9db11311dd	4546912108	1	SDMU-442
5db481b21054e9e6b533dac57341373cba0deb87	108966025	2	FakeAgentUK - Fake tan fake tits fake agent (07.28.2014)
5d57eb2b6696db9b82a20b089a4987ea6d9eb998	95729558	414	Housewife1On1.14.08.01.Phoenix.Marie.XXX.IMAGESET-RARBG
5ee856288e1b4a74f8ef3a74997d8c419ba67419	1547123976	29	黑暗厷籽@www.julybbs.com@蒼井空 Sora Aoi - 性愛的鼓勵
5eba5d305427239df5ce59589d842679e7fefe30	1893956014	25	On_The_Dark_Side_-_Desire_Films_~2015最新~_阴暗的欲望
5e723985f3ff178113a3a3768a3ce16650e7fead	460821544	1	Las chicas de oro - 1x11 (EliteTorrent.net).avi
5f94fbc862a3ceaead328b959baf6fc55bd927d5	735056663	7	tomalo7516@www.sexinsex.net@KOKESHI COWGIRL 7 Flossy&Hussy 松岡理穂
604521a9b55fd29f338875d89622cebe3a14f978	1103384422	19	最新_Office.Secrets.2_-_3rd_Degree-辦公室的秘密_2
60bedbea8a47104d53cb2451fb65fe5ee1cbd8c9	1182204509	1	姐妹主播我甜透了1029直播秀 椅子上床上激情自慰
60db2d9df2ad2491c8087e68aeba5d8d388c20e4	316266362	4	MyDirtyMaid.Arianna.Knight.Maid.Ended.Up.Cleaning.My.Dick.mp4
61964ae3e492b0c82354d6c588fa2b480e6d7d77	772014099	47	素人充実度＆満足度200％大乱交忘年会　前編
622c42137276a55d2bf8a4710893fbbb6a38f4d7	31219355	1	一见钟情的人是个抖M chinese [拾荒者转载组].zip
6332fa065da04ff05bef09c47d2ef3f7cb5efd17	377805578	7	G0115014
63989f0646377e6a911fc90c14a6de62f2d13676	224356819	14	【黑色点击】【SEX8.cc】 第一次干洋妞 短丝玉足2 Miak Swk Skandal
64c67d45ccd42b43512567194b848c9024f9c320	2777578826	18	Asian Twats And Black Cocks_AtomicGdog
646d2e2a5fa657cc70429a3474d68de49549f8cf	6510417873	11	【村花论坛-www.cun.cool】-1015我叫nini+大桥baby+xx曦直播6.29晚30早大CD视频自录下载[15V6.05G]
64796aff1d673b76392cf2ee8dccf9db54f438e7	1314984280	3	Wild.Bill.1995.iNTERNAL.BDRip.x264-LiBRARiANS[rarbg]
64d67fb56b62ce78b04507675a102c1f15c955e9	515295470	15	[99杏]母子交尾本庄ひとみHonjouHitomi本庄瞳--更多视频访问[99s05.xyz]
65c2b1ccaf776db70cc955b1924a429646685b49	176226994	9	ZXDV20200127F7041
6522657fb4c7baec291054b37575d0465c71684f	10748616	1	empire total war all factions for FOW [DG34].7z
6759dfe0e2b3f2b5b9dc4b4acd945ad532855679	217401720	3	香港SM摄影师猥琐眼镜哥捆绑调教国模小莹小雅剧情演绎刑讯逼供两个女地下党
6765dab77a61deca3331ccf9beafd331a3cf3dba	1151774934	1	faket.e308.mov
687ab4d5d97e71b9f995f64382dcaa6aad4ef5af	991833509	1	Clea Gaultier - Romy Indys first Dorcel scene 030521.mp4
686ce00c670a762514b84ac13bf1de2ed8762cbe	25112264954	81	Jasmine_
69ff9edc4ffdd1d434ffbc7c0fd199627cccf61e	639648006	1	Doctors Adventures - Brooke Brand { Forest Hump - 08.18.2016 - Brazzers } NEW August 18 2016 480p
69cbd59c581208f21e832218140d4709f8711227	279791451	3	DickDrainers.21.03.05.Valentina.Nappi.XXX.SD.MP4-KLEENEX
69a38a43e513d0b668321ecea0b6743b9004397d	1098523315	3	肌肤
69eb74f10f2be91b1437522c79b4a8bb5d57ccb9	293070256	6	10
69c599641982ade04c67089e83aa12b3f3b0c5c1	438135740	1	Amelie.Pure_Painful.Anal.Fuck.with.a.Blonde.Teen.and.Her.Tight.Ass.XXX.480p.mp4
696b5d62cf337fd55df830421fff850e01eb38f9	220264994	1	大奶女主播在浴室玩起假鸡巴自慰
6ae4907cb3fa849c894089307b7dd9e976ee9b0e	53064875	1	(一般コミック) [望月淳] PandoraHearts 第18巻.zip
6b5d4da0a5ac41c7b554f1b28a855315c839498e	440129295	1	苗条白皙妹子双人啪啪秀 手指捅逼逼口交舔硬上位自己动后入抽插 很是诱惑不要错过
6bdbe4b86c66768db1a0b7cabae4ede9c0768298	801744	1	FBI Most Wanted S02E07 WEB x264-PHOENiX[eztv re] - Downloader.exe
6bf1bf4e92ee2d12d362c4e839753def4254e7f3	144695916	1	Lori Anderson - Cock Ring Handjob.wmv
6bc25318e8de7357e8e1dc4c318ea67bfc314ff9	1048029934	3	MommyBlowsBest.16.05.18.Alena.Croft.XXX.1080p.MP4.KTR
6c9a494058a04e25d7b7639e18781c77c85721dc	65381126	1	[アンソロジー] 肉体ご奉仕が大好き系メイド [DL版].zip
6c91ff40a07a147900ddef1cf2765a54882f8ee4	1698295247	49	Carib-122215-051-FHD
6ddc99f61839629c80e50e3208a8c9f8d90c6e4f	5001538697	9	lilyhaze@第一會所@NaughtyOffice.14.06.19.Rachel.Starr.XXX.2160p.MP4-KTR
6e4d3173b9aab4a050db0e5fcfb7a52ec25c422a	788856115	1	Akudama Drive - 10 [1080p x265 Dual Audio AAC].mkv
6e28f96d8a8626338895281f723c77710ff09339	412361201	1	（精品成人福利 uuc75.com） 13 强推-漂亮嫩妹和炮友在宽敞的车里直接接干起来了-美乳嫩穴-很是刺激
6fa2c0acc687bfb880df8cb66c8f9aec3e317e2d	9372305408	2	EasyDrv7
6fa92273aa1d4b7aea82969e03dbc319d4e12452	1150018560	1	140122 미스코리아 이연희 수영복 사진촬영 full cut.tp
6f443f83079eac54a0d751c6b57c2ac439711562	14972811	1	国产超级精品3000部.zip
6f1962284f3e92b279c3cdaf3acf527d3241a2b4	583340452	9	(man2man)[Go Guy Plus] fin d’ tudes
6f830b6d122055b271702ed358036f86147c60c1	2750587438	1	IPX-009
6fe1185ee594bdf255b651c5611d95705fe642e8	127718976	2	ShioneCooper_TorbesDirtyDreams_POVScene_PutaLocura-LKRG
6f225d2c08b397eb83a08da09a14bd3c9149ebeb	216353144	3	【玲珑小萝莉】两个挺嫩萌妹子互摸互玩，脱光光奶子摩擦拿震动棒互插，69互舔逼逼呻吟不断非常诱人
70d81c314623e4aa2c09941b4f1363a98be6813a	5319240463	1	No.Mataras.2020.BDRip.720p.seleZen.mkv
70087908176022872b408352b0f778b85e80ee42	38093182	1	(C79) [Makikusu (Makinaru)] Sakura Bitch (Street Fighter) [English] {FTH Scans & Funeral of Smiles}.zip
70f9c3c18ef518354f5980891fcc08e7403b6f77	4259840012	5	HD-gdhh-077
70a2ea76cfc51d60f1a223cdcb53f58d36f699b1	887881788	12	TVBOXNOW 我來自廣州
704cb3450b74c5596b73c1ce51742630700849b8	206955013	1	She Is Nerdy - The sex geometry.mp4
70b472fcb58922efacbf9f37c19460906439b2fc	2302673141	15	TYOD-225
71b7e4ace1fdb9fa01f9121726dccb8b1e2e8c27	1470449343	5	Golden Slumber.2010.DVDRip.x264.XviD AC3-VISION
7182fc5775b0003fb20e1826eddb6e7abc4316be	69484449703	74	CoinOPS Next 2 - ONE PIECE by TO
71ce6da4a1de92268b223974dddecd87963f90fb	1317099410	2	A.Funny.Thing.Happened.on.the.Way.to.the.Forum.1966.BRRip.XviD.MP3-XVID
72c3e4b391bf8d518c52522ba6de976ffe7b6611	361948164	1	www.solomanga.net_[131018] [猫尺] 爆乳!孕ませ!格闘エロRPG～KING OF BITCH FIGHTER 2013～.zip
72733f9152e30e78347c83bec27da6ae0bbb164c	469399441	1	Jessica.Rex.Photoshoot.solo.mp4
723b4f9a7369a60cc4a04ef340681b5c25890a88	233130360	3	颜值不错苗条妹子情趣装网袜高跟鞋脱衣舞诱惑道具JJ骑乘抽插自慰
726a7953fb34f540b0f437bd655c29dc7a4a248c	427222528	34	hjd2048.com_180626超嫩的大奶子女主播挤乳汁直播给狼友看-1
723a5522c1a397c17089cdbf4ea20e8ff63cf9af	651105915	233	19.fc2ppv_1127623-B
723fa4d74129883c1a7ef590d792481be5d237df	3117416572	27	[熊猫论坛BT发布组][灰姑娘(720P高清MKV版国粤英三语中英双字)][www.btpanda.com]
73d59ce41ff439df2b8eada0872c557f70f0486b	2348813423	4	SpankMonster.21.03.05.Madi.Laine.All.Natural.Hottie.XXX.2160p.MP4-WRB[rarbg]
7334dd6049bac47c36c70dbb6276fa2089f6bdb6	169167224	3	宅男福利最近超火网红尤物少女私人玩物收费5K办公OL性感女郎酸奶+假J8自慰高潮喷尿10V整合2V
73da3516936fc3c73ab7e855d61f6cc4eaa2cce0	577613327	1	Sniper 1993 Webrip x264-OmiTube.mkv
7462099e848e4a228843df388cf88346a629870a	641628638	12	02.14@tr nllt
741f07045573b524f89a28815a77b1e1200e8a78	1454968360	9	2021-03-07-08
74853cc6e9797f71117766705552de32c1aa4a81	1092780962	1	洋老外米糕最新作普吉岛酒吧结识华裔脸孔靓妹兔兔到酒店开房无套内射逼还挺紧的
75781e9b8764d11733587798c601feace4b6c66c	924064408	6	www.lyrics.lol - Hot Ones The Game Show S01E11 1080p HEVC x265-MeGusta
75e6fa9dd17223ae4c025690ee5298325c0de7cb	25913944	2	FL Studio v.20.0.3.532 Incl.Patch and Keygen-R2R [deepstatus]
7667ff4d77e1f8bdbd96cdcf3c127638fa378727	5096865118	39	lxc2lxy1120@(S級素人)若妻不倫温泉 24 等10部
7669d2b1c266823a77e95e1fdb96a90486f78555	160389591	9	ZXDV20200127F7038
7692e783faacbf2ae7199bf098b85cb94095dddb	900815329	1	NSPS-693
77c3163c6e91881ee12871f76791b6ec3be7d6e5	267733368	3	国产剧情演绎母子乱伦系列-客厅午睡的妈妈
78b216eecd368e1f58583658d54af3a2ebb6811c	625601692	15	Batwoman.S02E06.720p.HDTV.x264-SYNCOPY
78655f1a9f323134b0d154fc2cb33a6121112d2b	730806571	2	Silent.Hill.Revelation.3D.DvdRip.Eng.AFX
787a9c401bb0a268901ff02a378f4e5d6d616dc1	4315938943	19	sogclub No.2[RHJ-123]
799619736697d1479822f36dc7f9e30f04a6101f	2446797492	13	【BT首发】【BTshoufa.com】钛 Titanium[BluRay-720P.MKV][2.27GB][中英字幕]
79e94bfc4a12a9f7ba128c220cc7223c79ef4957	264587640	3	巨奶小可爱[传奇樱儿]大尺度直播礼物多刷爆了4个小时秀
79269a11c69326c003745fcf34a54fa4d0cc1edc	1759780623	2	Modern.Romance.XXX.DVDRip.x264-XCiTE
7afa527ab29b841554d00247f27044a6a10e0b63	1425874780	1	Quinn Waters - Stepmoms Motivation 030721.mp4
7a4809be34ae0fc262f59ced4f0977dc260e07a1	1896874108	36	Carib-043012-008-HD
7a1a4941fe56a4e807970c9a3f8aec11356de6bd	3471708391	1	[deeplush.com] - 2021.03.03 - Paige Owens - All About Paige (2160p).mp4
7a71b3a8d21e1e98e8890ec791966cd61750efd1	25914060	2	Microsoft Office 2019 Professional Plus v2009 x64
7bb4c6aa7a160b4eab197bbd5e5b1962da40425c	5252195485	3	锈溪惊魂.Rust.Creek.2018.BD1080P.英语中英双字.BTDX8
7b54ac92fb0cc76effdcb77199b9452d384ccc73	580277012	14	BigButtsLikeItBig - Angela White - 榨精性感女贼 (肛交,爆乳)
7b8d9162332d10406fa1dddfedc27cda1a9556f5	4681504768	1	The Animation Show Volume 1 DVDR kink45
7c986326132855acb9bcebb426afed309b76314c	284242255	1	Lucia - Cum Squirt On The Forehead
7cf2593fda38515063367d5d7abd1d699f704e58	979565454	4	SpankMonster.21.03.05.Madi.Laine.All.Natural.Hottie.XXX.1080p.MP4-WRB[rarbg]
7c7b91b23106b352ef12e781ae6edb02491eae5a	674961967	3	MikesApartment.Eve.Angel.Lorena.Garcia.Welcum.Lorena.mp4
7c45b5253efb830c31ff640c303c691d6fd552be	737191589	111	juy769
7c2c653d6a11d1ab8a4c68a2a09fd9cb4be95aca	2196900489	2	[婧娴作品]-[爱德华大夫].Spellbound.1945.DVDrip.X264
7ce1826c630067e956ac5d274aa3616dfd7797cf	343276604	9	2021-03-07-17
7d497f3ad1199a37ebc19442b532edfc31563f6d	1205070149	12	花弄月
7de4eefc3860e466c9b9ab48ccfa010d7e5b7ce4	1063800466	11	D9【鲍纹盒子宅男必备】聲音很嗲的氣質漂亮大學美女酒店和閨蜜男友偷情【鲍纹盒子宅男必备】丝袜控恋物癖山哥酒店啪啪穿着性感蕾丝情趣内衣的商务伴游逼逼非常性感
7e11e128a2d810896be17ae2d83bc1490636a8b9	838872911	9	olo@SIS001@pacopacomama-111814_289
7f515bac1627dcf2fbd65ce763298a1062f3cc0e	612001328	6	[Thz.la]samurai2M-am2020
7f7d262a504902365c9f27e29c50b655a2ea232b	772017039	4	Twistys.14.07.22.Georgie.Lyall.Ill.Give.You.My.All.XXX.720p.MP4.KTR
7f6757159d6f299c2f065909456342e251ae139b	887245379	4	Nature.Gone.Wild.S01E07.1080p.WEB.h264-BAE[rarbg]
80c31df7dba1883b8ee77f050e25c3f45e6651e0	816996394	7	G0306016
81ee70bc70f6c24a7bc2aeebb33718b7c34bca45	381762097	6	04
817c8d78fe205cf3e84826a42a7cc7c28e04555b	179555545	1	lwuma_8_3_katsumi~~.mp4
81c230017f101d0429318b3a232931f2377da1f8	4170659639	1	换个名字ba漂亮嫩妹自慰诱惑，近距离特写跳蛋震动粉穴高潮出水
828d05cdd8716e4ab12e935d295bd7487080e915	2677373724	6	Burden.of.Truth.S04.400p.ColdFilm
82ac0e242f1adb29c50046d5061dc2fb67818e57	211426623	1	Beyond.S02E05.Six.Feet.Deep.720p.WEBRip.2CH.x265.HEVC-PSA.mkv
822065045a814db593af7dff9924f1660778d862	793237333	2526	Природа
826e8a814f7fb3aa97d3a6d58415838d7ce789ac	1291963251	1	MEYD-335
838a89e62add362559935e3cad8714d602f0c71a	1526202443	9	二次初恋.2017.HD1080P.x264.国语中文字幕.btrenren
831d667308867fde5586a2767a90770047f422d6	268781944	3	高颜值极品性感美女被闺蜜男友勾搭到酒店偷情,开始抗拒不让拍,操爽后也不管了尽情享受快感,呻吟[1080p]
84f3a83ec0cca664f63fc4cbfb79fb4db7002809	2605822808	3	[HENTAI GAME] [ミンク] しすたー・すきーむ3
84a8cff919ec3186f8db8326f7ac5e3764398229	601204601	13	asiatengoku-0407
84b1b821309a036d372d3e496532c546f5d9faf9	1277650582	1	16.zip
85049b9cffcc6e5c9a38c22d656b08ff96de5ba1	1029737046	1	ARM-688
8623c3af9e085833441d93c660b392b70ad5105b	796023188	1	Ana Foxxx - Black Anal Addiction #02.720.mp4
866d015f8f71c3c2e166ecab71a4faeca2bea4eb	8010758414	62	170624-NA-Natalia Starr, Ryan Driller-1
871f004b43e42cb93f3c85a61e1a13f95d0cf01b	508963205	7	olo@SIS001@hnd-516
8759271dfd39a992aee8cc927d271fec9d173a3b	169429294	14	极品巨乳美女露脸摇到高潮
887e2911ac21670ea530d2a2f6f4382bd204a508	1619450713	4	21.Grams.2003.720p.BluRay.H264.AAC-RARBG
8885134bb90f229457de35a967f627091da7718f	213207416	3	颜值不错妹子情趣透视装黑色丝袜诱惑沙发上脱掉丁字裤自摸逼逼无毛诱人很是诱惑不要错过
884d67b22b19a414a2b63aad415ac3c2bb61bcb8	455913103	9	2021-03-07-14
880a53c5a9cdbd103cfe8cee08d292f0075549d9	416705113	1	（精品成人福利 uuc75.com） 23 新版乱伦激情操【专业干表妹】啪啪高颜值旗袍萝莉表妹-娇俏表妹的美乳小穴让人着迷
88c79fac5873ad52ab7b0bb4fef76d9f0b0ae9f2	590912292	11	[嗨咻阁网络红人自拍偷拍在线视频www.yjhx.xyz]-极品女神dami高清视频[2V562MB]
896581c2dee8cdeca99ca9c11104eb221000aa7a	363553805	9	2021-03-07-02
89b0588e10a6a403965f0a6eae7055cd47c1d7f2	312374029	4	UnrealPorn.E07.Zombie.XXX.1080p.MP4-FETiSH[rarbg]
8aa60b2eefa40d01288e34c26100123f523f3e1a	313743609	1	竹内けんハーレムシリーズ公式ガイドブック.zip
8a6c11ca72406aa3b78ff74ac3f117130fd4653f	602753997	9	225-21
8a32b49c6f8827dbfe4818042c8b237f32c41685	441919316	6	21
8bb9148ab0fc4b0cc8a92a689be6e8960d71211f	28412259093	81	6914583138599588488.net@ExxxtraSmall 系列九部高清[无水印]
8cda97b675b91e03e0a1ebac0f27575da9963256	1269301599	13	吴天@第一会所@SweetSinner - Penny Pax
8c3f2773782ca9893ebf017e49153366e2669da2	4333801472	22	Diamond Baby
8c9af5f13b094ee045326bcf8e2176703ef708ca	775735225	1	Jessica.Moore.Busty.Adventures.Village.Girls.Fuck.The.Best.BigTits.European.Anal.BigAss.Hungarian.PAWG.mp4
8dc6680096a46f4aa31ab8e794b84c35fa44d00a	137310510	1	大陆经典网络探头盗摄 各年龄段夫妻居家更衣沐浴日常性爱生活（第二十一部）
8d88bdc7815fb0e5f8c7c1491ac7de4ec7402185	2535500437	9	225-1
8e22f0b2ced83f56e65c55eba5a24c0d23a09407	2083908121	7	olo@SIS001@AMOZ-037
8ec452961a6131d2dfe75ec45d903af71292c438	2400363575	1	AUKG-309
8ebed9020a0556643e893c38495fef71b2aed33e	1103697732	1	[电影天堂www.dytt89.com]哨兵行动-2021_BD中英双字.mp4
8f1603f364a42f132a7f813bb2fdf4e7a928ec02	1574448318	1	The Sexual Desires Of Violet Starr.mp4
8f1733fa4cd51580983383eab665f6717ef7b009	27103398	2	北京三里屯优衣库门事件视频流出，女主角仅20岁 生活照甜美可爱
8f4f7438bd02313304905a1beceb065e702c3252	666513445	2	fengliu-24
8fde2ca0f0aba258a343cc51dfeaafbb948146e2	525817344	4	Real.Wife.Stories.-.Diana.Doll
902b6010530f12b6d073191497aba6d710f8a267	1296750403	1	nubiles_delilah_blue_3v_making-magic1920_full.mp4
901751aeee51284f6835be68498a52c2189b0ec2	149883	1	BusyWorksBeats Hermes VSTi VSTi3 AUi WIN.OSX x86 x64 - Downloader.dmg
91537e4eb5b495c09bc52d3fb0d4d730f2b08036	725602856	7	超人氣！究極的潮吹美少女偶像大暴走
926c9d5925d4f56ea4d2f38a67697b53d0e61166	145632710	3	BJRaw.21.02.11.Tori.Avano.XXX.SD.MP4-KLEENEX
93de6c31d2156f3a9de2567d85e88abd059ee401	68608928	7	全程露脸老婆穿上连体丝袜给我服务
934c9f2a33adf177a45cf795a6c89ab53a1e511f	419169467	17	情色朋友@M6mm@店長推薦 家庭教師 超人氣黑澤愛第6彈登場
93dbe2c1c0c82552af7e3dd69ff6edd81f3c5634	10158994490	5	All.My.Life.2020.1080p.BluRay.x264-BLOW[rarbg]
93af26742a41668be014dffebf43ef961d2bd639	1803647392	13	[2011.04.24]爱的拐点[2010年美国剧情(BD)][妮可基德曼]（帝国出品）
93f49532238eea8d15cdc32690217d97aaf1af48	15215500972	22	Zsana torrent
9399b6f08112719ce740ddfd3467eaf7901870cb	16915084	1	[Psicoero]任天堂Wii时代运动（K记翻译）.zip
94955070c6988850b221dc0ea49fe3799f5bf655	241518968	3	大老板约啪赠送好多礼物才能干的网红大波美少妇先给钱在干骚货会的真多服务到位轻SM啪啪对白精彩[1080p]
9446b5c2eaa52245f30f29be3d945e7737d4455a	228014211	12	漂亮素人美乳超嫩无毛美穴居家做爱自拍
94e07be97b47bf1c3ddfa8d3854cce01e36ac8a3	569963596	26	ipx313
94edb62f1b99a505c51ff632e710e62ab6d624fe	652603868	14	KP-047 沖繩絕品比基尼美女 絕頂大亂交 漂亮美女多人！
95498a44e8c8336afb285a2afcd45542ce277397	870313223	5	1024@CKU8TFR405
9527bc8698b96bdfaf9a54a75e78a83536e4e8a7	10476991953	3965	legendarylootz_[amsetsiqph677wkm.onion]
95619ef027cf5fc2b4b45578389a418f266d41c7	2124138055	158	30
954b4aa2a48493466e9fc15ffec5a50947441ce7	1266801585	24	19.jux914
96da7d7119efe8ddd0a876652c62361e8353cc54	495971624	27	wanz808
96b3b0b97b72034949feb1598b68512756beb8bb	1680117223	4	IPX-471 Kana Momonogi [Sub Thai] รถไฟหมดเจอเยสสดไป
96c4164fe363b6439b95aeab148d840c2e01e0e1	1134310999	3	SDMU-592
97ff0b04be02460385cee00af1913e2ea793944c	1873845490	1	JUY-551
97d10a01f43887449718a511bbeba4fb9a5437f5	186963780	7	8 老婆漂亮的小表妹玩了几个月了 结婚前一晚最后一次约到酒店干个分手炮 也是最后一次体验射颜
9883b62d5d34125019c260c6ec18dcea8e01bb76	1459184298	3	FFOutput
981b90cd5766dbb1fedae4130cdf17fa2a7a3b8d	1950671354	25	07.Porcelain_-_Digital_Playground-性感白瓷美人_720P
98c61ebe72bdadefcbdfde829f9d5835ddfc5caa	25913943	2	Wondershare Filmora v9.6.0.18 (x64) + Fix
98bed33ba2a2e5720b925555ec17d3811b883bb9	1791908334	3	[2022.DEV]女ですもの誘われたいナンパされた若い男のチ○ポで閉ざされたつぼみが再び開花する熟女たち15人4時間【上】.mp4
9921e23e6d1e7b1d74310c9f79727bbdfd29b3a5	25913943	2	Sniper Ghost Warrior Contracts [1 073 (37258) + DLC]
99351d2c0bbfd4b796548510d91e965348c814cf	757628642	6	14
9aab2440bd1a947d44ff81a88fa7f7892dcbbc46	156676142	1	The.Dungeon.Beneath.v1.0.6.rar
9a05e003fa94eb8ff47389396c82acbe41178450	2239809585	21	【SMKHE】TeenFidelity-Jorden Kennedy-F
9ba153d1d27d1005cfbbcfe82a066ddbd637c806	947160520	1	Raw.37.DiSC1.XXX.DVDRip.x264-WOP.zip
9b1ad929daeb56e957d154f91b3bb92499533767	4785571965	1	hunta00948
9b46f4961c5db91d7b0dc6a3e1eff1761995606b	2747684453	1	ПроКаZник.mkv
9b199139d57b8f5e51aa33e3c99ed6ac879eff85	31631891	1	[MV] LOVELYZ(러블리즈) _ Ah-Choo (MV Behind the Scene Ver.).mp4
9b524b2d60fe31938f29eefa5683a80d7418dea5	2018325024	9	225-39
9b4ab60f7ab809e8cd5c77d873ecf4161f80c5ac	5195212604	2	OFJE-161
9c1c48895ed209ef93db2e5c1deba567941e2759	2552139041	140	91仁哥最新豪华精品原创大片第三部-番号A001：97年银行实习生小嫩妹 -1080P高清完整版
9cc599c291e739e64d876ca1f720f1ce479aa4b9	192235896	3	棚户区简陋炮房铲车司机大叔没活出来找齐B短裙鸡妹泄泄火J8早已硬梆梆脱光直接就干屌还挺大疯狂输出内射
9cc466b7d6c76d96a945dafd140dbf55115d5de1	512130831	1	Xem All-you-can-spear Britain's big tits daughter PPPD 257 - Allyoucanspear-Britain's-big-tits-daughter-PPPD-257 - 2014_2.FLV
9d5acec9e506bdf21700a58a8455667cf5c2344e	276121976	3	胆大网红主播西施猫大白天公园勾搭路人路边站立啪啪不够尽兴到车里继续玩呻吟超浪
9df23cf1093b2fad770993d224b7943b365bdb96	1059458758	1	行尸走肉 第十季第18集.mp4
9e008d892f4c92e7642e83294e5f9013630d341f	25913942	2	Adobe Acrobat Pro DC 2020.012.20043 - Old MethodSee Description
9ece16c56048380bad2d1e99aedfbc5bae60c420	742566358	3	Kaylani.Leis.Fornic.Asian.XXX.DVDRip.XviD-NYMPHO
9e40bfa1a70546d988bdeca90815bc54e376e462	1270618610	1	【小宝寻花】极品小萝莉女神，肤白貌美身材好，很是诱惑喜欢不要错过
9e9e171d2306c17e3dee6a632c9e3fc3fe470a92	120142116	9	2021-03-07-12
9fe351c811264f1dafc6cbd868a596e8a1012a64	1635807194	123	NHDTA536C
9ffb05188823394d12d71b14ab8e9a0d59342e95	4690552307	19	2275010870@第一会所@Super Model Media 超級名模系列第28彈 S Model 28 直美めい究極淫亂人妻
a0b8b3c2f85f6ae6df63574cc19ea46c1c0f1376	120349282	1	[猫尺] 爆乳!孕ませ!格闘エロRPG～KING OF BITCH FIGHTER 2013～.zip
a0b4d185a0b5d6cbb908c1edf5cd2d27881e18ad	2404356104	43	NNPJ211AVI
a08b601b9abfa038fcdb796aec543c5142d8aaf1	2051394433	1	SDMU-280.mp4
a14546d2d73f808af4d9203b0a142fe2f916f178	1384164071	23	在賓館哄騙女友戴上眼罩叫好朋友一起來戲弄她五部合集可分開下載
a10a345edec97c45f6db276908b698533fb8e4ba	3227124971	4	Dark.Web.Cicada.3301.2021.720p.BRRip.XviD.AC3-XVID
a231500ce253ff2b796eaa842c0282613a810d23	6410993922	13	20191223s.(HD1080P H264)(BabyEntertainment)(dber00049.9222vtca)淫獣猟奇倶楽部 ～妖艶美少女イキ地獄～ Part 4生贄の純血女肉を嬲り尽くす姦淫処刑 泉りおん
a2b817e2dc531bd25da19433ab8c1d83c739e72c	475345848	1	1717.mp4
a238cc98653ca0a3728bc2f1bec1ce3e99ca4e5f	1016932176	7	01.Latex1
a2b565c779b290179b0a193f2f009a934441e7ba	416884950	1	生活万岁第12集.mp4
a3f4d0c0daeaf971a6f6943f72928cb12cb74a04	2014314741	15	DNIN 007
a33e4175258811bfe791d84a51a220868a77401e	3222798417	11	[rarbt.com]善良女秘书的目的.2016.HD720P.x264.aac
a31ee0405307fdb9d4be75a58f9a622ac373aa32	668767744	1	Farmer's Daughters - 1973.avi
a32453bfb972d705072c17f9791d5a183022eab6	727867392	1	pron.nntt.org Britney Pierce. Oops I Fucked Him Again.avi
a4851b6c9acef922ba3e431bffe7197fb24c7508	3513878227	10	0038.(溜池ゴロー)(MDYD-998)夫に内緒で、元彼と妊活しています…風間ゆみ
a4e1fc08890752c05d7f08b89f6f9890dd1e4c0a	637495411	3	[FakeTaxi] Sexy mature milf seduces driver (1218) -={SPARROW}=-
a4e41ebe2d7c5f42c51aa96e185d18f2ea03d413	1738126695	1	WANZ-574.桐嶋りのの凄テクを我慢できれば生中出しSEX！.mp4
a48b166e027ef8a8a07bbaa5afcc169f5f1b946f	1575905561	1	JUX-348.日焼け_兄嫁の誘惑_白木優子.mp4
a4934f4f3cde808c505767ba40bb11bb8e2efdb7	145076881	1	（精品成人福利 uuc75.com） 21 露脸的丝袜女神空姐帽子极品诱惑，大秀口技灵活的舌头，舔的心痒难耐，后入激情爆草上位抓奶高潮呻吟
a4b461fdd58688bce6594fe213d9434ce00338c1	599979339	6	olo@SIS001@caribbeancom-051113_335
a45687ae416ffd0fcd1a37153a58c7fe385c38e2	294453249	1	Azul Hermosa - Breakup Sex 030321.mp4
a4f0d1b3401e7e6feb7557783cbc1d0571df7fe9	7043855222	3	The.Wedding.Video.2012.1080p.BluRay.x264-SONiDO [PublicHD]
a51cbfa75ef971238d5ea636d3610b4e3f078c29	2125669369	2	#_yrh032
a5c311a18938a0cf85275fab42c3d73cc244104d	176507256	3	石家庄栖檬主题酒店偷拍两对极品身材高颜值情侣开房
a58eb829453a7fca01a7f286ea5f0ee283fdf26c	421715387	6	42
a59b1e9c8ee3fed1f44edbc880143800274466a7	513278012	10	TVBOXNOW 雪地靈猴
a5e63889ce76bc7822aea4eb2f39e89a24a6d3c8	26931661	1	[ろぜったすとーん (ててるん)] ふたナリ比べ [中国翻訳] [DL版].zip
a50e170b253fbee49a90dc727874171ad71e99d1	801744	1	The Resident s04e02 - Downloader.exe
a5ae196d8bda745f94f3ef962311921f2ea843e5	54140035	1	the english mansion. nurse, gloves,femdom,handjob.wmv
a5475f584b3a4cdcf886827dd97436a92de517f8	470324056	6	www.lyrics.lol - Sacred Sites S02E07 Temples of Priestesses 720p HEVC x2
a65d79ec93855aea40582615eb4f6a8a3bac4208	1388454762	1	iptd822.avi
a660c9d160688a0e22b86667f277157b66f5663b	570915554	4	Black Lilith
a6ea91f28fc7bc37baeefc0b2804c0aaf1f2c28e	1999288459	13	Jenna Presley - Hot Dinner
a655ed6f23419c88acac43b9c02385bd570049a5	1528780834	1	MIGD-767
a72c92b94cedd8a4ff926672611febe5a2c90b8e	858101596	1	亚籍非常清纯甜美妹子无毛嫩穴自慰诱惑，张开双腿揉搓塞着跳蛋震动身体颤抖
a78bea5bb39a75458e29ddeefec4f334c600bdc4	1011662315	6	中国式合伙人.EP26-EP27.2018.1080p.WEB-DL.X264.AAC-BTxiaba
a89c251138b4e617c417a4eb3edecfc7ad698c4a	106419376	2	Spizoo.17.11.10.Jessica.Jaymes.Dark.Lips.XXX.SD.MP4-KLEENEX
a8391b8ac45a883b926e7b337463f56f4244246f	1447708290	6	mimip2p+nike(KRMV237)
a8d2caa07fec0294e54abf11d3286b1b6ce798b2	1581777802	32	37.NYLONJP-HDVIP-丝袜套在按摩棒上插入 淫水奔流[1080P]
a925d8a805eddefaeee20d76bca90c7c54a5d305	14460598043	27	[EvilAngel] Bitchcraft
aae2d30da599ebf4bbcab22148a1c693cddb0930	801744	1	Ridiculousness S18E07 XviD - Downloader.exe
aaa8fed8d67e46abb52f62ba4bfa953f3f4bf18f	3729260666	7	新神奇四侠.韩版.Fantastic.Four.2015.HD1080P.X264.AAC.English.CHS-ENG.Mp4Ba
aba8d983be00ebc629e330b7cbbe8fc474009745	250956152	3	酒店偷拍吃完炸鸡和薯条就迫不及待翻云覆雨的学生小情侣
acea3c6d7cef50470094ca19cce6ccda58869060	331950032	1	fc2ppv_1639226.mp4
ac403bba15c4d9b2ff703bfb7e752f54570c62ba	7827336796	3	The.Mortician.2011.1080p.BluRay.x264.DD5.1-FGT
ad4453773c57b2e42d2cfe8f65222a35aa724180	17889370	1	通靈王前傳短篇-第00話.rar
ad4c096bf52a845b9a331193e9e0957ef065989a	953820242	3	僕は透明人間！ パート8
ad7ee50d718d68b7c5399d54841be00e7d6417d5	2542207873	3	[2022.DEV]肏翻4辣妹天天內射讓她生乙葉七瀨星井笑雙葉雪名noa.mp4
ad212f0cf087990eb76f34472b83a875180412fa	1315220518	56	04.LegalPorno - Bree Haze - Bree Haze Double Anal Training SZ1256
aeee6e60c26abbb4d1f0e2a6179c17702cf55309	243684770	1	teensloveanal.17.04.07.avi.love[tk][480p].mp4
ae896a8301fae40ab6d51ab025530d02d4e40363	451674357	13	im520@SIS001@WSS-248
ae5e0e6a85675a6d870b236857adde1d75fdc1a9	1216484734	8	PINK-007
aea6f973a07c16b1b964aad10d7be3df95f8debd	2106377731	68	ukr_mova 8_8-9 kviten 2021
ae7b1e8be864610e482a4aff375e52c92cc4a2c9	1366858163	1	[电影下载www.qiqipu.com]我的极品女神.HD高清1280国语中字.mp4
af6c3d9a40f69468624ee29b2c50ca583e50342a	835771074	6	www.lyrics.lol - Hot Ones The Game Show S01E12 1080p HEVC x265-MeGusta
afebe47fdf330a6514608cc75ed6e01cd058b37a	20933325780	5	11.08.26.Stay.2005.BD.REMUX.h264.1080p.DTSHDMA.Mysilu
afb93dd8c0a18800cc21952862ae3d73fefd029c	1023063163	5	雪地迷蹤.2014.BD-Rip.720x304
afde112c8b9dbd86d27e04cdad118c75228d68d7	25913942	2	Adobe Acrobat Pro DC 2020.012.20048 (x86x64) + Activation
b033205bb978d610462a9272f2a2491da969ad8b	25914043	2	Guitar Pro v7.5.3 Build 1730 Final + Crack - [haxNode]
b1d8bd42b52d1ae07e8e0fec74a9f6058ce67e44	1491066723	9	160929 타히티 추억의 7080 충장축제 직캠 By 델네그로, ecu, 신비글
b19be9042c0af4853f8d704466dd4c8eb219fb9d	25913943	2	Adobe Illustrator CS6 16.0.0 (32-64 bit) [ChingLiu]
b1a3ab4e439fcf8d31cbda5d07638e14b82398e2	31301336	1	Laura Lion - Swimming Suit.rar
b29b6a6e861b405fbec5721a6bb99735dfb8f925	505946223	2	[MFC] Green hair Catgirl - Lana Rain
b28eb831aa299552baf3d11c351cbe6970d20b84	1473998056	1	炮神奇哥网约高挑大波肥臀长发美女模特沙发上各种体位大战抱起来肏很持久怎么搞都不射国语对白1080P原版
b2d7df5c7d55139ef215353684eb74d00c988b93	1923482472	3	[2022.DEV]大口吸肉棒口交癡女JULIA.mp4
b23b012dacb486f859f4a5052e3f336316421af2	2462582733	10	SW-450
b3617011fe3a73d203e4d86fad234e1af579f03e	256199032	3	蜂腰细臀的风骚轻熟女舞蹈诱惑系列10性感小马达臀疯狂抖动小穴看着很诱人[1080p]
b384d9978b145c9d10fb40679af19cf30ee191e4	226030984	1	[DHR&MakariHoshiyume][Noragami ARAGOTO][06][BIG5][720P][AVC_AAC].mp4
b647158d2b1220d7adad14f2f3aa9ba845a29a53	1054661120	1	STAR259.avi
b6fb7826750b6856cfbe491f1b7a4a0b556b95a6	101738083	3	HuCows.21.03.06.Dina.Ket.Teen.Fitness.Girl.Captured.XXX.SD.MP4-KLEENEX
b6b56c88071ab480d812d4bf7c56bd96d85fdde2	359393018	1	海贼王.E965.1080p.日语中字.WEBrip.H265.mp4
b7ca856f2b3abf21147137716e9f683f64fc7187	855140365	4	Texas.Red.2021.WEBRip.x264-ION10
b7d980a644b5994950b3e66d80cb3378e58936a0	1420947513	4	GirlsOutWest.21.03.07.Elliott.And.Jordan.J.Pussy.Lovers.XXX.1080p.MP4-WRB[rarbg]
b7cea96ca5c052fb4d584bda22ffa0fefc3113f1	532152833	19	im520@www.SexInSex.net@SPRD-564
b8350044c0b578f51dae1124107bd30d8a507d1c	530055681	17	im520@www.SexInSex.net@CPM-57
b821e15afe684834056efd811e878e174d213c7c	626117426	17	kingter_to@www.SexInSex.net宮瀬リコ 178cm長身美女特别補修授業
b86fce2b5a49643447cc45cd7aaa6a0f230b3d92	354226841	126	（后续）隔壁连衣裙高跟少妇 接上部
b927fab0117bf654fa5aee54ada396ee4a128d1e	2631068047	1	SDAB-031
b92290509c2b0ecadec1729958e242fbe58a8aa5	605498474	14	17 最近很火的留学生June-Liu留学生刘玥9月最新与老外1v2会员视频-骚劲透到骨子里
b967a175d29ac92ec55665c57750516532bc7bce	241518968	3	国产恋爱系列之无套内S南方航空苗条漂亮空乘小女友！
b96ed94309207f28cb495f42926b6436b9089ef0	208142370	15	gooogle@草榴社区[宵夜字幕组][PashminaＡ]オトメヒメ
bab0e9b3194bcd18be80d976d2ea017918abb416	287994937	1	Paul van Dyk - VONYC Sessions 746 (19-02-2021).mp3
ba523ae1d910f2b1f2410777692396a9fc25d527	451398892	1	bex.17.03.07.marica.hase.dont.touch.her.4[tk][480p].mp4
bafab572881aef08d3cfd58b7b2f752a2aec083c	60221788	1	Самое свежее любительское порно из видеочата.avi
ba7e057c9e5413186144fb5bd9b2ddd6cfa99b88	486603010	1	【风骨】The.Good.Karma.Hospital.S01E01.720p.HDTV.x264-ORGANiC_x264.mp4
bb2286d11464d3d9eb743066e25aad3c28c589aa	406941604	1	171225 트와이스(TWICE) 나연- Now (SBS 가요대전) by 퓨리.TS
bb449af2a5f17ca4e376e25f01ac7d73c02551d0	247067623	1	MenInPain(3).mp4
bc330996596cf7cfc5736595ef733dfd4d202892	411535722	1	生活万岁第13集.mp4
bc476d4b7a4b3bc70ce40945173526dfaa4ef1e7	11125998283	9	225-13
bdbd9ec1481e884cd25840d7012db144d4fde509	143340042	5	[Uha-wing&HYSUB][Aoibungaku][05][848x480-RMVB]
bd594c50a92d105dd4e24b198a4019b20e44072e	412451330	1	Richelle.Ryan.Ryan.McLane.Seduced.By.A.Cougar.Milf.Cougar.Brunette.BigTits.BigAss.OnionBooty.TinyPussy.mp4
bdb7590256c1dbe9f4846aaa62d24a1e378f3346	1236217678	21	【入微】SSNI082
bdae7b8eaffb72ae39d0d8204d6b723df234b968	342602765	2	BabyGotBoobs - Erica Fontes (Banging a Couchsurfing Slut) NEW 02 October 2014 mp4
bd73c7b96fcca1a18c659a38ea498e655fe8aead	200624504	3	极度风骚性感的高颜值翘臀美乳性感美女椅子上口爆后又被扒光衣服在床上狠干,最后爽的自己拿着鸡巴往里插!
bf4599db34d6050fbf1d1786939031ca49b9e953	1155211781	26	HFDGBDFB (3)
bf000f28d9bfbda13d458d499119de9979562589	316672747	1	工作细胞BLACK11.mp4
bf912d63aaf217783de18dbfced04c4d0cfc3ec7	97437047	14	Календар Слово [1961-1985]
c09db3e86ce2280ccfdfadf84be3cc0910303b07	283030020	38	[2010-10][Noath VBR] 伍佰-《搖滾教父 HQCD K2HD 黃金精選2CD》
c008c31dd3f893ddbc01d4a2c24616658a3c221d	355877645	2	Blacked.18.07.09.Bree.Daniels..480p.MP4-XxX
c1e51b1cf7513dbfbf9f03edef1eb8d1679b150f	1042046090	6	Tokyo Hot n0681 高城みくり 初中出~-AVI
c1dfeb0045d1e6995e21a978e6eb0e2e899827c2	3779914854	2	终结者：创世纪.2015.1080p.HDRip.KOR+CHS SUB.x264.AAC2.0
c1d7c990087405645e197f9e3e6b739771195dda	3667365950	5	STAR-592
c28b8f4dbc937857c7acc262c8e260e126a0d67d	189234735	1	（精品成人福利 uuc75.com） 30 高质量美巨乳特辑-帅哥自拍自己找白嫩妹妹按摩
c28a3113a4c472788133f764f95bb83a42d561ee	224741752	3	最新众筹极品丝袜模特茜茜酒店大尺度私拍被摄影师咸猪手掰穴摸逼1080P高清无水印原版[1080p]
c37b3b7aaeb4e392ea905c754cba8008751b9413	1448695803	158	OM26789
c584227257675797c133dc04706eacb8b3d64c69	1007938879	1	snis-371-uncensored
c5b48b304b10d7b2766c8866df17a9843758797b	743258755	1	15.zip
c58604f4e4f43d78f25f9ab311b9e7baf68d4e90	1923288966	6	ZTR2JYO832
c51444fa59b698c9764b7af4363060bb70c42dfc	252861103	6	[Mov8] Under The Veil hdtv
c61d97b6cd17771e1be8c6533d4eb43b7d602713	156218910	1	real.wife.stories.melissa_lauren.mp4
c64597f442f61fcfd2550e94c3294c66c6f5f321	1473212138	1	[电影天堂www.dytt89.com]寻龙传说-2021_BD中英双字.mp4
c6d6a622acbde05bc996fab613fcd4c5d3b5232c	273605321	1	The.Walking.Dead.S07E15.480p (mkvtv.net).mkv
c6333421d836ef4bd17fd74c474f578ad256326f	1222966367	62	30.gvg269
c7841a86f08269871a6928b032d1bc5e3e2dd433	1112158073	1	颜值不错爆乳妹子酒店约炮啪啪大秀 大浴缸深喉口交圆床上位骑乘抽插
c7c404f972acd22c3b8229059bb381664af0d853	524127203	9	2021-03-07-05
c75bf19d452cd5174b201cf8927ce89743b4e7bb	625365955	6	37
c7f6dba1229e9e56273694e9c7250f30e31a72c7	903932150	14	90後少女網友黑絲襪情趣制服足交口暴酒店自拍視頻 张平在就嗲狂插小嫩逼最后忍不住射进去了 她很生气20歲C杯女穿性感豹紋內內 表情很是销魂的漂亮妹子，美腿细腰很是诱惑
c76a8dd44a342636015f65d87ba95122759468f5	9504107798	1	&_Thunderheart_2хAVO_1992.AMZN.WEB-DL.1080p.mkv
c80656f6b575469717f9940fbbc18bb8641cb0a2	152711993	1	身材超赞颜值又高的姐妹花浴室全裸跳骚舞洗干净回床与富二代公子哥玩3P一个干一个拍太淫乱了
c8618136427ed1c148954a1bf6cc6991e71348b6	496762880	6	EP03.粤语
c8d6cb4efdf22601e86592de996845f467c23ee0	721840950	1	RHJ-350.mp4
c93ee135d0815a7a4068bf012a8111bd32df1136	358996008	7	G0305013
c9792fc341fba12d8df34933d82bfb0506db11ec	1392574338	1	12.zip
ca4a61b4fb5f750a7046151921accf455f4b4616	213207416	3	好可爱漂亮的美眉COS守望先锋角色水晶自慰棒插小妹妹流出晶莹淫液
caa28dc9ed15ffb0b87cc910bb36d14b971997ef	1920020227	3	PetiteBallerinasFucked.16.05.04.Molly.Mae.Young.Teen.Dancer.XXX.1080p.MP4-KTR[N1C]
ca11fbafeac67b2499a95f1cb6f28c1429cf4dfe	2493910888	4	Ultimate.Fishing.Simulator.Update.v1.1.2.374-CODEX
cbc472078ec6196d8e749bc1ab0ef5282910c535	13899445210	44	NBA集锦（Roger收藏）
cb7d224033c75daf1b6318c2216a5762626fee52	5785409147	3	天才麻将少女：阿知贺篇.电影版.Saki.Achiga-hen.Episode.of.Side-A.2018.BD1080P.AAC.x264.Japan.CHS.BTDX8
cbadfed9e81bb7fe212f52044a7b5e4f2587f260	572389787	840	29
cb624c379b4e279b0ae293fade71f10bb1873dca	25913944	2	Any Video Converter Ultimate v7.0.6 + Fix
ccf1d8d082c063ea43e2be29425c1f6be47cf807	1477615852	6	Bound.To.Please.5.XXX.DVDRip.XviD-NYMPHO
cc27faeda9b17e60a4b05a66d3143c6698b2cea4	957189576	1	帅小伙网约36F极品美乳白嫩性感美女,沙发上各种玩弄嫩穴后疯狂操逼,敢玩一次美女还没休息过来又狠狠爆插.国语!
cd5e6b2c6dab353d8ead27cdda8fd1f17aadb7bf	748563939	8	Tokyo-Hot n0488-AVI
ce022c758fadfe54bd2931b51bc3546abaec7742	4326183298	27	Avatar 2009 Extended Collectors Cut BluRay 720p H264-3Li
cecc6657262e3190afbf09588103444aeec4217c	6031643825	1233	注册会计师
ce2dcdb239eefa11e4ae873d5ddf6baec67876d0	5455022186	2	Papua.The.Secret.Island.of.the.Cannibals.2013.1080p.BluRay.x264.DD5.1-HANDJOB
ce3a318c33bcfa77608d4166c45acd5441eb07f9	2528001934	2	[javtorrent.biz]_mbox102
cf5d9cf7449ae3312463b48963679c4cab8f6538	2475180666	1	004_3xplanet_AFS-006.avi
cf1741e3ed03f871c8ce3d5c0204f126d17521af	1133860179	24	MUGON-082C
cf66152cd05e2b84e50ac404517b85f43a7d02b7	12934811050	2	Into.The.Inferno.2016.2160p.NF.WEB-DL.x265.10bit.SDR.DD5.1-PLAYREADY
d0b9ccca5dd03bcf4d33322aee4dcca5ad1d649d	501026957	235	08[NAKED-ART] 2013.01.25 NO.00610 桜井由乃 ストラップ少女 [245P495M]
d11f9ffcccf704e8ab804dbf437b6142f9a8d821	536351462	5	大西几VIDEO_03
d157fdff9181c472ae4d82747eda444576197f5a	252786915	3	FakeHostel.21.03.07.Zaawaadi.XXX.SD.MP4-KLEENEX
d190a7bd40809de27a1f1aaa4fd27eb90cf9e386	1504031165	145	RTP004MP4
d1f2bc1cf929efd4ca3d0d8cc3c2637f0bf57ab6	182798712	3	粗长大丁丁后入身材娇小型美少妇,口含器具拽着头发疯狂爆艹
d1dd4538079f0c7b7539bc8166b8d3a8b60cd2cb	1079327254	1	正义联盟-毁灭.Justice.League.Doom.2012.BD-MP4-SLOMO_YYeTs.mp4
d12900aee14590d7d1e5175c2fe11732ef7bc9e3	276963	1	小说.txt
d1a3065a0c1061b22a917a0f69adc8f4b8cc4fea	1762270709	2	TBTB-009
d2dcc7088338a24730271addf707fc5a81200503	91879484	7	Myrdød - Spells ov the River Witch
d3d6860ea862a17f7576d5f7c4b8b1911229105a	4752957691	3	Atonement.2007.720p.HDDVD.x264-SiNNERS
d49601c9dbe6c0a1006069c6d9c6689115c7fa0c	2376980284	1	Clarice.S01E04.1080p.rus.LostFilm.TV.mkv
d4de52dc896d8c577b1f2996452e1f5ecb7df461	3893356411	8	[Rosebleu] Tiny Dungeon ~Brave or Slave~
d45e239f5013cebc4322f90ca724ce77298328ab	37896853813	46	【bigwai】DDF Busty_2017-Updates#3
d5f87881baf977c5fd7d48e23c9a3b70a4d58b21	2344272660	13	【BT首发】【BTshoufa.com】末日崩塌[HD720P.mkv][2.17GB][国英双语][中英字幕]
d54428a2130fab764348e0ea43e536b07602a2b2	736989721	4	The.Watermen.2011.DVDRiP.XviD-UNVEiL[rbg]
d558d2a6ba80b7f6f0f5fc25c0ec15e061c1dfcd	250832982	1	Nanami Yusa .avi
d54f136d2d3ba9e16898b31e87306c2b45da8cd8	255221519	3	BrazzersExxtra.19.05.29.Kira.Noir.A.Family.Affair.The.Reunion.Part.3.XXX.720p.HEVC.x265.PRT
d68327e07bac6c0891d01fa23913756d199d0213	1509047301	1	10.zip
d6b256b44ecffe84c0c930013b3bdc72bf752140	4542425758	14	Brazzers
d6954c8fbe7e4810d42a464dc8975eab5cd0eb86	2800925717	1	金牌女主播璃儿露脸每天人气爆棚，肤白貌美旗袍黑丝诱惑，一多自慰大秀，淫语呻吟浪叫，这身材操着肯定爽第二弹
d760e12e019fb9281dd91a4eea879d9b62c59164	1970888623	1	Euro.Teen.Erotica.Holly.Anderson.XXX.P0RN0.mpeg
d77265f3b9b80833f789153870ecb5b58b50287e	221450924	21	2【ou89279546】【sex8.cc】分享多P大战
d7230ffffa890fd8131422e746988540c1926d8c	448797573	1	JAVPLAYER JVIP 07082019004.mp4
d76f00daafa8fb864e4536cb8b1e6eebc48f76a1	9893615779	19	hjd2048.com_190425國產合集2
d7060e7a59adbbcbd523bd9e6ce36ce521c356b2	421533928	25	HGC@0003-91富家公子大价钱宾馆约啪音乐学院网红脸女神身材真好还给毒龙按床上爆操都要干哭了
d8964eb1c8305503f3eb0b8d868a95ebd89d6445	250956152	3	貌似公司中年男领导带时尚性感的美女下属酒店开房,男的花招姿势太多干的太用力,美女受不了捂着嫩穴不让干了
d8a5beb55141655b4fda3720f3da71523a168051	1335325294	4	Rubber.Jellyfish.2018.1080p.WEBRip.x265-RARBG
d84c41157ce0491342c7cdf5a1426c89be04f0b0	1692603907	61	EYAN096MP4
d81e8f19fdaa8e0cbdeb601fe6eb0f93b6bbf8ba	1467449344	1	The.Cascadia.Treasure.2020.P.WEB-DLRip.14OOMB.avi
d860d38631bfa47415a015e2808ad278233dd8ba	1636992010	1	【王子哥专啪学生妹】土豪哥连干两次沉迷刷抖音的青春学生妹，时间不长次数要足，不然对不起这白嫩美乳和粉红鲍鱼
d872dae30adac35186a531c9491a99d126f4e5cc	912221384	1	19.zip
d9f0b34e075e9665e381bd9f4542e797b227253a	910608526	1	翼相原亚洲成人业余骑假阳具.mp4
d9a4e7f057ffc366cad7e30083dc986298307d80	1033317543	4	JoannaJet.20.03.27.Me.and.You.400.MILF.in.Tight.Dress.XXX.2160p.MP4-Narcos[rarbg]
d97c370747a3a9bac4938ebc8a49a8d81d0b2f9a	410824087	1	91老肥 赵邦贺 发廊女神完整版
d9b0271d12db11b224cb70de35bfaf7bac159abc	872580637	1	外表清纯连衣裙披肩发气质美女与男友背靠式啪啪边草边揉奶边摸逼干的美女大声淫叫不止一起呻吟冲刺给力
d9661a879a693a0e3f8c0d9cdf558bc79858f9e1	248859000	3	性格狂野漂亮的美女小姐姐带夜店刚认识的猛男开房,边操还边拍淫叫：你喜欢操我吗,射我里面还不好,用力干啊!
daa8d0d84e7b15acae7fda018565738f6288e339	1928321844	12	MUM-265.夏川ひまり.たり前にセックスをする仲睦まじい家族。ひまり無毛
da35dd84f3fc985e7f3b2198d05a0a544c7a98ae	362222712	6	olo@SIS001@PunishTeens - Molly Mae (Decide Your Own Fate)
dac6949d5fad573310b3d18c3bca87bb058038d3	448841351	3	Bossy Boss 4
dbbc037e1302c75ca3a057ee588cc90a2b0af805	1235787042	1	PGD-844
dba2c156e7ae0c2efeea7ebd26f62beef56f972e	2331165655	6	墮落的巨乳人妻．小澤愛麗絲
dbfa4f21d072310ebc7df00c860c88fc33abc133	2175638959	6	【ses23.com】h4610_ori1326
db428d3e13d0ce93222033bacfb0355fbee5fc8c	1424391612	1	VENU-785
dc26c32d03515814df11715c8bd4c758a1195372	690313338	2	fengliu-17
dc5c2f38a5b5aecaab1b08af9da6fcddd7cd9ff7	434446934	1	14.zip
ddee0b4c54518c3a1f6eb015f6ecf96ce2b5010f	1162740192	28	[ www.Speed.Cd ] - Dispatches.S27.Special.North.Korea.Life.Inside.The.Secret.State.720p.HDTV.x264-C4TV
ddc3153139d975cb92613680cbd20ead69704c11	947487053	9	水着ギャル　洗い場洗面所盗撮vol.1
dde7ad4a01ad3a462bffec4ec40a5684143dad29	1203212360	3	#_NTR024
ddc75b6189b3f3c46067d32c3ed27d4fbe4c627f	163691266	3	Rabbids.Invasion.S03E04.HDTV.x264-W4F[rarbg]
dd4985378873efe2482f4ff18611740def3d1087	2508413835	426	BZR-02037
dedeceb31398eced701447adc7e02cc9d32d8303	349016200	2	BigWetButts - Nikki Benz (Wet Butt Sex Red Latex - Brazzers) 
de8361babc57bf61aaf5cf2a410128416eb60f09	25914060	2	Microsoft Office 20192016 Pro Plus v2009 Build 13231.20262 x64
de3a20d54d9deb048970dec02a21593808e4380c	149942	1	The Big Bang Theory season - Downloader.dmg
dec22f9b000c4a2ecb38c477f96486a150d3643b	916	1	BitTorrent.lnk
deab3af2a61ec4d1754dd14e285e905103bc2492	196430200	3	专吃年轻援交学生妹大哥城郊按摩房邂逅刚刚入行不久兼职的嫩鸡妹子阴毛不多很敏感投入的呻吟声听[1080p]
df56c4cca2adef76e6bd35ff35e8f653a1a58c27	10206072	20	(SHT2017 Aki) [Titokara 2nd Branch (Manami Tatsuya)] Loli Kamisama Familiax (Dungeon ni Deai wo Motomeru no wa Machigatteiru Darou ka )
df5d51927999911a2edede9d922724ec17e97834	302595776	3	[PornStarsLikeItBig] Anna Polina - Fade To Black [XXX]
df6e7a7a8e0a14b6eed06684da8f41ed5e55e990	820462650	1	06.zip
df49cb2674994237d0107136c4a5afbf62398e9e	130952752	1	Stockingvideos - Dirty Old Girls Dirty Old Orgasms.mpg
dfae708460401aa2903fde12027cb574140e75ab	197478776	3	小旅馆绿叶房偷拍貌似很会玩招式的情侣女女上位侧入被搞到狼嚎
e0bff4538d7739f8ebf54c44d3ecedc297593420	1008370012	24	Rolling Stones 2014-02-26 Tokyo Dome, Tokyo Japan (NT)
e0d3feca0b2540f4cbe8e32e34d89b80f9d03323	210630740	1	Gay - Hired Str8 Uncut Stud Fucks The Shit Out of Me.avi
e0ab9753938d58b224e2dad0fc76e971146ef232	1071702796	5	230ORE-735
e0cb458874635ac22368aaecde660332d1d83c94	730903265	4	HotGuysFuck.21.03.05.Mick.Rocket.And.Angelina.Colon.XXX.1080p.MP4-FETiSH[rarbg]
e07e8ad3cebe3cbe39afffe7bb89cf2101d51cc4	3510471977	15	ZUKO-118.HD
e128557a2cf0791654af9b9490da3b4a9eaf6528	13436282577	108	Mesubuta.net (+54)
e11876c28befdfe970ec8fcc436f025e2faa4ce7	568153906	13	一本道獨佔動畫 愛あいり 「独占入手！AV偶像寶貝映像！初次亮相的J罩杯！」
e20aad5245ae6dac4e72106ed73405cbfe1f7512	9052698	37	[S-Cute] 2013-10-02 No.320 Riku 3 感じたあの時告白オナニー [36P8.6MB]
e2350fbba289479790514535735679767988c816	1483596622	1	WANZ050-AV.mp4
e2412a968b09ae863b3efb07d27cb77118a1b6e6	14234027875	9	The.Fast.and.the.Furious.Pack.720p.HDDVD.x264
e3e1476fc3cf7993934d26356ba9bca8726fa730	893856594	4	Mollys.Wrecking.Ballz.A.XXX.Parody.XXX.DVDRip.x264.Pr0nStarS
e37551f9cd373c0b4b38664d9fb5901f8209765c	411315046	4	MikesApartment.Zazie.Skymm.Sexy.Zazie
e4e283a06457778ff3f65a4b4c4d93c044717b4e	2289193565	2	[7sht.me]JulesJordan - Gianna Dior
e4de2e78502c962e18bd1caddea4658c513d2d58	3432944014	1	VRTM-251
e4fc8d1cb35e7555f9a3a4cbfdc036d63e5ea37f	1095278266	365	方大同
e41ec7acc9149dba0347dd3ee9fa074082e44acd	252004728	3	国内经典作品高难度多姿势尻逼D杯罩及火爆身材的新婚小少妇，叫床声很销魂（超清珍藏版）
e45f6361026b30e3ce3124ad7cb9c1aa3ee5dfd4	2052256025	1	【首尔男买春打炮】怒肏大奶人妻双飞时还有些害羞 姿势繁多（第五部）
e4fade7248524d49f0259ec50f3723d1e3e6c5e2	1133226317	1	BF-371.X264.480P.mp4
e58dcebadf5ad754998fef3d0fc43876f941b416	411330511	1	Time-Loader-v0.7.4_setup.exe
e63fa7abfb292c641cc83a2b55c40e2bbe335218	329654356	1	Восмидесятые_5сезон_17серия_dxp.ru.avi
e6ad744bab71758a1a45a8de92697d6a0b12a58d	1131828075	12	CAPPV-052412_318 
e65f23e87459a0f1871f573b79b5e6eea9c91eb1	247810424	3	渣男的幸福生活，两个欠债的大学生被两个渣男玩弄，一个人指挥一人玩两女，扒光强上抠她逼草她穴，真刺激
e657f7e18af7915d01afd2281cc9cf47ccd4d5b7	204818808	3	清纯漂亮的大学美女穿着紧身牛仔裤太性感,还没操就已经被爱舔逼的男友扯掉裤子舔到高潮后再狠狠狂插!国语!
e6fff7d435b04fc923589fc4cf83233db93a13d5	981825842	2	Lesbian.Adventures.Strap.On.Specialists.5.XXX.DVDRiP.x264-DivXfacTory
e7001fbe06877df4290186d5f5e5480ee414ae1a	609542046	9	2021-03-07-19
e7799e795c491314fbe6629cc0b20a5713464873	220547448	3	约啪大神和好友酒店高价约操2魔鬼身材高素质美女,听说要群P不愿意要走又加点钱才留下啪啪,过程被偷拍,国语!
e7b910f4f5d6e9f86aa5466dc82b4da5dca5dc8b	1361425459	149	HODV20852MP4
e7784a9af0525920d929c3d395090d457393bda9	3231366179	2	Germany_Bundesliga_2020_2021_24_day_Hoffenheim_Wolfsburg_720_dfkthbq1968
e78ba649d1b2d3ca61ad88fa70cbe527feb870d2	25914061	2	KMS VL ALL Activator CMD Windows and Office - August 2019
e8586f9bd379f1fee32907d89820e62f76ccd575	765565635	1	[电影天堂www.dytt89.com]狄仁杰：长安变-2021_HD国语中字.mp4
e91ac89dbe7097dfd80c0b3e7817cfce92280f00	441329039	1	（精品成人福利 uuc75.com） 21 极品中韩混血美少女【全球户外玩勾搭】勾搭陌生人回家啪啪刺激-大屌男好久没啪啪连操美女-无套口爆
e9711d3a11ab05d7f7fd2e9cee38ac9a2e24c731	2192107946	4	[psk.la]Carib-102915-009-FHD
ea0e0a2f117d00d8a68d5bb68254e6d5aa32c624	2261081583	7	2140819582253455976
ebbe6634a09e0667bdcf2941da8e36728b45c43a	1236165125	55	IPZ584AVI
ece8d01908b67668e4843d8c01bf087dd0734d5f	2433392934	4	The.Twilight.Saga.Breaking.Dawn.Part.2.2012.BRRIP.XVID-AC3-PULSAR
ed968f05d7d2fc499cd3401b5ec7203bfe6dce1b	49574652	1	Sexy college fuck at B-day party, part 4 1304 01 by SchoolFuckParties.mp4
ed6c711d0a6d269ee216c03ad91eeaf8553f1858	248254221	1	丰腴的美少妇经过调教之后叫来了兄弟一起分享，各种体位都来了一遍（附生活照）1V+194P
edfd69745a1921d431678c74870b200b22645274	4194989341	1	NHL.RS.2021.03.04.WPG@MTL.720.60.TSN.Rutracker.mkv
ed559b354048ee6511c6321c53a1df020c755a7d	147602637	1	阿尼妹论坛高清壁纸分享 (PART 6)[140P]_140M_r3%）（Wallpapers collected by 17-h.com）.rar
ed08c7e858ae3fedd851f3a052ed0097c031aaa3	763077434	1	[Tsundere-Raws] Wave!! Surfing Yappe!! - 03 VOSTFR [CR 720p].mkv
eebb80682ab70250306b4238547f28480b29cf60	2504181989	1	DVAJ-332
ee09aeedbaae5a38bb488173df3ff085db634168	1450181574	1	[www.domp4.com]哨兵行动.2021.HD1080p.中文字幕.mp4
ef18f9b21b5e7e9cc1a212729bceb5663e83b859	245479552	2	Janet Mason Hot Busty Mature in her First Interracial Anal scene
f0174f79a87fc305c53367b976cdf84cd1154a0d	1275224459	37	勇闯天涯@第一会所@精选国产自拍第293集-高清露脸剧情系列
f0848afbd1f7a36eabd49a9bf83fee7e9d949c7c	8219721627	1	All Man Are Brothers-Blood.and Dragon.Sabre.1992.WEB-DL.mkv
f079050319f79bcc2f8fb2eebc58f5f7f182b8ca	741063219	9	1024@Babes - Evelyn Claire - 我的美女邻居 (唯美,美鲍)
f1db63973b68bd1bf7a4ed78c639d5af1af5ae77	1491943731	1	哪吒之魔童降世.Nezha.Birth.of.the.Demon.Child.2019.WEB-DL.1080p.x265.10bit.HEVC.AC3.国语中字-AWKN.mp4
f120e6ef06c24b2b4c18fab11ff4378f28d1c68c	2833423470	61	Seven.Kingdoms.Conquest-RELOADED
f16369b5b3d311d2a8554873fea248834f170b8e	764939291	1	! ( NEW ) ! gay japan - [coat west] Wild Biz Dept.14 - Robbed of Uniforms!! Liaisons Swept (制服強奪!! 性掃情事) [WBZ16] (1 888 722 396).mp4
f17da37771f14bf10b119c3563f65894297b9eaa	5325008659	9	225-35
f137a4d82fc206cb0fe46424d3923d2e2f0776c4	51089598	1	[Ogawa Hidari] Ikenai Koto. 나쁜 짓. (COMIC LO 2015-02) [Korean] [팀 마에스트로].zip
f2ef392c981df4c454ee5c33606275e282498f34	992729908	12	SHKD-676.石原莉奈.脱獄者 石原莉奈
f22a2434168945003da7aef9cb890d593817ce3e	632467875	4	012828
f2abeb3484a5477d38ea8bfef78c25a7e56d2a5e	202721656	3	高颜值极品黑丝包臀裙性感援交美女酒店被土豪狠狠爆插,翘臀爆乳,风骚性感,操完一次又一次,淫叫不断!高清版!
f3722ffde3cd75e8038ae6f9a0a9342ceb597a19	7969879183	1	Stealth (2005) 1080p.mkv
f3ade990750052037abc15a957241e1a0bec96a0	1299629627	55	BF485AVI
f348157afc1687cce956355500403495968ebee1	34088085741	79	T《陀槍師姐Ⅳ》Arme.Reaction.Ⅳ.2004.GOTV-MKV W
f451bb5bc6e80826eb56a9405e54561813e22204	33161603470	32	Steel.Division.Normandy.44.Deluxe.Edition.Build.92304.Multi.6
f43f2129374a3224850dda3fe8255910fb3d8f3b	77155278	49	2018.12.12-FHD
f4d528f49f5d848c76bebe9fdced8fb306fd91d3	739062721	10	[P]经典唯美系列之三十一 Naked.Aces.4（赤裸王牌）
f531730b434b0f48ca76ccf108b3a7ef9b9e3c7d	311941948	1	103-19.zip
f577133a7a17ef641ac619fcc4d73f9bdf5372d3	246761848	3	扎两辫子俏皮可爱大学生美女提前创业在寝室无视室友露奶露逼直播刷跑可以约这对车大灯能玩一阵子对白清晰
f527d186c627063ef236ed2fa9403250d6ba75d4	7474754229	1648	CLEOPATRA II. THE LEGEND OF EROS
f52d4d09f2a9086fb722e0724dbe02bb4f6a07f2	782555006	1	[BoundGods.comKink.com] (38944) The Twisted Doctor's Punishment (Wolf Hudson & Micah Brandt).mp4
f68a8a228ac6eea60a154a6cbdb7bbfd7978489d	1621270328	9	225-17
f743208bebe777488762ce6037bf27761e1cb0de	2204779922	4	河东狮吼2.The.Lion.Roars.2.2012.HD720P.X264.AAC.Mandarin.CHS.Mp4Ba
f8797c47de760b947f0bd4bade3c363077414063	831423381	28	032411_01 by arsenal-fan
f89131c5608919ead1924d96a1e066d659c86acf	13885437211	2	The.Mist.2007.1080p.BluRay.DD.5.1.x264-DON
f93a78694ec67965c8b46de5ce14d21452232712	464927942	1	驯龙赛手的起源.Dawn.of.the.Dragon.Racers.1280x720-SLOMO.mp4
f9ba447a59873612c7e7f90eddb4e5d7be6b1f4a	21036324	24	Mom's Birthday (rewrite) [ENG]
f9f15a18a824d909f453379f70dcf1c0d0ddd163	196874596	1	Young Sheldon S04E10 Cowboy Aerobics and 473 Grease Free Bolts [1080p x265 10bit FS93 Joy].mkv
f9e73a49b8b1553c419bf93a6efc16e92d7bb9a2	271927672	3	短发韵味美女收费大秀身材苗条跳蛋插穴自慰很诱人
f9302abd43569572fe4ad1e2be710e184d1bc2bc	1455432757	4	Guardians.of.the.Galaxy.2014.1080p.BluRay.DTS.2Audio.x265-10bit-HDS
f9fe6ad8d1655cb31b7115e9336073a72df5a7fe	509444574	29	[Si] Sankarea by Hattori Mitsuru [English][SS][ongoing]
faefd2f4754b95025c53859bdf8932852252360f	1141958549	2	Maids E 13
fa9274ceaaa9a95fc8190196f9fe032f0ec97d38	2699248960	3	[22a.me]VIKG-194
fbe35333e1680488907926d99072e03f883e5d55	267452750	14	13 风吟鸟唱嫩模丝丝坐在沙发上玩逼拍写真被摄影师和导演弄到床上一个舔一个用手玩
fbc2fc9f23e4d3d955e64aefcae5ba5067381657	390070785	17	goldpuzjying@www.sexinsex.net@真希ちゃんとなう。～悶絶淫乱娘 三条真希編～
fbc657d0a6f79fcf6e1b232b8f5819fc9b861c65	954050036	6	www.lyrics.lol - Hot Ones The Game Show S01E10 1080p HEVC x265-MeGusta
fc7eb77be761639aa49cc6a97222b6f161990d2d	149942	1	Superstore S02 - Downloader.dmg
fd7294ab126f12615dda8fd30ccc8b7d7ba42900	2287185334	21	Everythings.Gonna.Be.Okay.S01.WEBRip.x264-ION10
fd984df868631d86cb19786f4444c25e28613e49	2539076306	10	Creme De La Creme
fd321a97f7d6fae5dccf0b54712845ef3f34b873	176507256	3	精品约啪系列高颜值肤白貌美的极品性感白领美女被大屌猛男各种姿势用力爆插,表情销魂淫荡,嗷嗷大叫,高清版
fd00986b4d2900a2384eadfcec326a1a8bfaadb2	732788736	1	Cheating Housewives №4.avi
fef2234c05a851d1fc3a3ba431c09dc1d03ed500	215304568	3	橙橙小萝莉萌妹学生制服黑绳捆绑自慰，白色丝袜自摸按摩器震动无毛逼逼
fe4ac1c0928b576138c9cdbf3ce7dbb0afa63a4b	3201919728	4	GrandParentsX.21.03.07.Carol.Red.And.Sharia.Venom.XXX.1080p.MP4-WRB[rarbg]
fece698f6b88c3f68efb729b2925f53ac4f78f9b	8531726323	4	机械师.2004.BluRay.1080p.x264.DTS-DI3SE
fedc2e18b7f76ec71ef4a911f4431710454247d9	443315892	1	heyzo-0320.mp4
ff9e3e7bad108598106f0a2cd9cf0d42d86fec3b	443209263	45	160508-去朋友家玩朋友出差嫂子寂寞给我来了段口活-7
ffa2a451f563f7ea6f159630a569dcc1a31eaa82	4934471442	61	adn113hhbhd
ffaae5251b0961c3b57e691925393010b7556ddb	244664696	3	【雪儿粉】网吧跳蛋大黑牛高潮淫水喷沙发椅子上,不知道别人闻着骚不骚
